"ko","outdegree","n_sig","all_inside","frac_targets_sig","network","col"
"A2M",774,1,TRUE,0,"MS microglia, control net","#1f6fb4"
"AAK1",705,1,TRUE,0,"MS microglia, control net","#1f6fb4"
"ABCA1",763,1,TRUE,0,"MS microglia, control net","#1f6fb4"
"ABCC4",736,1,TRUE,0,"MS microglia, control net","#1f6fb4"
"ABI1",742,1,TRUE,0,"MS microglia, control net","#1f6fb4"
"ABR",781,1,TRUE,0,"MS microglia, control net","#1f6fb4"
"AC007262.2",751,2,TRUE,0.00133155792276964,"MS microglia, control net","#1f6fb4"
"AC087564.1",691,1,TRUE,0,"MS microglia, control net","#1f6fb4"
"AC131944.1",774,1,TRUE,0,"MS microglia, control net","#1f6fb4"
"ACAP2",732,1,TRUE,0,"MS microglia, control net","#1f6fb4"
"ACER3",765,1,TRUE,0,"MS microglia, control net","#1f6fb4"
"ACSL1",786,1,TRUE,0,"MS microglia, control net","#1f6fb4"
"ACSL4",550,1,TRUE,0,"MS microglia, control net","#1f6fb4"
"ACTA2",500,1,TRUE,0,"MS microglia, control net","#1f6fb4"
"ACTB",773,1,TRUE,0,"MS microglia, control net","#1f6fb4"
"ACYP2",762,1,TRUE,0,"MS microglia, control net","#1f6fb4"
"ADAM10",738,1,TRUE,0,"MS microglia, control net","#1f6fb4"
"ADAM28",748,1,TRUE,0,"MS microglia, control net","#1f6fb4"
"ADAMTS17",686,1,TRUE,0,"MS microglia, control net","#1f6fb4"
"ADGRB3",780,1,TRUE,0,"MS microglia, control net","#1f6fb4"
"ADK",756,1,TRUE,0,"MS microglia, control net","#1f6fb4"
"AFF1",726,1,TRUE,0,"MS microglia, control net","#1f6fb4"
"AKAP13",758,1,TRUE,0,"MS microglia, control net","#1f6fb4"
"AKT3",760,1,TRUE,0,"MS microglia, control net","#1f6fb4"
"AL035446.2",753,1,TRUE,0,"MS microglia, control net","#1f6fb4"
"AL163541.1",779,1,TRUE,0,"MS microglia, control net","#1f6fb4"
"AL392172.2",677,1,TRUE,0,"MS microglia, control net","#1f6fb4"
"ALCAM",775,2,TRUE,0.00129032258064516,"MS microglia, control net","#1f6fb4"
"ALDH1A2",284,1,TRUE,0,"MS microglia, control net","#1f6fb4"
"ALPK1",753,1,TRUE,0,"MS microglia, control net","#1f6fb4"
"ANK2",761,1,TRUE,0,"MS microglia, control net","#1f6fb4"
"ANKRD11",751,2,TRUE,0.00133155792276964,"MS microglia, control net","#1f6fb4"
"ANKRD12",778,1,TRUE,0,"MS microglia, control net","#1f6fb4"
"ANKRD17",750,1,TRUE,0,"MS microglia, control net","#1f6fb4"
"ANKRD44",753,1,TRUE,0,"MS microglia, control net","#1f6fb4"
"ANKS1A",779,1,TRUE,0,"MS microglia, control net","#1f6fb4"
"ANOS1",713,1,TRUE,0,"MS microglia, control net","#1f6fb4"
"AOAH",729,1,TRUE,0,"MS microglia, control net","#1f6fb4"
"AP001977.1",657,3,TRUE,0.0030441400304414,"MS microglia, control net","#1f6fb4"
"AP3B1",715,1,TRUE,0,"MS microglia, control net","#1f6fb4"
"APBA1",724,1,TRUE,0,"MS microglia, control net","#1f6fb4"
"APBB1IP",783,1,TRUE,0,"MS microglia, control net","#1f6fb4"
"APOE",767,1,TRUE,0,"MS microglia, control net","#1f6fb4"
"ARHGAP12",747,1,TRUE,0,"MS microglia, control net","#1f6fb4"
"ARHGAP15",765,1,TRUE,0,"MS microglia, control net","#1f6fb4"
"ARHGAP18",761,1,TRUE,0,"MS microglia, control net","#1f6fb4"
"ARHGAP21",777,1,TRUE,0,"MS microglia, control net","#1f6fb4"
"ARHGAP22",593,1,TRUE,0,"MS microglia, control net","#1f6fb4"
"ARHGAP24",702,1,TRUE,0,"MS microglia, control net","#1f6fb4"
"ARHGAP25",790,1,TRUE,0,"MS microglia, control net","#1f6fb4"
"ARHGAP26",789,1,TRUE,0,"MS microglia, control net","#1f6fb4"
"ARHGAP6",750,1,TRUE,0,"MS microglia, control net","#1f6fb4"
"ARID1A",763,1,TRUE,0,"MS microglia, control net","#1f6fb4"
"ARID1B",738,1,TRUE,0,"MS microglia, control net","#1f6fb4"
"ARID2",460,1,TRUE,0,"MS microglia, control net","#1f6fb4"
"ARID4B",757,1,TRUE,0,"MS microglia, control net","#1f6fb4"
"ARID5B",751,1,TRUE,0,"MS microglia, control net","#1f6fb4"
"ARIH1",679,1,TRUE,0,"MS microglia, control net","#1f6fb4"
"ARL15",696,1,TRUE,0,"MS microglia, control net","#1f6fb4"
"ASAH1",770,1,TRUE,0,"MS microglia, control net","#1f6fb4"
"ASAP1",738,2,TRUE,0.0013550135501355,"MS microglia, control net","#1f6fb4"
"ASCC3",604,1,TRUE,0,"MS microglia, control net","#1f6fb4"
"ASH1L",703,1,TRUE,0,"MS microglia, control net","#1f6fb4"
"ASTN2",541,1,TRUE,0,"MS microglia, control net","#1f6fb4"
"ATF6",769,1,TRUE,0,"MS microglia, control net","#1f6fb4"
"ATF7IP",701,1,TRUE,0,"MS microglia, control net","#1f6fb4"
"ATG7",763,1,TRUE,0,"MS microglia, control net","#1f6fb4"
"ATM",688,1,TRUE,0,"MS microglia, control net","#1f6fb4"
"ATP1B3",753,1,TRUE,0,"MS microglia, control net","#1f6fb4"
"ATP2C1",769,1,TRUE,0,"MS microglia, control net","#1f6fb4"
"ATP8B4",741,1,TRUE,0,"MS microglia, control net","#1f6fb4"
"ATRX",669,1,TRUE,0,"MS microglia, control net","#1f6fb4"
"ATXN1",722,1,TRUE,0,"MS microglia, control net","#1f6fb4"
"AUTS2",741,1,TRUE,0,"MS microglia, control net","#1f6fb4"
"B2M",787,1,TRUE,0,"MS microglia, control net","#1f6fb4"
"BABAM2",710,1,TRUE,0,"MS microglia, control net","#1f6fb4"
"BACH1",771,1,TRUE,0,"MS microglia, control net","#1f6fb4"
"BASP1",740,1,TRUE,0,"MS microglia, control net","#1f6fb4"
"BAZ2B",776,1,TRUE,0,"MS microglia, control net","#1f6fb4"
"BBS9",768,1,TRUE,0,"MS microglia, control net","#1f6fb4"
"BBX",762,1,TRUE,0,"MS microglia, control net","#1f6fb4"
"BCAS3",766,1,TRUE,0,"MS microglia, control net","#1f6fb4"
"BCL2",729,1,TRUE,0,"MS microglia, control net","#1f6fb4"
"BHLHE41",780,1,TRUE,0,"MS microglia, control net","#1f6fb4"
"BIN1",788,1,TRUE,0,"MS microglia, control net","#1f6fb4"
"BIRC6",600,1,TRUE,0,"MS microglia, control net","#1f6fb4"
"BLNK",688,1,TRUE,0,"MS microglia, control net","#1f6fb4"
"BMP2K",762,1,TRUE,0,"MS microglia, control net","#1f6fb4"
"BMPR2",650,1,TRUE,0,"MS microglia, control net","#1f6fb4"
"BNC2",608,1,TRUE,0,"MS microglia, control net","#1f6fb4"
"BPTF",755,1,TRUE,0,"MS microglia, control net","#1f6fb4"
"BRAF",682,2,TRUE,0.00146627565982405,"MS microglia, control net","#1f6fb4"
"BRWD1",718,1,TRUE,0,"MS microglia, control net","#1f6fb4"
"BTBD9",744,1,TRUE,0,"MS microglia, control net","#1f6fb4"
"BTK",197,1,TRUE,0,"MS microglia, control net","#1f6fb4"
"C1QA",784,1,TRUE,0,"MS microglia, control net","#1f6fb4"
"C1QB",770,1,TRUE,0,"MS microglia, control net","#1f6fb4"
"C20orf194",754,1,TRUE,0,"MS microglia, control net","#1f6fb4"
"C3",787,1,TRUE,0,"MS microglia, control net","#1f6fb4"
"CAB39",725,1,TRUE,0,"MS microglia, control net","#1f6fb4"
"CACNA1A",760,1,TRUE,0,"MS microglia, control net","#1f6fb4"
"CACNA1D",768,1,TRUE,0,"MS microglia, control net","#1f6fb4"
"CADM1",775,1,TRUE,0,"MS microglia, control net","#1f6fb4"
"CAMK1D",759,1,TRUE,0,"MS microglia, control net","#1f6fb4"
"CAMK2D",496,1,TRUE,0,"MS microglia, control net","#1f6fb4"
"CAMKMT",389,1,TRUE,0,"MS microglia, control net","#1f6fb4"
"CAPZB",565,1,TRUE,0,"MS microglia, control net","#1f6fb4"
"CCDC18-AS1",705,1,TRUE,0,"MS microglia, control net","#1f6fb4"
"CCDC26",693,1,TRUE,0,"MS microglia, control net","#1f6fb4"
"CCDC88A",786,1,TRUE,0,"MS microglia, control net","#1f6fb4"
"CCDC91",725,1,TRUE,0,"MS microglia, control net","#1f6fb4"
"CCND3",775,1,TRUE,0,"MS microglia, control net","#1f6fb4"
"CCNH",775,1,TRUE,0,"MS microglia, control net","#1f6fb4"
"CCNY",736,1,TRUE,0,"MS microglia, control net","#1f6fb4"
"CD163",776,2,TRUE,0.00128865979381443,"MS microglia, control net","#1f6fb4"
"CD33",146,1,TRUE,0,"MS microglia, control net","#1f6fb4"
"CD74",771,1,TRUE,0,"MS microglia, control net","#1f6fb4"
"CD86",761,1,TRUE,0,"MS microglia, control net","#1f6fb4"
"CDK13",738,1,TRUE,0,"MS microglia, control net","#1f6fb4"
"CDK14",725,1,TRUE,0,"MS microglia, control net","#1f6fb4"
"CDK19",778,3,TRUE,0.0025706940874036,"MS microglia, control net","#1f6fb4"
"CDK6",722,1,TRUE,0,"MS microglia, control net","#1f6fb4"
"CDKAL1",699,1,TRUE,0,"MS microglia, control net","#1f6fb4"
"CELF1",762,1,TRUE,0,"MS microglia, control net","#1f6fb4"
"CELF2",783,1,TRUE,0,"MS microglia, control net","#1f6fb4"
"CEP170",623,1,TRUE,0,"MS microglia, control net","#1f6fb4"
"CEP350",656,1,TRUE,0,"MS microglia, control net","#1f6fb4"
"CERT1",736,1,TRUE,0,"MS microglia, control net","#1f6fb4"
"CFLAR",740,1,TRUE,0,"MS microglia, control net","#1f6fb4"
"CHD1",736,1,TRUE,0,"MS microglia, control net","#1f6fb4"
"CHD2",623,2,TRUE,0.00160513643659711,"MS microglia, control net","#1f6fb4"
"CHD7",566,1,TRUE,0,"MS microglia, control net","#1f6fb4"
"CHD9",727,1,TRUE,0,"MS microglia, control net","#1f6fb4"
"CHST11",790,1,TRUE,0,"MS microglia, control net","#1f6fb4"
"CHST15",743,2,TRUE,0.00134589502018843,"MS microglia, control net","#1f6fb4"
"CHSY1",785,1,TRUE,0,"MS microglia, control net","#1f6fb4"
"CHSY3",763,1,TRUE,0,"MS microglia, control net","#1f6fb4"
"CIITA",654,1,TRUE,0,"MS microglia, control net","#1f6fb4"
"CLASP1",745,1,TRUE,0,"MS microglia, control net","#1f6fb4"
"CLASP2",782,1,TRUE,0,"MS microglia, control net","#1f6fb4"
"CMIP",757,1,TRUE,0,"MS microglia, control net","#1f6fb4"
"CMSS1",630,1,TRUE,0,"MS microglia, control net","#1f6fb4"
"CNOT2",735,1,TRUE,0,"MS microglia, control net","#1f6fb4"
"COG5",661,1,TRUE,0,"MS microglia, control net","#1f6fb4"
"COMMD10",575,1,TRUE,0,"MS microglia, control net","#1f6fb4"
"COP1",717,1,TRUE,0,"MS microglia, control net","#1f6fb4"
"CPEB3",75,1,TRUE,0,"MS microglia, control net","#1f6fb4"
"CPEB4",780,1,TRUE,0,"MS microglia, control net","#1f6fb4"
"CPED1",749,1,TRUE,0,"MS microglia, control net","#1f6fb4"
"CPM",667,1,TRUE,0,"MS microglia, control net","#1f6fb4"
"CPQ",705,1,TRUE,0,"MS microglia, control net","#1f6fb4"
"CPVL",747,1,TRUE,0,"MS microglia, control net","#1f6fb4"
"CR1",754,2,TRUE,0.0013262599469496,"MS microglia, control net","#1f6fb4"
"CRADD",762,1,TRUE,0,"MS microglia, control net","#1f6fb4"
"CSF1R",754,1,TRUE,0,"MS microglia, control net","#1f6fb4"
"CSF2RA",762,1,TRUE,0,"MS microglia, control net","#1f6fb4"
"CSGALNACT1",769,1,TRUE,0,"MS microglia, control net","#1f6fb4"
"CSNK1A1",734,1,TRUE,0,"MS microglia, control net","#1f6fb4"
"CTBP2",728,1,TRUE,0,"MS microglia, control net","#1f6fb4"
"CTNNB1",742,1,TRUE,0,"MS microglia, control net","#1f6fb4"
"CTNND1",620,1,TRUE,0,"MS microglia, control net","#1f6fb4"
"CTSB",778,1,TRUE,0,"MS microglia, control net","#1f6fb4"
"CTSD",778,1,TRUE,0,"MS microglia, control net","#1f6fb4"
"CTTNBP2",741,1,TRUE,0,"MS microglia, control net","#1f6fb4"
"CUX1",750,1,TRUE,0,"MS microglia, control net","#1f6fb4"
"CX3CR1",783,1,TRUE,0,"MS microglia, control net","#1f6fb4"
"CYBB",524,1,TRUE,0,"MS microglia, control net","#1f6fb4"
"CYFIP1",788,1,TRUE,0,"MS microglia, control net","#1f6fb4"
"CYTH1",688,1,TRUE,0,"MS microglia, control net","#1f6fb4"
"DCAF6",601,1,TRUE,0,"MS microglia, control net","#1f6fb4"
"DDX17",775,2,TRUE,0.00129032258064516,"MS microglia, control net","#1f6fb4"
"DDX5",752,1,TRUE,0,"MS microglia, control net","#1f6fb4"
"DENND1A",705,1,TRUE,0,"MS microglia, control net","#1f6fb4"
"DENND3",771,1,TRUE,0,"MS microglia, control net","#1f6fb4"
"DENND4A",641,1,TRUE,0,"MS microglia, control net","#1f6fb4"
"DENND4C",715,1,TRUE,0,"MS microglia, control net","#1f6fb4"
"DIAPH2",543,1,TRUE,0,"MS microglia, control net","#1f6fb4"
"DIP2B",763,1,TRUE,0,"MS microglia, control net","#1f6fb4"
"DIRC3",764,1,TRUE,0,"MS microglia, control net","#1f6fb4"
"DISC1",754,1,TRUE,0,"MS microglia, control net","#1f6fb4"
"DISP1",752,1,TRUE,0,"MS microglia, control net","#1f6fb4"
"DLEU1",770,1,TRUE,0,"MS microglia, control net","#1f6fb4"
"DLEU2",765,1,TRUE,0,"MS microglia, control net","#1f6fb4"
"DLG1",783,1,TRUE,0,"MS microglia, control net","#1f6fb4"
"DLG2",770,1,TRUE,0,"MS microglia, control net","#1f6fb4"
"DMXL2",663,1,TRUE,0,"MS microglia, control net","#1f6fb4"
"DOCK10",779,1,TRUE,0,"MS microglia, control net","#1f6fb4"
"DOCK11",687,1,TRUE,0,"MS microglia, control net","#1f6fb4"
"DOCK2",663,1,TRUE,0,"MS microglia, control net","#1f6fb4"
"DOCK4",785,1,TRUE,0,"MS microglia, control net","#1f6fb4"
"DOCK5",783,2,TRUE,0.00127713920817369,"MS microglia, control net","#1f6fb4"
"DOCK8",641,1,TRUE,0,"MS microglia, control net","#1f6fb4"
"DPYD",771,1,TRUE,0,"MS microglia, control net","#1f6fb4"
"DSCAM",748,1,TRUE,0,"MS microglia, control net","#1f6fb4"
"DST",787,1,TRUE,0,"MS microglia, control net","#1f6fb4"
"DTNA",766,1,TRUE,0,"MS microglia, control net","#1f6fb4"
"DTNB",724,1,TRUE,0,"MS microglia, control net","#1f6fb4"
"DYM",496,3,TRUE,0.00403225806451613,"MS microglia, control net","#1f6fb4"
"DYRK1A",733,1,TRUE,0,"MS microglia, control net","#1f6fb4"
"EDA",652,1,TRUE,0,"MS microglia, control net","#1f6fb4"
"EEF1A1",762,1,TRUE,0,"MS microglia, control net","#1f6fb4"
"EIF4G3",776,1,TRUE,0,"MS microglia, control net","#1f6fb4"
"ELF1",692,2,TRUE,0.00144508670520231,"MS microglia, control net","#1f6fb4"
"ELF2",416,1,TRUE,0,"MS microglia, control net","#1f6fb4"
"ELL2",786,1,TRUE,0,"MS microglia, control net","#1f6fb4"
"ELMO1",770,1,TRUE,0,"MS microglia, control net","#1f6fb4"
"EML4",773,1,TRUE,0,"MS microglia, control net","#1f6fb4"
"ENTPD1",600,1,TRUE,0,"MS microglia, control net","#1f6fb4"
"EPB41L2",768,1,TRUE,0,"MS microglia, control net","#1f6fb4"
"EPB41L3",778,1,TRUE,0,"MS microglia, control net","#1f6fb4"
"EPS15",776,1,TRUE,0,"MS microglia, control net","#1f6fb4"
"EPS8",697,1,TRUE,0,"MS microglia, control net","#1f6fb4"
"EPSTI1",666,1,TRUE,0,"MS microglia, control net","#1f6fb4"
"ERBIN",784,1,TRUE,0,"MS microglia, control net","#1f6fb4"
"ERC1",702,1,TRUE,0,"MS microglia, control net","#1f6fb4"
"ERC2",779,1,TRUE,0,"MS microglia, control net","#1f6fb4"
"ETV6",785,1,TRUE,0,"MS microglia, control net","#1f6fb4"
"EVI5",760,1,TRUE,0,"MS microglia, control net","#1f6fb4"
"EVL",363,1,TRUE,0,"MS microglia, control net","#1f6fb4"
"EXOC4",682,1,TRUE,0,"MS microglia, control net","#1f6fb4"
"EXOC6B",766,2,TRUE,0.00130548302872063,"MS microglia, control net","#1f6fb4"
"F13A1",770,2,TRUE,0.0012987012987013,"MS microglia, control net","#1f6fb4"
"FAF1",746,1,TRUE,0,"MS microglia, control net","#1f6fb4"
"FAM110B",788,1,TRUE,0,"MS microglia, control net","#1f6fb4"
"FAM135A",738,1,TRUE,0,"MS microglia, control net","#1f6fb4"
"FAM135B",4,5,TRUE,1,"MS microglia, control net","#1f6fb4"
"FAM13A",781,1,TRUE,0,"MS microglia, control net","#1f6fb4"
"FAM149A",754,1,TRUE,0,"MS microglia, control net","#1f6fb4"
"FAM168A",695,1,TRUE,0,"MS microglia, control net","#1f6fb4"
"FAM172A",737,1,TRUE,0,"MS microglia, control net","#1f6fb4"
"FAM49A",785,1,TRUE,0,"MS microglia, control net","#1f6fb4"
"FAM49B",762,1,TRUE,0,"MS microglia, control net","#1f6fb4"
"FAR2",653,1,TRUE,0,"MS microglia, control net","#1f6fb4"
"FARP1",743,1,TRUE,0,"MS microglia, control net","#1f6fb4"
"FARS2",585,1,TRUE,0,"MS microglia, control net","#1f6fb4"
"FBXL17",336,1,TRUE,0,"MS microglia, control net","#1f6fb4"
"FBXO11",728,1,TRUE,0,"MS microglia, control net","#1f6fb4"
"FBXW7",604,2,TRUE,0.00165562913907285,"MS microglia, control net","#1f6fb4"
"FCGBP",571,1,TRUE,0,"MS microglia, control net","#1f6fb4"
"FCHO2",713,1,TRUE,0,"MS microglia, control net","#1f6fb4"
"FCHSD2",713,1,TRUE,0,"MS microglia, control net","#1f6fb4"
"FER",734,2,TRUE,0.00136239782016349,"MS microglia, control net","#1f6fb4"
"FGD4",589,2,TRUE,0.00169779286926995,"MS microglia, control net","#1f6fb4"
"FHIT",679,1,TRUE,0,"MS microglia, control net","#1f6fb4"
"FKBP5",773,1,TRUE,0,"MS microglia, control net","#1f6fb4"
"FLI1",697,1,TRUE,0,"MS microglia, control net","#1f6fb4"
"FMN1",765,1,TRUE,0,"MS microglia, control net","#1f6fb4"
"FMNL2",757,2,TRUE,0.00132100396301189,"MS microglia, control net","#1f6fb4"
"FMNL3",697,1,TRUE,0,"MS microglia, control net","#1f6fb4"
"FNDC3A",724,1,TRUE,0,"MS microglia, control net","#1f6fb4"
"FNDC3B",587,1,TRUE,0,"MS microglia, control net","#1f6fb4"
"FNIP1",738,1,TRUE,0,"MS microglia, control net","#1f6fb4"
"FNIP2",734,1,TRUE,0,"MS microglia, control net","#1f6fb4"
"FOXN3",734,1,TRUE,0,"MS microglia, control net","#1f6fb4"
"FOXO3",765,1,TRUE,0,"MS microglia, control net","#1f6fb4"
"FOXP1",769,1,TRUE,0,"MS microglia, control net","#1f6fb4"
"FOXP2",583,1,TRUE,0,"MS microglia, control net","#1f6fb4"
"FRMD4A",778,1,TRUE,0,"MS microglia, control net","#1f6fb4"
"FRMD4B",776,1,TRUE,0,"MS microglia, control net","#1f6fb4"
"FRYL",780,1,TRUE,0,"MS microglia, control net","#1f6fb4"
"FTH1",768,1,TRUE,0,"MS microglia, control net","#1f6fb4"
"FTL",774,1,TRUE,0,"MS microglia, control net","#1f6fb4"
"FTO",544,1,TRUE,0,"MS microglia, control net","#1f6fb4"
"FTX",770,1,TRUE,0,"MS microglia, control net","#1f6fb4"
"FYB1",651,1,TRUE,0,"MS microglia, control net","#1f6fb4"
"GAB1",784,2,TRUE,0.00127551020408163,"MS microglia, control net","#1f6fb4"
"GAB2",715,1,TRUE,0,"MS microglia, control net","#1f6fb4"
"GALNT10",710,1,TRUE,0,"MS microglia, control net","#1f6fb4"
"GALNT2",748,1,TRUE,0,"MS microglia, control net","#1f6fb4"
"GALNTL6",701,1,TRUE,0,"MS microglia, control net","#1f6fb4"
"GAS7",764,1,TRUE,0,"MS microglia, control net","#1f6fb4"
"GK",765,1,TRUE,0,"MS microglia, control net","#1f6fb4"
"GLDN",762,1,TRUE,0,"MS microglia, control net","#1f6fb4"
"GLS",708,1,TRUE,0,"MS microglia, control net","#1f6fb4"
"GMDS",305,1,TRUE,0,"MS microglia, control net","#1f6fb4"
"GMDS-DT",436,1,TRUE,0,"MS microglia, control net","#1f6fb4"
"GNA13",788,1,TRUE,0,"MS microglia, control net","#1f6fb4"
"GNAQ",752,1,TRUE,0,"MS microglia, control net","#1f6fb4"
"GNB1",760,1,TRUE,0,"MS microglia, control net","#1f6fb4"
"GNB4",758,1,TRUE,0,"MS microglia, control net","#1f6fb4"
"GNG7",777,1,TRUE,0,"MS microglia, control net","#1f6fb4"
"GOLGA4",788,1,TRUE,0,"MS microglia, control net","#1f6fb4"
"GPD2",713,1,TRUE,0,"MS microglia, control net","#1f6fb4"
"GPHN",776,2,TRUE,0.00128865979381443,"MS microglia, control net","#1f6fb4"
"GPNMB",774,1,TRUE,0,"MS microglia, control net","#1f6fb4"
"GPRIN3",736,1,TRUE,0,"MS microglia, control net","#1f6fb4"
"GRAMD1B",768,1,TRUE,0,"MS microglia, control net","#1f6fb4"
"GRB2",745,1,TRUE,0,"MS microglia, control net","#1f6fb4"
"GRID2",760,1,TRUE,0,"MS microglia, control net","#1f6fb4"
"GRK3",724,1,TRUE,0,"MS microglia, control net","#1f6fb4"
"GSAP",694,1,TRUE,0,"MS microglia, control net","#1f6fb4"
"GSK3B",734,1,TRUE,0,"MS microglia, control net","#1f6fb4"
"GSN",754,1,TRUE,0,"MS microglia, control net","#1f6fb4"
"GTDC1",770,1,TRUE,0,"MS microglia, control net","#1f6fb4"
"H2AFY",759,1,TRUE,0,"MS microglia, control net","#1f6fb4"
"HCLS1",634,1,TRUE,0,"MS microglia, control net","#1f6fb4"
"HDAC8",513,1,TRUE,0,"MS microglia, control net","#1f6fb4"
"HDAC9",773,1,TRUE,0,"MS microglia, control net","#1f6fb4"
"HELZ",725,2,TRUE,0.00137931034482759,"MS microglia, control net","#1f6fb4"
"HERC1",616,1,TRUE,0,"MS microglia, control net","#1f6fb4"
"HERC4",578,1,TRUE,0,"MS microglia, control net","#1f6fb4"
"HIF1A",792,1,TRUE,0,"MS microglia, control net","#1f6fb4"
"HIST1H2AC",791,1,TRUE,0,"MS microglia, control net","#1f6fb4"
"HIVEP3",786,1,TRUE,0,"MS microglia, control net","#1f6fb4"
"HLA-DRA",781,1,TRUE,0,"MS microglia, control net","#1f6fb4"
"HLA-DRB1",696,1,TRUE,0,"MS microglia, control net","#1f6fb4"
"HNRNPA2B1",748,1,TRUE,0,"MS microglia, control net","#1f6fb4"
"HNRNPC",701,1,TRUE,0,"MS microglia, control net","#1f6fb4"
"HNRNPU",768,1,TRUE,0,"MS microglia, control net","#1f6fb4"
"HS3ST4",767,1,TRUE,0,"MS microglia, control net","#1f6fb4"
"HSP90AA1",713,1,TRUE,0,"MS microglia, control net","#1f6fb4"
"IFI16",763,1,TRUE,0,"MS microglia, control net","#1f6fb4"
"IFI44L",745,1,TRUE,0,"MS microglia, control net","#1f6fb4"
"IFNGR1",784,1,TRUE,0,"MS microglia, control net","#1f6fb4"
"IFNGR2",734,1,TRUE,0,"MS microglia, control net","#1f6fb4"
"IGF1R",735,1,TRUE,0,"MS microglia, control net","#1f6fb4"
"IGSF21",789,1,TRUE,0,"MS microglia, control net","#1f6fb4"
"IKZF1",785,1,TRUE,0,"MS microglia, control net","#1f6fb4"
"IL10RA",753,1,TRUE,0,"MS microglia, control net","#1f6fb4"
"IL13RA1",771,1,TRUE,0,"MS microglia, control net","#1f6fb4"
"IL6ST",742,1,TRUE,0,"MS microglia, control net","#1f6fb4"
"IMMP2L",692,1,TRUE,0,"MS microglia, control net","#1f6fb4"
"INPP4A",778,1,TRUE,0,"MS microglia, control net","#1f6fb4"
"INPP5D",773,1,TRUE,0,"MS microglia, control net","#1f6fb4"
"IPCEF1",779,1,TRUE,0,"MS microglia, control net","#1f6fb4"
"IQCJ-SCHIP1",571,1,TRUE,0,"MS microglia, control net","#1f6fb4"
"IQGAP2",751,1,TRUE,0,"MS microglia, control net","#1f6fb4"
"IRAK3",715,1,TRUE,0,"MS microglia, control net","#1f6fb4"
"IRF8",768,1,TRUE,0,"MS microglia, control net","#1f6fb4"
"IRS2",744,1,TRUE,0,"MS microglia, control net","#1f6fb4"
"ITFG1",699,1,TRUE,0,"MS microglia, control net","#1f6fb4"
"ITGAV",773,1,TRUE,0,"MS microglia, control net","#1f6fb4"
"ITGAX",751,1,TRUE,0,"MS microglia, control net","#1f6fb4"
"ITM2B",778,1,TRUE,0,"MS microglia, control net","#1f6fb4"
"ITPR1",689,1,TRUE,0,"MS microglia, control net","#1f6fb4"
"ITPR2",781,1,TRUE,0,"MS microglia, control net","#1f6fb4"
"ITSN2",714,1,TRUE,0,"MS microglia, control net","#1f6fb4"
"JAK1",749,1,TRUE,0,"MS microglia, control net","#1f6fb4"
"JAK2",356,1,TRUE,0,"MS microglia, control net","#1f6fb4"
"JARID2",734,1,TRUE,0,"MS microglia, control net","#1f6fb4"
"JAZF1",775,1,TRUE,0,"MS microglia, control net","#1f6fb4"
"JMJD1C",745,1,TRUE,0,"MS microglia, control net","#1f6fb4"
"KANSL1",769,1,TRUE,0,"MS microglia, control net","#1f6fb4"
"KAT6A",729,1,TRUE,0,"MS microglia, control net","#1f6fb4"
"KCNIP1",762,1,TRUE,0,"MS microglia, control net","#1f6fb4"
"KCNK13",760,1,TRUE,0,"MS microglia, control net","#1f6fb4"
"KCNMA1",774,1,TRUE,0,"MS microglia, control net","#1f6fb4"
"KCNQ3",767,1,TRUE,0,"MS microglia, control net","#1f6fb4"
"KCTD12",780,1,TRUE,0,"MS microglia, control net","#1f6fb4"
"KDM2A",646,1,TRUE,0,"MS microglia, control net","#1f6fb4"
"KDM4C",747,2,TRUE,0.00133868808567604,"MS microglia, control net","#1f6fb4"
"KDM6A",194,1,TRUE,0,"MS microglia, control net","#1f6fb4"
"KHDRBS3",715,1,TRUE,0,"MS microglia, control net","#1f6fb4"
"KIAA1109",681,2,TRUE,0.00146842878120411,"MS microglia, control net","#1f6fb4"
"KIF16B",468,1,TRUE,0,"MS microglia, control net","#1f6fb4"
"KLHL6",762,1,TRUE,0,"MS microglia, control net","#1f6fb4"
"KMT2C",741,1,TRUE,0,"MS microglia, control net","#1f6fb4"
"KMT2E",496,1,TRUE,0,"MS microglia, control net","#1f6fb4"
"KYNU",752,1,TRUE,0,"MS microglia, control net","#1f6fb4"
"L3MBTL4",723,1,TRUE,0,"MS microglia, control net","#1f6fb4"
"LAPTM5",744,1,TRUE,0,"MS microglia, control net","#1f6fb4"
"LCOR",729,1,TRUE,0,"MS microglia, control net","#1f6fb4"
"LCORL",635,1,TRUE,0,"MS microglia, control net","#1f6fb4"
"LDLRAD4",787,1,TRUE,0,"MS microglia, control net","#1f6fb4"
"LHFPL2",782,1,TRUE,0,"MS microglia, control net","#1f6fb4"
"LIMS1",640,1,TRUE,0,"MS microglia, control net","#1f6fb4"
"LINC00278",776,1,TRUE,0,"MS microglia, control net","#1f6fb4"
"LINC01091",778,1,TRUE,0,"MS microglia, control net","#1f6fb4"
"LINC01374",672,1,TRUE,0,"MS microglia, control net","#1f6fb4"
"LINC01473",742,1,TRUE,0,"MS microglia, control net","#1f6fb4"
"LINC02232",763,1,TRUE,0,"MS microglia, control net","#1f6fb4"
"LINC02798",779,1,TRUE,0,"MS microglia, control net","#1f6fb4"
"LNCAROD",719,1,TRUE,0,"MS microglia, control net","#1f6fb4"
"LPCAT2",778,1,TRUE,0,"MS microglia, control net","#1f6fb4"
"LPP",711,1,TRUE,0,"MS microglia, control net","#1f6fb4"
"LRBA",733,1,TRUE,0,"MS microglia, control net","#1f6fb4"
"LRCH1",744,1,TRUE,0,"MS microglia, control net","#1f6fb4"
"LRMDA",757,1,TRUE,0,"MS microglia, control net","#1f6fb4"
"LRRC4C",741,1,TRUE,0,"MS microglia, control net","#1f6fb4"
"LRRC8D",732,1,TRUE,0,"MS microglia, control net","#1f6fb4"
"LRRK1",767,1,TRUE,0,"MS microglia, control net","#1f6fb4"
"LRRK2",719,1,TRUE,0,"MS microglia, control net","#1f6fb4"
"LY86",673,1,TRUE,0,"MS microglia, control net","#1f6fb4"
"LYN",654,1,TRUE,0,"MS microglia, control net","#1f6fb4"
"LYST",696,1,TRUE,0,"MS microglia, control net","#1f6fb4"
"MACF1",782,1,TRUE,0,"MS microglia, control net","#1f6fb4"
"MACROD2",759,1,TRUE,0,"MS microglia, control net","#1f6fb4"
"MAF",775,1,TRUE,0,"MS microglia, control net","#1f6fb4"
"MALAT1",788,1,TRUE,0,"MS microglia, control net","#1f6fb4"
"MAML2",758,1,TRUE,0,"MS microglia, control net","#1f6fb4"
"MAML3",590,1,TRUE,0,"MS microglia, control net","#1f6fb4"
"MAN1A1",774,1,TRUE,0,"MS microglia, control net","#1f6fb4"
"MAN1C1",706,1,TRUE,0,"MS microglia, control net","#1f6fb4"
"MAN2A1",782,2,TRUE,0.00127877237851662,"MS microglia, control net","#1f6fb4"
"MANBA",763,1,TRUE,0,"MS microglia, control net","#1f6fb4"
"MAP3K2",646,1,TRUE,0,"MS microglia, control net","#1f6fb4"
"MAP3K5",766,1,TRUE,0,"MS microglia, control net","#1f6fb4"
"MAP4K3",713,1,TRUE,0,"MS microglia, control net","#1f6fb4"
"MAP4K4",772,1,TRUE,0,"MS microglia, control net","#1f6fb4"
"MAPKAP1",671,1,TRUE,0,"MS microglia, control net","#1f6fb4"
"MARCH1",792,1,TRUE,0,"MS microglia, control net","#1f6fb4"
"MARCH3",674,1,TRUE,0,"MS microglia, control net","#1f6fb4"
"MARK3",710,1,TRUE,0,"MS microglia, control net","#1f6fb4"
"MBD5",765,1,TRUE,0,"MS microglia, control net","#1f6fb4"
"MBNL1",731,1,TRUE,0,"MS microglia, control net","#1f6fb4"
"MBNL2",783,2,TRUE,0.00127713920817369,"MS microglia, control net","#1f6fb4"
"MBP",783,2,TRUE,0.00127713920817369,"MS microglia, control net","#1f6fb4"
"MED13L",733,1,TRUE,0,"MS microglia, control net","#1f6fb4"
"MEF2A",727,1,TRUE,0,"MS microglia, control net","#1f6fb4"
"MEF2C",674,1,TRUE,0,"MS microglia, control net","#1f6fb4"
"MEF2C-AS1",345,1,TRUE,0,"MS microglia, control net","#1f6fb4"
"MERTK",757,1,TRUE,0,"MS microglia, control net","#1f6fb4"
"MGAT4A",768,1,TRUE,0,"MS microglia, control net","#1f6fb4"
"MGAT5",766,1,TRUE,0,"MS microglia, control net","#1f6fb4"
"MIR181A1HG",773,1,TRUE,0,"MS microglia, control net","#1f6fb4"
"MIR646HG",669,1,TRUE,0,"MS microglia, control net","#1f6fb4"
"MIR99AHG",777,1,TRUE,0,"MS microglia, control net","#1f6fb4"
"MITF",760,1,TRUE,0,"MS microglia, control net","#1f6fb4"
"MKLN1",760,1,TRUE,0,"MS microglia, control net","#1f6fb4"
"MLLT10",730,1,TRUE,0,"MS microglia, control net","#1f6fb4"
"MRTFA",705,1,TRUE,0,"MS microglia, control net","#1f6fb4"
"MS4A4A",755,1,TRUE,0,"MS microglia, control net","#1f6fb4"
"MS4A6A",759,1,TRUE,0,"MS microglia, control net","#1f6fb4"
"MSI2",771,1,TRUE,0,"MS microglia, control net","#1f6fb4"
"MSR1",772,1,TRUE,0,"MS microglia, control net","#1f6fb4"
"MTHFD1L",629,1,TRUE,0,"MS microglia, control net","#1f6fb4"
"MTSS1",780,4,TRUE,0.00384615384615385,"MS microglia, control net","#1f6fb4"
"MVB12B",768,1,TRUE,0,"MS microglia, control net","#1f6fb4"
"MYCBP2",732,1,TRUE,0,"MS microglia, control net","#1f6fb4"
"MYO1D",767,3,TRUE,0.00260756192959583,"MS microglia, control net","#1f6fb4"
"MYO1E",738,3,TRUE,0.002710027100271,"MS microglia, control net","#1f6fb4"
"MYO1F",768,1,TRUE,0,"MS microglia, control net","#1f6fb4"
"MYO5A",783,1,TRUE,0,"MS microglia, control net","#1f6fb4"
"MYO9B",746,1,TRUE,0,"MS microglia, control net","#1f6fb4"
"N4BP2L2",782,2,TRUE,0.00127877237851662,"MS microglia, control net","#1f6fb4"
"NAALADL2",772,1,TRUE,0,"MS microglia, control net","#1f6fb4"
"NAMPT",785,1,TRUE,0,"MS microglia, control net","#1f6fb4"
"NAV2",741,1,TRUE,0,"MS microglia, control net","#1f6fb4"
"NAV3",780,1,TRUE,0,"MS microglia, control net","#1f6fb4"
"NBEA",756,1,TRUE,0,"MS microglia, control net","#1f6fb4"
"NCK2",782,1,TRUE,0,"MS microglia, control net","#1f6fb4"
"NCKAP5",778,1,TRUE,0,"MS microglia, control net","#1f6fb4"
"NCOA1",674,1,TRUE,0,"MS microglia, control net","#1f6fb4"
"NCOA2",754,1,TRUE,0,"MS microglia, control net","#1f6fb4"
"NCOA3",772,1,TRUE,0,"MS microglia, control net","#1f6fb4"
"NEAT1",782,1,TRUE,0,"MS microglia, control net","#1f6fb4"
"NEDD4L",721,1,TRUE,0,"MS microglia, control net","#1f6fb4"
"NEK7",738,1,TRUE,0,"MS microglia, control net","#1f6fb4"
"NF1",651,1,TRUE,0,"MS microglia, control net","#1f6fb4"
"NFAT5",691,1,TRUE,0,"MS microglia, control net","#1f6fb4"
"NFATC2",786,1,TRUE,0,"MS microglia, control net","#1f6fb4"
"NFIA",782,2,TRUE,0.00127877237851662,"MS microglia, control net","#1f6fb4"
"NFKB1",554,1,TRUE,0,"MS microglia, control net","#1f6fb4"
"NHSL1",760,1,TRUE,0,"MS microglia, control net","#1f6fb4"
"NIBAN1",775,1,TRUE,0,"MS microglia, control net","#1f6fb4"
"NIPBL",686,1,TRUE,0,"MS microglia, control net","#1f6fb4"
"NLK",782,2,TRUE,0.00127877237851662,"MS microglia, control net","#1f6fb4"
"NPAS3",768,2,TRUE,0.00130208333333333,"MS microglia, control net","#1f6fb4"
"NPL",746,1,TRUE,0,"MS microglia, control net","#1f6fb4"
"NR3C1",703,1,TRUE,0,"MS microglia, control net","#1f6fb4"
"NR3C2",704,1,TRUE,0,"MS microglia, control net","#1f6fb4"
"NRIP1",694,1,TRUE,0,"MS microglia, control net","#1f6fb4"
"NSMCE2",572,1,TRUE,0,"MS microglia, control net","#1f6fb4"
"NUMB",706,1,TRUE,0,"MS microglia, control net","#1f6fb4"
"OSBPL1A",784,1,TRUE,0,"MS microglia, control net","#1f6fb4"
"OSBPL3",715,1,TRUE,0,"MS microglia, control net","#1f6fb4"
"OSBPL8",706,1,TRUE,0,"MS microglia, control net","#1f6fb4"
"OXR1",743,1,TRUE,0,"MS microglia, control net","#1f6fb4"
"P2RY12",748,1,TRUE,0,"MS microglia, control net","#1f6fb4"
"P4HA1",763,1,TRUE,0,"MS microglia, control net","#1f6fb4"
"PABPC1",677,1,TRUE,0,"MS microglia, control net","#1f6fb4"
"PACS1",632,1,TRUE,0,"MS microglia, control net","#1f6fb4"
"PADI2",789,1,TRUE,0,"MS microglia, control net","#1f6fb4"
"PAG1",776,1,TRUE,0,"MS microglia, control net","#1f6fb4"
"PALD1",769,1,TRUE,0,"MS microglia, control net","#1f6fb4"
"PAN3",700,1,TRUE,0,"MS microglia, control net","#1f6fb4"
"PARP14",725,1,TRUE,0,"MS microglia, control net","#1f6fb4"
"PARP8",724,2,TRUE,0.00138121546961326,"MS microglia, control net","#1f6fb4"
"PBX3",717,1,TRUE,0,"MS microglia, control net","#1f6fb4"
"PCCA",731,1,TRUE,0,"MS microglia, control net","#1f6fb4"
"PCDH9",765,1,TRUE,0,"MS microglia, control net","#1f6fb4"
"PCM1",759,1,TRUE,0,"MS microglia, control net","#1f6fb4"
"PCNX2",650,1,TRUE,0,"MS microglia, control net","#1f6fb4"
"PDE3B",770,1,TRUE,0,"MS microglia, control net","#1f6fb4"
"PDE4B",784,1,TRUE,0,"MS microglia, control net","#1f6fb4"
"PDE4D",772,1,TRUE,0,"MS microglia, control net","#1f6fb4"
"PDE8A",783,1,TRUE,0,"MS microglia, control net","#1f6fb4"
"PDGFC",759,1,TRUE,0,"MS microglia, control net","#1f6fb4"
"PDS5B",589,1,TRUE,0,"MS microglia, control net","#1f6fb4"
"PEAK1",771,1,TRUE,0,"MS microglia, control net","#1f6fb4"
"PECAM1",696,1,TRUE,0,"MS microglia, control net","#1f6fb4"
"PELI1",775,1,TRUE,0,"MS microglia, control net","#1f6fb4"
"PELI2",737,1,TRUE,0,"MS microglia, control net","#1f6fb4"
"PFKFB3",786,1,TRUE,0,"MS microglia, control net","#1f6fb4"
"PHACTR2",277,1,TRUE,0,"MS microglia, control net","#1f6fb4"
"PHC2",740,1,TRUE,0,"MS microglia, control net","#1f6fb4"
"PHC3",660,1,TRUE,0,"MS microglia, control net","#1f6fb4"
"PHF21A",706,1,TRUE,0,"MS microglia, control net","#1f6fb4"
"PHIP",602,1,TRUE,0,"MS microglia, control net","#1f6fb4"
"PIAS1",682,1,TRUE,0,"MS microglia, control net","#1f6fb4"
"PICALM",766,1,TRUE,0,"MS microglia, control net","#1f6fb4"
"PIK3AP1",779,1,TRUE,0,"MS microglia, control net","#1f6fb4"
"PIK3R1",664,1,TRUE,0,"MS microglia, control net","#1f6fb4"
"PIK3R5",484,1,TRUE,0,"MS microglia, control net","#1f6fb4"
"PIP4K2A",784,2,TRUE,0.00127551020408163,"MS microglia, control net","#1f6fb4"
"PKN2",613,1,TRUE,0,"MS microglia, control net","#1f6fb4"
"PLCG2",732,1,TRUE,0,"MS microglia, control net","#1f6fb4"
"PLCL1",753,1,TRUE,0,"MS microglia, control net","#1f6fb4"
"PLCL2",739,1,TRUE,0,"MS microglia, control net","#1f6fb4"
"PLSCR1",737,1,TRUE,0,"MS microglia, control net","#1f6fb4"
"PLXDC2",745,1,TRUE,0,"MS microglia, control net","#1f6fb4"
"PNISR",742,1,TRUE,0,"MS microglia, control net","#1f6fb4"
"POU2F1",687,1,TRUE,0,"MS microglia, control net","#1f6fb4"
"PPARD",777,1,TRUE,0,"MS microglia, control net","#1f6fb4"
"PPARG",716,1,TRUE,0,"MS microglia, control net","#1f6fb4"
"PPM1L",701,1,TRUE,0,"MS microglia, control net","#1f6fb4"
"PPP1R12A",686,1,TRUE,0,"MS microglia, control net","#1f6fb4"
"PPP2R5C",732,1,TRUE,0,"MS microglia, control net","#1f6fb4"
"PPP3CA",710,1,TRUE,0,"MS microglia, control net","#1f6fb4"
"PPP6R3",602,1,TRUE,0,"MS microglia, control net","#1f6fb4"
"PREX1",777,1,TRUE,0,"MS microglia, control net","#1f6fb4"
"PRKAG2",780,1,TRUE,0,"MS microglia, control net","#1f6fb4"
"PRKCA",773,1,TRUE,0,"MS microglia, control net","#1f6fb4"
"PRKCB",711,1,TRUE,0,"MS microglia, control net","#1f6fb4"
"PRKCE",669,1,TRUE,0,"MS microglia, control net","#1f6fb4"
"PRKCH",663,1,TRUE,0,"MS microglia, control net","#1f6fb4"
"PRKN",711,1,TRUE,0,"MS microglia, control net","#1f6fb4"
"PRRC2C",689,1,TRUE,0,"MS microglia, control net","#1f6fb4"
"PSAP",782,1,TRUE,0,"MS microglia, control net","#1f6fb4"
"PSMA1",688,1,TRUE,0,"MS microglia, control net","#1f6fb4"
"PTBP3",650,1,TRUE,0,"MS microglia, control net","#1f6fb4"
"PTEN",615,1,TRUE,0,"MS microglia, control net","#1f6fb4"
"PTK2",781,1,TRUE,0,"MS microglia, control net","#1f6fb4"
"PTPN2",772,1,TRUE,0,"MS microglia, control net","#1f6fb4"
"PTPRC",640,1,TRUE,0,"MS microglia, control net","#1f6fb4"
"PTPRE",780,1,TRUE,0,"MS microglia, control net","#1f6fb4"
"PTPRG",719,2,TRUE,0.00139082058414465,"MS microglia, control net","#1f6fb4"
"PTPRJ",776,1,TRUE,0,"MS microglia, control net","#1f6fb4"
"PTPRM",653,1,TRUE,0,"MS microglia, control net","#1f6fb4"
"PUM2",698,1,TRUE,0,"MS microglia, control net","#1f6fb4"
"QKI",772,1,TRUE,0,"MS microglia, control net","#1f6fb4"
"R3HDM2",764,1,TRUE,0,"MS microglia, control net","#1f6fb4"
"RAB10",756,1,TRUE,0,"MS microglia, control net","#1f6fb4"
"RAB1A",751,1,TRUE,0,"MS microglia, control net","#1f6fb4"
"RAB31",736,1,TRUE,0,"MS microglia, control net","#1f6fb4"
"RABGAP1L",695,1,TRUE,0,"MS microglia, control net","#1f6fb4"
"RAD51B",732,1,TRUE,0,"MS microglia, control net","#1f6fb4"
"RALGAPA2",561,1,TRUE,0,"MS microglia, control net","#1f6fb4"
"RAP1A",723,1,TRUE,0,"MS microglia, control net","#1f6fb4"
"RAPGEF1",789,1,TRUE,0,"MS microglia, control net","#1f6fb4"
"RAPGEF2",686,1,TRUE,0,"MS microglia, control net","#1f6fb4"
"RAPGEF6",779,1,TRUE,0,"MS microglia, control net","#1f6fb4"
"RASA1",554,1,TRUE,0,"MS microglia, control net","#1f6fb4"
"RASAL2",710,1,TRUE,0,"MS microglia, control net","#1f6fb4"
"RASGEF1C",766,1,TRUE,0,"MS microglia, control net","#1f6fb4"
"RASSF3",726,1,TRUE,0,"MS microglia, control net","#1f6fb4"
"RASSF8",775,1,TRUE,0,"MS microglia, control net","#1f6fb4"
"RB1",742,1,TRUE,0,"MS microglia, control net","#1f6fb4"
"RBM47",717,1,TRUE,0,"MS microglia, control net","#1f6fb4"
"RBM6",748,1,TRUE,0,"MS microglia, control net","#1f6fb4"
"RBMS1",769,1,TRUE,0,"MS microglia, control net","#1f6fb4"
"RBPJ",757,1,TRUE,0,"MS microglia, control net","#1f6fb4"
"RCSD1",755,1,TRUE,0,"MS microglia, control net","#1f6fb4"
"RERE",757,1,TRUE,0,"MS microglia, control net","#1f6fb4"
"REV3L",775,1,TRUE,0,"MS microglia, control net","#1f6fb4"
"RFX3",732,1,TRUE,0,"MS microglia, control net","#1f6fb4"
"RGL1",780,2,TRUE,0.00128205128205128,"MS microglia, control net","#1f6fb4"
"RGS1",778,1,TRUE,0,"MS microglia, control net","#1f6fb4"
"RHBDF2",781,1,TRUE,0,"MS microglia, control net","#1f6fb4"
"RICTOR",769,1,TRUE,0,"MS microglia, control net","#1f6fb4"
"RIN2",774,1,TRUE,0,"MS microglia, control net","#1f6fb4"
"RIN3",768,1,TRUE,0,"MS microglia, control net","#1f6fb4"
"RNASET2",747,1,TRUE,0,"MS microglia, control net","#1f6fb4"
"RNF13",762,1,TRUE,0,"MS microglia, control net","#1f6fb4"
"RNF130",769,1,TRUE,0,"MS microglia, control net","#1f6fb4"
"RNF144B",777,1,TRUE,0,"MS microglia, control net","#1f6fb4"
"RNF149",767,1,TRUE,0,"MS microglia, control net","#1f6fb4"
"RNF213",367,1,TRUE,0,"MS microglia, control net","#1f6fb4"
"ROCK1",726,1,TRUE,0,"MS microglia, control net","#1f6fb4"
"RREB1",756,1,TRUE,0,"MS microglia, control net","#1f6fb4"
"RSRC1",730,1,TRUE,0,"MS microglia, control net","#1f6fb4"
"RTN4",766,1,TRUE,0,"MS microglia, control net","#1f6fb4"
"RTTN",784,1,TRUE,0,"MS microglia, control net","#1f6fb4"
"RUNX1",786,1,TRUE,0,"MS microglia, control net","#1f6fb4"
"RUNX2",761,1,TRUE,0,"MS microglia, control net","#1f6fb4"
"SAMD12",757,1,TRUE,0,"MS microglia, control net","#1f6fb4"
"SAMD4A",752,1,TRUE,0,"MS microglia, control net","#1f6fb4"
"SAMSN1",725,1,TRUE,0,"MS microglia, control net","#1f6fb4"
"SAT1",766,1,TRUE,0,"MS microglia, control net","#1f6fb4"
"SBF2",700,1,TRUE,0,"MS microglia, control net","#1f6fb4"
"SCAF11",650,1,TRUE,0,"MS microglia, control net","#1f6fb4"
"SCAPER",664,1,TRUE,0,"MS microglia, control net","#1f6fb4"
"SCFD2",287,1,TRUE,0,"MS microglia, control net","#1f6fb4"
"SCIN",737,1,TRUE,0,"MS microglia, control net","#1f6fb4"
"SDCBP",736,1,TRUE,0,"MS microglia, control net","#1f6fb4"
"SDCCAG8",748,2,TRUE,0.00133689839572193,"MS microglia, control net","#1f6fb4"
"SDK1",626,1,TRUE,0,"MS microglia, control net","#1f6fb4"
"SEC14L1",773,1,TRUE,0,"MS microglia, control net","#1f6fb4"
"SENP6",664,1,TRUE,0,"MS microglia, control net","#1f6fb4"
"SERPINE1",698,1,TRUE,0,"MS microglia, control net","#1f6fb4"
"SETD2",555,1,TRUE,0,"MS microglia, control net","#1f6fb4"
"SETX",503,1,TRUE,0,"MS microglia, control net","#1f6fb4"
"SFMBT2",594,1,TRUE,0,"MS microglia, control net","#1f6fb4"
"SGK1",781,1,TRUE,0,"MS microglia, control net","#1f6fb4"
"SGK3",771,2,TRUE,0.0012970168612192,"MS microglia, control net","#1f6fb4"
"SGMS1",768,8,TRUE,0.00911458333333333,"MS microglia, control net","#1f6fb4"
"SH3BGRL",622,1,TRUE,0,"MS microglia, control net","#1f6fb4"
"SH3KBP1",657,1,TRUE,0,"MS microglia, control net","#1f6fb4"
"SH3RF3",785,1,TRUE,0,"MS microglia, control net","#1f6fb4"
"SHTN1",783,1,TRUE,0,"MS microglia, control net","#1f6fb4"
"SIK3",782,2,TRUE,0.00127877237851662,"MS microglia, control net","#1f6fb4"
"SIPA1L1",778,1,TRUE,0,"MS microglia, control net","#1f6fb4"
"SIPA1L2",782,1,TRUE,0,"MS microglia, control net","#1f6fb4"
"SKAP2",732,1,TRUE,0,"MS microglia, control net","#1f6fb4"
"SKI",787,1,TRUE,0,"MS microglia, control net","#1f6fb4"
"SLA",740,1,TRUE,0,"MS microglia, control net","#1f6fb4"
"SLC11A1",787,1,TRUE,0,"MS microglia, control net","#1f6fb4"
"SLC16A10",773,1,TRUE,0,"MS microglia, control net","#1f6fb4"
"SLC1A3",787,1,TRUE,0,"MS microglia, control net","#1f6fb4"
"SLC22A23",777,1,TRUE,0,"MS microglia, control net","#1f6fb4"
"SLC25A13",739,1,TRUE,0,"MS microglia, control net","#1f6fb4"
"SLC25A37",533,1,TRUE,0,"MS microglia, control net","#1f6fb4"
"SLC2A13",671,1,TRUE,0,"MS microglia, control net","#1f6fb4"
"SLC2A3",791,1,TRUE,0,"MS microglia, control net","#1f6fb4"
"SLC39A11",750,1,TRUE,0,"MS microglia, control net","#1f6fb4"
"SLC44A1",762,1,TRUE,0,"MS microglia, control net","#1f6fb4"
"SLC4A7",671,1,TRUE,0,"MS microglia, control net","#1f6fb4"
"SLC8A1",712,1,TRUE,0,"MS microglia, control net","#1f6fb4"
"SLC9A9",775,1,TRUE,0,"MS microglia, control net","#1f6fb4"
"SLCO2B1",781,1,TRUE,0,"MS microglia, control net","#1f6fb4"
"SMAD2",643,1,TRUE,0,"MS microglia, control net","#1f6fb4"
"SMAP2",750,1,TRUE,0,"MS microglia, control net","#1f6fb4"
"SMARCA2",748,1,TRUE,0,"MS microglia, control net","#1f6fb4"
"SMCHD1",707,1,TRUE,0,"MS microglia, control net","#1f6fb4"
"SMURF2",726,1,TRUE,0,"MS microglia, control net","#1f6fb4"
"SMYD3",675,1,TRUE,0,"MS microglia, control net","#1f6fb4"
"SNCA",743,1,TRUE,0,"MS microglia, control net","#1f6fb4"
"SND1",712,1,TRUE,0,"MS microglia, control net","#1f6fb4"
"SNX13",766,1,TRUE,0,"MS microglia, control net","#1f6fb4"
"SNX29",767,1,TRUE,0,"MS microglia, control net","#1f6fb4"
"SOCS6",779,1,TRUE,0,"MS microglia, control net","#1f6fb4"
"SORL1",787,1,TRUE,0,"MS microglia, control net","#1f6fb4"
"SORT1",772,2,TRUE,0.00129533678756477,"MS microglia, control net","#1f6fb4"
"SOS1",715,1,TRUE,0,"MS microglia, control net","#1f6fb4"
"SP100",767,1,TRUE,0,"MS microglia, control net","#1f6fb4"
"SPATA13",758,2,TRUE,0.00131926121372032,"MS microglia, control net","#1f6fb4"
"SPECC1",709,1,TRUE,0,"MS microglia, control net","#1f6fb4"
"SPI1",734,1,TRUE,0,"MS microglia, control net","#1f6fb4"
"SPIDR",721,1,TRUE,0,"MS microglia, control net","#1f6fb4"
"SPIRE1",742,1,TRUE,0,"MS microglia, control net","#1f6fb4"
"SPP1",781,1,TRUE,0,"MS microglia, control net","#1f6fb4"
"SPPL3",599,1,TRUE,0,"MS microglia, control net","#1f6fb4"
"SPRED1",765,1,TRUE,0,"MS microglia, control net","#1f6fb4"
"SPTLC2",780,1,TRUE,0,"MS microglia, control net","#1f6fb4"
"SRGAP1",774,1,TRUE,0,"MS microglia, control net","#1f6fb4"
"SRGAP2",746,1,TRUE,0,"MS microglia, control net","#1f6fb4"
"SRGAP2B",763,1,TRUE,0,"MS microglia, control net","#1f6fb4"
"SRGAP2C",708,1,TRUE,0,"MS microglia, control net","#1f6fb4"
"SRGAP3",734,1,TRUE,0,"MS microglia, control net","#1f6fb4"
"SRGN",793,1,TRUE,0,"MS microglia, control net","#1f6fb4"
"SRPK2",701,2,TRUE,0.0014265335235378,"MS microglia, control net","#1f6fb4"
"SRRM2",699,1,TRUE,0,"MS microglia, control net","#1f6fb4"
"SSBP2",750,1,TRUE,0,"MS microglia, control net","#1f6fb4"
"SSH1",701,1,TRUE,0,"MS microglia, control net","#1f6fb4"
"SSH2",753,1,TRUE,0,"MS microglia, control net","#1f6fb4"
"ST18",769,2,TRUE,0.00130039011703511,"MS microglia, control net","#1f6fb4"
"ST6GAL1",771,1,TRUE,0,"MS microglia, control net","#1f6fb4"
"ST6GALNAC3",750,1,TRUE,0,"MS microglia, control net","#1f6fb4"
"ST8SIA4",722,1,TRUE,0,"MS microglia, control net","#1f6fb4"
"STAG1",661,1,TRUE,0,"MS microglia, control net","#1f6fb4"
"STARD13",773,1,TRUE,0,"MS microglia, control net","#1f6fb4"
"STAT3",754,1,TRUE,0,"MS microglia, control net","#1f6fb4"
"STAU2",733,1,TRUE,0,"MS microglia, control net","#1f6fb4"
"STK3",734,1,TRUE,0,"MS microglia, control net","#1f6fb4"
"STX7",653,1,TRUE,0,"MS microglia, control net","#1f6fb4"
"SUCLG2",632,1,TRUE,0,"MS microglia, control net","#1f6fb4"
"SUMF1",380,1,TRUE,0,"MS microglia, control net","#1f6fb4"
"SUPT3H",553,1,TRUE,0,"MS microglia, control net","#1f6fb4"
"SUSD6",774,1,TRUE,0,"MS microglia, control net","#1f6fb4"
"SWAP70",752,1,TRUE,0,"MS microglia, control net","#1f6fb4"
"SYK",748,1,TRUE,0,"MS microglia, control net","#1f6fb4"
"SYNDIG1",777,1,TRUE,0,"MS microglia, control net","#1f6fb4"
"SYTL3",786,1,TRUE,0,"MS microglia, control net","#1f6fb4"
"TAB2",646,1,TRUE,0,"MS microglia, control net","#1f6fb4"
"TANC2",751,1,TRUE,0,"MS microglia, control net","#1f6fb4"
"TANK",685,1,TRUE,0,"MS microglia, control net","#1f6fb4"
"TAOK3",676,1,TRUE,0,"MS microglia, control net","#1f6fb4"
"TBC1D1",730,1,TRUE,0,"MS microglia, control net","#1f6fb4"
"TBC1D12",766,1,TRUE,0,"MS microglia, control net","#1f6fb4"
"TBC1D14",786,1,TRUE,0,"MS microglia, control net","#1f6fb4"
"TBC1D22A",768,1,TRUE,0,"MS microglia, control net","#1f6fb4"
"TBC1D4",749,1,TRUE,0,"MS microglia, control net","#1f6fb4"
"TBC1D5",753,3,TRUE,0.00265604249667995,"MS microglia, control net","#1f6fb4"
"TBL1XR1",655,1,TRUE,0,"MS microglia, control net","#1f6fb4"
"TBXAS1",397,2,TRUE,0.00251889168765743,"MS microglia, control net","#1f6fb4"
"TCF12",726,1,TRUE,0,"MS microglia, control net","#1f6fb4"
"TCF4",717,1,TRUE,0,"MS microglia, control net","#1f6fb4"
"TENM4",486,1,TRUE,0,"MS microglia, control net","#1f6fb4"
"TENT2",611,1,TRUE,0,"MS microglia, control net","#1f6fb4"
"TET2",719,1,TRUE,0,"MS microglia, control net","#1f6fb4"
"TFEC",667,1,TRUE,0,"MS microglia, control net","#1f6fb4"
"TFRC",788,1,TRUE,0,"MS microglia, control net","#1f6fb4"
"TGFBR1",785,1,TRUE,0,"MS microglia, control net","#1f6fb4"
"TGFBR2",779,1,TRUE,0,"MS microglia, control net","#1f6fb4"
"THADA",603,1,TRUE,0,"MS microglia, control net","#1f6fb4"
"TIAM1",781,1,TRUE,0,"MS microglia, control net","#1f6fb4"
"TLN2",661,1,TRUE,0,"MS microglia, control net","#1f6fb4"
"TLR2",719,1,TRUE,0,"MS microglia, control net","#1f6fb4"
"TMCC1",743,1,TRUE,0,"MS microglia, control net","#1f6fb4"
"TMEM117",608,1,TRUE,0,"MS microglia, control net","#1f6fb4"
"TMEM119",728,1,TRUE,0,"MS microglia, control net","#1f6fb4"
"TMEM163",778,1,TRUE,0,"MS microglia, control net","#1f6fb4"
"TMEM65",711,1,TRUE,0,"MS microglia, control net","#1f6fb4"
"TMSB4X",790,1,TRUE,0,"MS microglia, control net","#1f6fb4"
"TMTC2",766,2,TRUE,0.00130548302872063,"MS microglia, control net","#1f6fb4"
"TNFRSF1B",782,1,TRUE,0,"MS microglia, control net","#1f6fb4"
"TNPO1",744,1,TRUE,0,"MS microglia, control net","#1f6fb4"
"TNRC6B",755,1,TRUE,0,"MS microglia, control net","#1f6fb4"
"TNS3",660,1,TRUE,0,"MS microglia, control net","#1f6fb4"
"TPK1",559,1,TRUE,0,"MS microglia, control net","#1f6fb4"
"TPRG1",603,1,TRUE,0,"MS microglia, control net","#1f6fb4"
"TRAPPC9",606,1,TRUE,0,"MS microglia, control net","#1f6fb4"
"TREM2",682,1,TRUE,0,"MS microglia, control net","#1f6fb4"
"TRHDE",380,2,TRUE,0.00263157894736842,"MS microglia, control net","#1f6fb4"
"TRIO",601,1,TRUE,0,"MS microglia, control net","#1f6fb4"
"TRIP12",649,1,TRUE,0,"MS microglia, control net","#1f6fb4"
"TRPM2",726,1,TRUE,0,"MS microglia, control net","#1f6fb4"
"TRPS1",727,1,TRUE,0,"MS microglia, control net","#1f6fb4"
"TSHR",0,15,FALSE,NA,"MS microglia, control net","#1f6fb4"
"TSPAN14",749,1,TRUE,0,"MS microglia, control net","#1f6fb4"
"TTC17",264,1,TRUE,0,"MS microglia, control net","#1f6fb4"
"TTC28",698,1,TRUE,0,"MS microglia, control net","#1f6fb4"
"TTC3",770,1,TRUE,0,"MS microglia, control net","#1f6fb4"
"TTC7A",783,1,TRUE,0,"MS microglia, control net","#1f6fb4"
"TUT7",637,1,TRUE,0,"MS microglia, control net","#1f6fb4"
"TXNIP",760,1,TRUE,0,"MS microglia, control net","#1f6fb4"
"TYROBP",531,2,TRUE,0.00188323917137476,"MS microglia, control net","#1f6fb4"
"UBE2D3",639,1,TRUE,0,"MS microglia, control net","#1f6fb4"
"UBE2E1",491,1,TRUE,0,"MS microglia, control net","#1f6fb4"
"UBE2E2",681,1,TRUE,0,"MS microglia, control net","#1f6fb4"
"UBE2K",560,1,TRUE,0,"MS microglia, control net","#1f6fb4"
"UBE2W",730,1,TRUE,0,"MS microglia, control net","#1f6fb4"
"UBL3",749,1,TRUE,0,"MS microglia, control net","#1f6fb4"
"UBR5",738,1,TRUE,0,"MS microglia, control net","#1f6fb4"
"UBXN2B",763,1,TRUE,0,"MS microglia, control net","#1f6fb4"
"UGCG",709,2,TRUE,0.00141043723554302,"MS microglia, control net","#1f6fb4"
"UMAD1",725,1,TRUE,0,"MS microglia, control net","#1f6fb4"
"USP15",726,1,TRUE,0,"MS microglia, control net","#1f6fb4"
"USP34",745,1,TRUE,0,"MS microglia, control net","#1f6fb4"
"USP53",711,2,TRUE,0.00140646976090014,"MS microglia, control net","#1f6fb4"
"USP6NL",756,1,TRUE,0,"MS microglia, control net","#1f6fb4"
"UST",744,1,TRUE,0,"MS microglia, control net","#1f6fb4"
"UTRN",744,1,TRUE,0,"MS microglia, control net","#1f6fb4"
"UTY",779,1,TRUE,0,"MS microglia, control net","#1f6fb4"
"UVRAG",772,1,TRUE,0,"MS microglia, control net","#1f6fb4"
"VMP1",712,1,TRUE,0,"MS microglia, control net","#1f6fb4"
"VOPP1",617,1,TRUE,0,"MS microglia, control net","#1f6fb4"
"VPS13B",330,1,TRUE,0,"MS microglia, control net","#1f6fb4"
"VPS13C",754,1,TRUE,0,"MS microglia, control net","#1f6fb4"
"VPS8",711,1,TRUE,0,"MS microglia, control net","#1f6fb4"
"VTI1A",697,1,TRUE,0,"MS microglia, control net","#1f6fb4"
"WAC",744,1,TRUE,0,"MS microglia, control net","#1f6fb4"
"WASF2",736,1,TRUE,0,"MS microglia, control net","#1f6fb4"
"WASHC4",473,1,TRUE,0,"MS microglia, control net","#1f6fb4"
"WDFY2",488,1,TRUE,0,"MS microglia, control net","#1f6fb4"
"WDFY3",776,1,TRUE,0,"MS microglia, control net","#1f6fb4"
"WDFY4",587,1,TRUE,0,"MS microglia, control net","#1f6fb4"
"WDR7",674,1,TRUE,0,"MS microglia, control net","#1f6fb4"
"WDR70",742,1,TRUE,0,"MS microglia, control net","#1f6fb4"
"WIPF1",728,1,TRUE,0,"MS microglia, control net","#1f6fb4"
"WNK1",754,1,TRUE,0,"MS microglia, control net","#1f6fb4"
"WSB1",769,1,TRUE,0,"MS microglia, control net","#1f6fb4"
"WWOX",731,1,TRUE,0,"MS microglia, control net","#1f6fb4"
"XACT",743,1,TRUE,0,"MS microglia, control net","#1f6fb4"
"XIST",783,1,TRUE,0,"MS microglia, control net","#1f6fb4"
"XPR1",645,1,TRUE,0,"MS microglia, control net","#1f6fb4"
"XYLT1",769,1,TRUE,0,"MS microglia, control net","#1f6fb4"
"YKT6",216,1,TRUE,0,"MS microglia, control net","#1f6fb4"
"ZBTB16",767,1,TRUE,0,"MS microglia, control net","#1f6fb4"
"ZBTB20",783,2,TRUE,0.00127713920817369,"MS microglia, control net","#1f6fb4"
"ZCCHC7",719,1,TRUE,0,"MS microglia, control net","#1f6fb4"
"ZDHHC14",672,1,TRUE,0,"MS microglia, control net","#1f6fb4"
"ZEB1",714,1,TRUE,0,"MS microglia, control net","#1f6fb4"
"ZEB2",786,2,TRUE,0.00127226463104326,"MS microglia, control net","#1f6fb4"
"ZFAND3",682,1,TRUE,0,"MS microglia, control net","#1f6fb4"
"ZFHX3",754,1,TRUE,0,"MS microglia, control net","#1f6fb4"
"ZFP36L1",784,1,TRUE,0,"MS microglia, control net","#1f6fb4"
"ZFP36L2",784,1,TRUE,0,"MS microglia, control net","#1f6fb4"
"ZFPM2-AS1",771,1,TRUE,0,"MS microglia, control net","#1f6fb4"
"ZMAT3",742,1,TRUE,0,"MS microglia, control net","#1f6fb4"
"ZMYM2",695,1,TRUE,0,"MS microglia, control net","#1f6fb4"
"ZNF148",637,1,TRUE,0,"MS microglia, control net","#1f6fb4"
"ZNF292",702,1,TRUE,0,"MS microglia, control net","#1f6fb4"
"ZNF407",388,1,TRUE,0,"MS microglia, control net","#1f6fb4"
"ZNF609",766,1,TRUE,0,"MS microglia, control net","#1f6fb4"
"ZNF638",785,2,TRUE,0.00127388535031847,"MS microglia, control net","#1f6fb4"
"ZNF644",724,1,TRUE,0,"MS microglia, control net","#1f6fb4"
"ZNF710",707,1,TRUE,0,"MS microglia, control net","#1f6fb4"
"ZNF804A",714,1,TRUE,0,"MS microglia, control net","#1f6fb4"
"ZSWIM6",784,1,TRUE,0,"MS microglia, control net","#1f6fb4"
"A2M",740,1,TRUE,0,"MS microglia, lesion net","#c0392b"
"AAK1",621,1,TRUE,0,"MS microglia, lesion net","#c0392b"
"ABCA1",767,1,TRUE,0,"MS microglia, lesion net","#c0392b"
"ABCC4",767,1,TRUE,0,"MS microglia, lesion net","#c0392b"
"ABI1",644,1,TRUE,0,"MS microglia, lesion net","#c0392b"
"ABR",759,1,TRUE,0,"MS microglia, lesion net","#c0392b"
"AC007262.2",653,1,TRUE,0,"MS microglia, lesion net","#c0392b"
"AC087564.1",699,1,TRUE,0,"MS microglia, lesion net","#c0392b"
"AC131944.1",747,1,TRUE,0,"MS microglia, lesion net","#c0392b"
"ACAP2",691,1,TRUE,0,"MS microglia, lesion net","#c0392b"
"ACER3",754,1,TRUE,0,"MS microglia, lesion net","#c0392b"
"ACSL1",773,1,TRUE,0,"MS microglia, lesion net","#c0392b"
"ACSL4",724,1,TRUE,0,"MS microglia, lesion net","#c0392b"
"ACTA2",0,7,FALSE,NA,"MS microglia, lesion net","#c0392b"
"ACTB",634,1,TRUE,0,"MS microglia, lesion net","#c0392b"
"ACYP2",602,1,TRUE,0,"MS microglia, lesion net","#c0392b"
"ADAM10",532,1,TRUE,0,"MS microglia, lesion net","#c0392b"
"ADAM28",768,1,TRUE,0,"MS microglia, lesion net","#c0392b"
"ADAMTS17",744,1,TRUE,0,"MS microglia, lesion net","#c0392b"
"ADGRB3",770,1,TRUE,0,"MS microglia, lesion net","#c0392b"
"ADK",705,1,TRUE,0,"MS microglia, lesion net","#c0392b"
"AFF1",688,1,TRUE,0,"MS microglia, lesion net","#c0392b"
"AKAP13",741,1,TRUE,0,"MS microglia, lesion net","#c0392b"
"AKT3",744,1,TRUE,0,"MS microglia, lesion net","#c0392b"
"AL035446.2",745,1,TRUE,0,"MS microglia, lesion net","#c0392b"
"AL163541.1",771,1,TRUE,0,"MS microglia, lesion net","#c0392b"
"AL392172.2",767,1,TRUE,0,"MS microglia, lesion net","#c0392b"
"ALCAM",663,1,TRUE,0,"MS microglia, lesion net","#c0392b"
"ALDH1A2",718,1,TRUE,0,"MS microglia, lesion net","#c0392b"
"ALPK1",638,1,TRUE,0,"MS microglia, lesion net","#c0392b"
"ANK2",232,1,TRUE,0,"MS microglia, lesion net","#c0392b"
"ANKRD11",745,1,TRUE,0,"MS microglia, lesion net","#c0392b"
"ANKRD12",628,1,TRUE,0,"MS microglia, lesion net","#c0392b"
"ANKRD17",492,1,TRUE,0,"MS microglia, lesion net","#c0392b"
"ANKRD44",775,1,TRUE,0,"MS microglia, lesion net","#c0392b"
"ANKS1A",657,1,TRUE,0,"MS microglia, lesion net","#c0392b"
"ANOS1",700,1,TRUE,0,"MS microglia, lesion net","#c0392b"
"AOAH",733,1,TRUE,0,"MS microglia, lesion net","#c0392b"
"AP001977.1",707,1,TRUE,0,"MS microglia, lesion net","#c0392b"
"AP3B1",406,1,TRUE,0,"MS microglia, lesion net","#c0392b"
"APBA1",698,1,TRUE,0,"MS microglia, lesion net","#c0392b"
"APBB1IP",770,1,TRUE,0,"MS microglia, lesion net","#c0392b"
"APOE",756,1,TRUE,0,"MS microglia, lesion net","#c0392b"
"ARHGAP12",712,1,TRUE,0,"MS microglia, lesion net","#c0392b"
"ARHGAP15",747,1,TRUE,0,"MS microglia, lesion net","#c0392b"
"ARHGAP18",655,1,TRUE,0,"MS microglia, lesion net","#c0392b"
"ARHGAP21",723,1,TRUE,0,"MS microglia, lesion net","#c0392b"
"ARHGAP22",767,1,TRUE,0,"MS microglia, lesion net","#c0392b"
"ARHGAP24",762,1,TRUE,0,"MS microglia, lesion net","#c0392b"
"ARHGAP25",695,1,TRUE,0,"MS microglia, lesion net","#c0392b"
"ARHGAP26",758,1,TRUE,0,"MS microglia, lesion net","#c0392b"
"ARHGAP6",637,1,TRUE,0,"MS microglia, lesion net","#c0392b"
"ARID1A",276,1,TRUE,0,"MS microglia, lesion net","#c0392b"
"ARID1B",589,1,TRUE,0,"MS microglia, lesion net","#c0392b"
"ARID2",45,1,TRUE,0,"MS microglia, lesion net","#c0392b"
"ARID4B",510,1,TRUE,0,"MS microglia, lesion net","#c0392b"
"ARID5B",566,1,TRUE,0,"MS microglia, lesion net","#c0392b"
"ARIH1",484,1,TRUE,0,"MS microglia, lesion net","#c0392b"
"ARL15",619,1,TRUE,0,"MS microglia, lesion net","#c0392b"
"ASAH1",766,1,TRUE,0,"MS microglia, lesion net","#c0392b"
"ASAP1",769,1,TRUE,0,"MS microglia, lesion net","#c0392b"
"ASCC3",419,1,TRUE,0,"MS microglia, lesion net","#c0392b"
"ASH1L",620,1,TRUE,0,"MS microglia, lesion net","#c0392b"
"ASTN2",756,1,TRUE,0,"MS microglia, lesion net","#c0392b"
"ATF6",708,1,TRUE,0,"MS microglia, lesion net","#c0392b"
"ATF7IP",709,1,TRUE,0,"MS microglia, lesion net","#c0392b"
"ATG7",768,1,TRUE,0,"MS microglia, lesion net","#c0392b"
"ATM",678,1,TRUE,0,"MS microglia, lesion net","#c0392b"
"ATP1B3",747,1,TRUE,0,"MS microglia, lesion net","#c0392b"
"ATP2C1",750,1,TRUE,0,"MS microglia, lesion net","#c0392b"
"ATP8B4",746,1,TRUE,0,"MS microglia, lesion net","#c0392b"
"ATRX",245,1,TRUE,0,"MS microglia, lesion net","#c0392b"
"ATXN1",610,1,TRUE,0,"MS microglia, lesion net","#c0392b"
"AUTS2",761,1,TRUE,0,"MS microglia, lesion net","#c0392b"
"B2M",752,1,TRUE,0,"MS microglia, lesion net","#c0392b"
"BABAM2",700,1,TRUE,0,"MS microglia, lesion net","#c0392b"
"BACH1",696,1,TRUE,0,"MS microglia, lesion net","#c0392b"
"BASP1",759,1,TRUE,0,"MS microglia, lesion net","#c0392b"
"BAZ2B",703,1,TRUE,0,"MS microglia, lesion net","#c0392b"
"BBS9",134,1,TRUE,0,"MS microglia, lesion net","#c0392b"
"BBX",601,1,TRUE,0,"MS microglia, lesion net","#c0392b"
"BCAS3",397,1,TRUE,0,"MS microglia, lesion net","#c0392b"
"BCL2",517,1,TRUE,0,"MS microglia, lesion net","#c0392b"
"BHLHE41",741,1,TRUE,0,"MS microglia, lesion net","#c0392b"
"BIN1",727,1,TRUE,0,"MS microglia, lesion net","#c0392b"
"BIRC6",604,1,TRUE,0,"MS microglia, lesion net","#c0392b"
"BLNK",749,1,TRUE,0,"MS microglia, lesion net","#c0392b"
"BMP2K",751,1,TRUE,0,"MS microglia, lesion net","#c0392b"
"BMPR2",55,1,TRUE,0,"MS microglia, lesion net","#c0392b"
"BNC2",741,1,TRUE,0,"MS microglia, lesion net","#c0392b"
"BPTF",89,1,TRUE,0,"MS microglia, lesion net","#c0392b"
"BRAF",294,1,TRUE,0,"MS microglia, lesion net","#c0392b"
"BRWD1",386,1,TRUE,0,"MS microglia, lesion net","#c0392b"
"BTBD9",519,1,TRUE,0,"MS microglia, lesion net","#c0392b"
"BTK",584,1,TRUE,0,"MS microglia, lesion net","#c0392b"
"C1QA",650,1,TRUE,0,"MS microglia, lesion net","#c0392b"
"C1QB",616,1,TRUE,0,"MS microglia, lesion net","#c0392b"
"C20orf194",763,1,TRUE,0,"MS microglia, lesion net","#c0392b"
"C3",758,1,TRUE,0,"MS microglia, lesion net","#c0392b"
"CAB39",622,1,TRUE,0,"MS microglia, lesion net","#c0392b"
"CACNA1A",766,1,TRUE,0,"MS microglia, lesion net","#c0392b"
"CACNA1D",666,1,TRUE,0,"MS microglia, lesion net","#c0392b"
"CADM1",748,1,TRUE,0,"MS microglia, lesion net","#c0392b"
"CAMK1D",652,1,TRUE,0,"MS microglia, lesion net","#c0392b"
"CAMK2D",557,1,TRUE,0,"MS microglia, lesion net","#c0392b"
"CAMKMT",522,1,TRUE,0,"MS microglia, lesion net","#c0392b"
"CAPZB",728,1,TRUE,0,"MS microglia, lesion net","#c0392b"
"CCDC18-AS1",704,1,TRUE,0,"MS microglia, lesion net","#c0392b"
"CCDC26",489,1,TRUE,0,"MS microglia, lesion net","#c0392b"
"CCDC88A",471,1,TRUE,0,"MS microglia, lesion net","#c0392b"
"CCDC91",677,1,TRUE,0,"MS microglia, lesion net","#c0392b"
"CCND3",759,1,TRUE,0,"MS microglia, lesion net","#c0392b"
"CCNH",752,1,TRUE,0,"MS microglia, lesion net","#c0392b"
"CCNY",1,2,TRUE,1,"MS microglia, lesion net","#c0392b"
"CD163",757,1,TRUE,0,"MS microglia, lesion net","#c0392b"
"CD33",75,1,TRUE,0,"MS microglia, lesion net","#c0392b"
"CD74",757,1,TRUE,0,"MS microglia, lesion net","#c0392b"
"CD86",679,1,TRUE,0,"MS microglia, lesion net","#c0392b"
"CDK13",417,1,TRUE,0,"MS microglia, lesion net","#c0392b"
"CDK14",742,1,TRUE,0,"MS microglia, lesion net","#c0392b"
"CDK19",213,1,TRUE,0,"MS microglia, lesion net","#c0392b"
"CDK6",732,1,TRUE,0,"MS microglia, lesion net","#c0392b"
"CDKAL1",395,1,TRUE,0,"MS microglia, lesion net","#c0392b"
"CELF1",587,1,TRUE,0,"MS microglia, lesion net","#c0392b"
"CELF2",753,1,TRUE,0,"MS microglia, lesion net","#c0392b"
"CEP170",482,1,TRUE,0,"MS microglia, lesion net","#c0392b"
"CEP350",521,1,TRUE,0,"MS microglia, lesion net","#c0392b"
"CERT1",759,1,TRUE,0,"MS microglia, lesion net","#c0392b"
"CFLAR",512,1,TRUE,0,"MS microglia, lesion net","#c0392b"
"CHD1",753,1,TRUE,0,"MS microglia, lesion net","#c0392b"
"CHD2",149,1,TRUE,0,"MS microglia, lesion net","#c0392b"
"CHD7",561,1,TRUE,0,"MS microglia, lesion net","#c0392b"
"CHD9",726,1,TRUE,0,"MS microglia, lesion net","#c0392b"
"CHST11",760,1,TRUE,0,"MS microglia, lesion net","#c0392b"
"CHST15",757,1,TRUE,0,"MS microglia, lesion net","#c0392b"
"CHSY1",763,1,TRUE,0,"MS microglia, lesion net","#c0392b"
"CHSY3",665,1,TRUE,0,"MS microglia, lesion net","#c0392b"
"CIITA",707,1,TRUE,0,"MS microglia, lesion net","#c0392b"
"CLASP1",646,1,TRUE,0,"MS microglia, lesion net","#c0392b"
"CLASP2",723,1,TRUE,0,"MS microglia, lesion net","#c0392b"
"CMIP",746,1,TRUE,0,"MS microglia, lesion net","#c0392b"
"CMSS1",451,1,TRUE,0,"MS microglia, lesion net","#c0392b"
"CNOT2",619,1,TRUE,0,"MS microglia, lesion net","#c0392b"
"COG5",117,1,TRUE,0,"MS microglia, lesion net","#c0392b"
"COMMD10",417,1,TRUE,0,"MS microglia, lesion net","#c0392b"
"COP1",535,1,TRUE,0,"MS microglia, lesion net","#c0392b"
"CPEB3",363,1,TRUE,0,"MS microglia, lesion net","#c0392b"
"CPEB4",675,1,TRUE,0,"MS microglia, lesion net","#c0392b"
"CPED1",741,1,TRUE,0,"MS microglia, lesion net","#c0392b"
"CPM",772,1,TRUE,0,"MS microglia, lesion net","#c0392b"
"CPQ",717,1,TRUE,0,"MS microglia, lesion net","#c0392b"
"CPVL",715,1,TRUE,0,"MS microglia, lesion net","#c0392b"
"CR1",746,1,TRUE,0,"MS microglia, lesion net","#c0392b"
"CRADD",230,1,TRUE,0,"MS microglia, lesion net","#c0392b"
"CSF1R",735,1,TRUE,0,"MS microglia, lesion net","#c0392b"
"CSF2RA",648,1,TRUE,0,"MS microglia, lesion net","#c0392b"
"CSGALNACT1",772,1,TRUE,0,"MS microglia, lesion net","#c0392b"
"CSNK1A1",609,1,TRUE,0,"MS microglia, lesion net","#c0392b"
"CTBP2",490,1,TRUE,0,"MS microglia, lesion net","#c0392b"
"CTNNB1",731,1,TRUE,0,"MS microglia, lesion net","#c0392b"
"CTNND1",599,1,TRUE,0,"MS microglia, lesion net","#c0392b"
"CTSB",753,1,TRUE,0,"MS microglia, lesion net","#c0392b"
"CTSD",752,1,TRUE,0,"MS microglia, lesion net","#c0392b"
"CTTNBP2",762,1,TRUE,0,"MS microglia, lesion net","#c0392b"
"CUX1",739,1,TRUE,0,"MS microglia, lesion net","#c0392b"
"CX3CR1",753,1,TRUE,0,"MS microglia, lesion net","#c0392b"
"CYBB",725,1,TRUE,0,"MS microglia, lesion net","#c0392b"
"CYFIP1",766,1,TRUE,0,"MS microglia, lesion net","#c0392b"
"CYTH1",743,1,TRUE,0,"MS microglia, lesion net","#c0392b"
"DCAF6",601,1,TRUE,0,"MS microglia, lesion net","#c0392b"
"DDX17",735,1,TRUE,0,"MS microglia, lesion net","#c0392b"
"DDX5",651,1,TRUE,0,"MS microglia, lesion net","#c0392b"
"DENND1A",634,1,TRUE,0,"MS microglia, lesion net","#c0392b"
"DENND3",777,1,TRUE,0,"MS microglia, lesion net","#c0392b"
"DENND4A",367,1,TRUE,0,"MS microglia, lesion net","#c0392b"
"DENND4C",769,1,TRUE,0,"MS microglia, lesion net","#c0392b"
"DIAPH2",732,1,TRUE,0,"MS microglia, lesion net","#c0392b"
"DIP2B",694,1,TRUE,0,"MS microglia, lesion net","#c0392b"
"DIRC3",730,1,TRUE,0,"MS microglia, lesion net","#c0392b"
"DISC1",741,1,TRUE,0,"MS microglia, lesion net","#c0392b"
"DISP1",603,1,TRUE,0,"MS microglia, lesion net","#c0392b"
"DLEU1",731,1,TRUE,0,"MS microglia, lesion net","#c0392b"
"DLEU2",559,1,TRUE,0,"MS microglia, lesion net","#c0392b"
"DLG1",630,1,TRUE,0,"MS microglia, lesion net","#c0392b"
"DLG2",675,1,TRUE,0,"MS microglia, lesion net","#c0392b"
"DMXL2",759,1,TRUE,0,"MS microglia, lesion net","#c0392b"
"DOCK10",727,1,TRUE,0,"MS microglia, lesion net","#c0392b"
"DOCK11",452,1,TRUE,0,"MS microglia, lesion net","#c0392b"
"DOCK2",648,1,TRUE,0,"MS microglia, lesion net","#c0392b"
"DOCK4",764,1,TRUE,0,"MS microglia, lesion net","#c0392b"
"DOCK5",676,1,TRUE,0,"MS microglia, lesion net","#c0392b"
"DOCK8",750,1,TRUE,0,"MS microglia, lesion net","#c0392b"
"DPYD",716,1,TRUE,0,"MS microglia, lesion net","#c0392b"
"DSCAM",759,1,TRUE,0,"MS microglia, lesion net","#c0392b"
"DST",753,1,TRUE,0,"MS microglia, lesion net","#c0392b"
"DTNA",743,1,TRUE,0,"MS microglia, lesion net","#c0392b"
"DTNB",733,1,TRUE,0,"MS microglia, lesion net","#c0392b"
"DYM",183,1,TRUE,0,"MS microglia, lesion net","#c0392b"
"DYRK1A",591,1,TRUE,0,"MS microglia, lesion net","#c0392b"
"EDA",713,1,TRUE,0,"MS microglia, lesion net","#c0392b"
"EEF1A1",755,1,TRUE,0,"MS microglia, lesion net","#c0392b"
"EIF4G3",650,1,TRUE,0,"MS microglia, lesion net","#c0392b"
"ELF1",561,1,TRUE,0,"MS microglia, lesion net","#c0392b"
"ELF2",753,1,TRUE,0,"MS microglia, lesion net","#c0392b"
"ELL2",767,1,TRUE,0,"MS microglia, lesion net","#c0392b"
"ELMO1",767,1,TRUE,0,"MS microglia, lesion net","#c0392b"
"EML4",742,1,TRUE,0,"MS microglia, lesion net","#c0392b"
"ENTPD1",652,1,TRUE,0,"MS microglia, lesion net","#c0392b"
"EPB41L2",763,1,TRUE,0,"MS microglia, lesion net","#c0392b"
"EPB41L3",766,1,TRUE,0,"MS microglia, lesion net","#c0392b"
"EPS15",687,1,TRUE,0,"MS microglia, lesion net","#c0392b"
"EPS8",709,1,TRUE,0,"MS microglia, lesion net","#c0392b"
"EPSTI1",753,1,TRUE,0,"MS microglia, lesion net","#c0392b"
"ERBIN",726,1,TRUE,0,"MS microglia, lesion net","#c0392b"
"ERC1",523,1,TRUE,0,"MS microglia, lesion net","#c0392b"
"ERC2",762,1,TRUE,0,"MS microglia, lesion net","#c0392b"
"ETV6",751,1,TRUE,0,"MS microglia, lesion net","#c0392b"
"EVI5",594,1,TRUE,0,"MS microglia, lesion net","#c0392b"
"EVL",744,1,TRUE,0,"MS microglia, lesion net","#c0392b"
"EXOC4",521,1,TRUE,0,"MS microglia, lesion net","#c0392b"
"EXOC6B",598,1,TRUE,0,"MS microglia, lesion net","#c0392b"
"F13A1",702,1,TRUE,0,"MS microglia, lesion net","#c0392b"
"FAF1",0,7,FALSE,NA,"MS microglia, lesion net","#c0392b"
"FAM110B",761,1,TRUE,0,"MS microglia, lesion net","#c0392b"
"FAM135A",656,1,TRUE,0,"MS microglia, lesion net","#c0392b"
"FAM135B",717,1,TRUE,0,"MS microglia, lesion net","#c0392b"
"FAM13A",708,1,TRUE,0,"MS microglia, lesion net","#c0392b"
"FAM149A",746,1,TRUE,0,"MS microglia, lesion net","#c0392b"
"FAM168A",608,1,TRUE,0,"MS microglia, lesion net","#c0392b"
"FAM172A",560,1,TRUE,0,"MS microglia, lesion net","#c0392b"
"FAM49A",764,1,TRUE,0,"MS microglia, lesion net","#c0392b"
"FAM49B",730,1,TRUE,0,"MS microglia, lesion net","#c0392b"
"FAR2",569,1,TRUE,0,"MS microglia, lesion net","#c0392b"
"FARP1",765,1,TRUE,0,"MS microglia, lesion net","#c0392b"
"FARS2",405,1,TRUE,0,"MS microglia, lesion net","#c0392b"
"FBXL17",539,1,TRUE,0,"MS microglia, lesion net","#c0392b"
"FBXO11",81,1,TRUE,0,"MS microglia, lesion net","#c0392b"
"FBXW7",390,1,TRUE,0,"MS microglia, lesion net","#c0392b"
"FCGBP",660,1,TRUE,0,"MS microglia, lesion net","#c0392b"
"FCHO2",760,1,TRUE,0,"MS microglia, lesion net","#c0392b"
"FCHSD2",426,1,TRUE,0,"MS microglia, lesion net","#c0392b"
"FER",742,1,TRUE,0,"MS microglia, lesion net","#c0392b"
"FGD4",744,1,TRUE,0,"MS microglia, lesion net","#c0392b"
"FHIT",140,1,TRUE,0,"MS microglia, lesion net","#c0392b"
"FKBP5",768,1,TRUE,0,"MS microglia, lesion net","#c0392b"
"FLI1",445,1,TRUE,0,"MS microglia, lesion net","#c0392b"
"FMN1",758,1,TRUE,0,"MS microglia, lesion net","#c0392b"
"FMNL2",767,1,TRUE,0,"MS microglia, lesion net","#c0392b"
"FMNL3",729,1,TRUE,0,"MS microglia, lesion net","#c0392b"
"FNDC3A",764,1,TRUE,0,"MS microglia, lesion net","#c0392b"
"FNDC3B",775,1,TRUE,0,"MS microglia, lesion net","#c0392b"
"FNIP1",729,1,TRUE,0,"MS microglia, lesion net","#c0392b"
"FNIP2",772,1,TRUE,0,"MS microglia, lesion net","#c0392b"
"FOXN3",753,1,TRUE,0,"MS microglia, lesion net","#c0392b"
"FOXO3",720,1,TRUE,0,"MS microglia, lesion net","#c0392b"
"FOXP1",740,1,TRUE,0,"MS microglia, lesion net","#c0392b"
"FOXP2",740,1,TRUE,0,"MS microglia, lesion net","#c0392b"
"FRMD4A",767,1,TRUE,0,"MS microglia, lesion net","#c0392b"
"FRMD4B",763,1,TRUE,0,"MS microglia, lesion net","#c0392b"
"FRYL",643,1,TRUE,0,"MS microglia, lesion net","#c0392b"
"FTH1",757,1,TRUE,0,"MS microglia, lesion net","#c0392b"
"FTL",767,1,TRUE,0,"MS microglia, lesion net","#c0392b"
"FTO",397,1,TRUE,0,"MS microglia, lesion net","#c0392b"
"FTX",735,1,TRUE,0,"MS microglia, lesion net","#c0392b"
"FYB1",728,1,TRUE,0,"MS microglia, lesion net","#c0392b"
"GAB1",763,1,TRUE,0,"MS microglia, lesion net","#c0392b"
"GAB2",631,1,TRUE,0,"MS microglia, lesion net","#c0392b"
"GALNT10",670,1,TRUE,0,"MS microglia, lesion net","#c0392b"
"GALNT2",742,1,TRUE,0,"MS microglia, lesion net","#c0392b"
"GALNTL6",761,1,TRUE,0,"MS microglia, lesion net","#c0392b"
"GAS7",752,1,TRUE,0,"MS microglia, lesion net","#c0392b"
"GK",753,1,TRUE,0,"MS microglia, lesion net","#c0392b"
"GLDN",733,1,TRUE,0,"MS microglia, lesion net","#c0392b"
"GLS",704,1,TRUE,0,"MS microglia, lesion net","#c0392b"
"GMDS",343,1,TRUE,0,"MS microglia, lesion net","#c0392b"
"GMDS-DT",22,1,TRUE,0,"MS microglia, lesion net","#c0392b"
"GNA13",761,1,TRUE,0,"MS microglia, lesion net","#c0392b"
"GNAQ",477,1,TRUE,0,"MS microglia, lesion net","#c0392b"
"GNB1",696,1,TRUE,0,"MS microglia, lesion net","#c0392b"
"GNB4",647,1,TRUE,0,"MS microglia, lesion net","#c0392b"
"GNG7",729,1,TRUE,0,"MS microglia, lesion net","#c0392b"
"GOLGA4",684,1,TRUE,0,"MS microglia, lesion net","#c0392b"
"GPD2",677,1,TRUE,0,"MS microglia, lesion net","#c0392b"
"GPHN",3,4,TRUE,1,"MS microglia, lesion net","#c0392b"
"GPNMB",782,1,TRUE,0,"MS microglia, lesion net","#c0392b"
"GPRIN3",628,1,TRUE,0,"MS microglia, lesion net","#c0392b"
"GRAMD1B",629,1,TRUE,0,"MS microglia, lesion net","#c0392b"
"GRB2",754,1,TRUE,0,"MS microglia, lesion net","#c0392b"
"GRID2",772,1,TRUE,0,"MS microglia, lesion net","#c0392b"
"GRK3",695,1,TRUE,0,"MS microglia, lesion net","#c0392b"
"GSAP",731,1,TRUE,0,"MS microglia, lesion net","#c0392b"
"GSK3B",656,1,TRUE,0,"MS microglia, lesion net","#c0392b"
"GSN",680,1,TRUE,0,"MS microglia, lesion net","#c0392b"
"GTDC1",537,1,TRUE,0,"MS microglia, lesion net","#c0392b"
"H2AFY",748,1,TRUE,0,"MS microglia, lesion net","#c0392b"
"HCLS1",676,1,TRUE,0,"MS microglia, lesion net","#c0392b"
"HDAC8",575,1,TRUE,0,"MS microglia, lesion net","#c0392b"
"HDAC9",765,1,TRUE,0,"MS microglia, lesion net","#c0392b"
"HELZ",629,1,TRUE,0,"MS microglia, lesion net","#c0392b"
"HERC1",658,1,TRUE,0,"MS microglia, lesion net","#c0392b"
"HERC4",605,1,TRUE,0,"MS microglia, lesion net","#c0392b"
"HIF1A",757,1,TRUE,0,"MS microglia, lesion net","#c0392b"
"HIST1H2AC",650,1,TRUE,0,"MS microglia, lesion net","#c0392b"
"HIVEP3",755,1,TRUE,0,"MS microglia, lesion net","#c0392b"
"HLA-DRA",752,1,TRUE,0,"MS microglia, lesion net","#c0392b"
"HLA-DRB1",743,1,TRUE,0,"MS microglia, lesion net","#c0392b"
"HNRNPA2B1",670,1,TRUE,0,"MS microglia, lesion net","#c0392b"
"HNRNPC",261,1,TRUE,0,"MS microglia, lesion net","#c0392b"
"HNRNPU",666,1,TRUE,0,"MS microglia, lesion net","#c0392b"
"HS3ST4",747,1,TRUE,0,"MS microglia, lesion net","#c0392b"
"HSP90AA1",643,1,TRUE,0,"MS microglia, lesion net","#c0392b"
"IFI16",481,1,TRUE,0,"MS microglia, lesion net","#c0392b"
"IFI44L",775,1,TRUE,0,"MS microglia, lesion net","#c0392b"
"IFNGR1",745,1,TRUE,0,"MS microglia, lesion net","#c0392b"
"IFNGR2",719,1,TRUE,0,"MS microglia, lesion net","#c0392b"
"IGF1R",693,1,TRUE,0,"MS microglia, lesion net","#c0392b"
"IGSF21",765,1,TRUE,0,"MS microglia, lesion net","#c0392b"
"IKZF1",721,1,TRUE,0,"MS microglia, lesion net","#c0392b"
"IL10RA",713,1,TRUE,0,"MS microglia, lesion net","#c0392b"
"IL13RA1",739,1,TRUE,0,"MS microglia, lesion net","#c0392b"
"IL6ST",756,1,TRUE,0,"MS microglia, lesion net","#c0392b"
"IMMP2L",645,1,TRUE,0,"MS microglia, lesion net","#c0392b"
"INPP4A",734,1,TRUE,0,"MS microglia, lesion net","#c0392b"
"INPP5D",753,1,TRUE,0,"MS microglia, lesion net","#c0392b"
"IPCEF1",770,1,TRUE,0,"MS microglia, lesion net","#c0392b"
"IQCJ-SCHIP1",737,1,TRUE,0,"MS microglia, lesion net","#c0392b"
"IQGAP2",773,1,TRUE,0,"MS microglia, lesion net","#c0392b"
"IRAK3",755,1,TRUE,0,"MS microglia, lesion net","#c0392b"
"IRF8",737,1,TRUE,0,"MS microglia, lesion net","#c0392b"
"IRS2",753,1,TRUE,0,"MS microglia, lesion net","#c0392b"
"ITFG1",1,2,TRUE,1,"MS microglia, lesion net","#c0392b"
"ITGAV",622,1,TRUE,0,"MS microglia, lesion net","#c0392b"
"ITGAX",712,1,TRUE,0,"MS microglia, lesion net","#c0392b"
"ITM2B",769,1,TRUE,0,"MS microglia, lesion net","#c0392b"
"ITPR1",688,1,TRUE,0,"MS microglia, lesion net","#c0392b"
"ITPR2",730,1,TRUE,0,"MS microglia, lesion net","#c0392b"
"ITSN2",338,1,TRUE,0,"MS microglia, lesion net","#c0392b"
"JAK1",725,1,TRUE,0,"MS microglia, lesion net","#c0392b"
"JAK2",699,1,TRUE,0,"MS microglia, lesion net","#c0392b"
"JARID2",661,1,TRUE,0,"MS microglia, lesion net","#c0392b"
"JAZF1",756,1,TRUE,0,"MS microglia, lesion net","#c0392b"
"JMJD1C",676,1,TRUE,0,"MS microglia, lesion net","#c0392b"
"KANSL1",743,1,TRUE,0,"MS microglia, lesion net","#c0392b"
"KAT6A",562,1,TRUE,0,"MS microglia, lesion net","#c0392b"
"KCNIP1",765,1,TRUE,0,"MS microglia, lesion net","#c0392b"
"KCNK13",748,1,TRUE,0,"MS microglia, lesion net","#c0392b"
"KCNMA1",766,1,TRUE,0,"MS microglia, lesion net","#c0392b"
"KCNQ3",756,1,TRUE,0,"MS microglia, lesion net","#c0392b"
"KCTD12",743,1,TRUE,0,"MS microglia, lesion net","#c0392b"
"KDM2A",555,1,TRUE,0,"MS microglia, lesion net","#c0392b"
"KDM4C",3,4,TRUE,1,"MS microglia, lesion net","#c0392b"
"KDM6A",247,1,TRUE,0,"MS microglia, lesion net","#c0392b"
"KHDRBS3",765,1,TRUE,0,"MS microglia, lesion net","#c0392b"
"KIAA1109",457,1,TRUE,0,"MS microglia, lesion net","#c0392b"
"KIF16B",661,1,TRUE,0,"MS microglia, lesion net","#c0392b"
"KLHL6",747,1,TRUE,0,"MS microglia, lesion net","#c0392b"
"KMT2C",240,1,TRUE,0,"MS microglia, lesion net","#c0392b"
"KMT2E",616,1,TRUE,0,"MS microglia, lesion net","#c0392b"
"KYNU",750,1,TRUE,0,"MS microglia, lesion net","#c0392b"
"L3MBTL4",699,1,TRUE,0,"MS microglia, lesion net","#c0392b"
"LAPTM5",740,1,TRUE,0,"MS microglia, lesion net","#c0392b"
"LCOR",431,1,TRUE,0,"MS microglia, lesion net","#c0392b"
"LCORL",397,1,TRUE,0,"MS microglia, lesion net","#c0392b"
"LDLRAD4",772,1,TRUE,0,"MS microglia, lesion net","#c0392b"
"LHFPL2",764,1,TRUE,0,"MS microglia, lesion net","#c0392b"
"LIMS1",726,1,TRUE,0,"MS microglia, lesion net","#c0392b"
"LINC00278",762,1,TRUE,0,"MS microglia, lesion net","#c0392b"
"LINC01091",709,1,TRUE,0,"MS microglia, lesion net","#c0392b"
"LINC01374",752,1,TRUE,0,"MS microglia, lesion net","#c0392b"
"LINC01473",327,1,TRUE,0,"MS microglia, lesion net","#c0392b"
"LINC02232",750,1,TRUE,0,"MS microglia, lesion net","#c0392b"
"LINC02798",763,1,TRUE,0,"MS microglia, lesion net","#c0392b"
"LNCAROD",765,1,TRUE,0,"MS microglia, lesion net","#c0392b"
"LPCAT2",748,1,TRUE,0,"MS microglia, lesion net","#c0392b"
"LPP",747,1,TRUE,0,"MS microglia, lesion net","#c0392b"
"LRBA",663,1,TRUE,0,"MS microglia, lesion net","#c0392b"
"LRCH1",719,1,TRUE,0,"MS microglia, lesion net","#c0392b"
"LRMDA",743,1,TRUE,0,"MS microglia, lesion net","#c0392b"
"LRRC4C",746,1,TRUE,0,"MS microglia, lesion net","#c0392b"
"LRRC8D",670,1,TRUE,0,"MS microglia, lesion net","#c0392b"
"LRRK1",739,1,TRUE,0,"MS microglia, lesion net","#c0392b"
"LRRK2",752,1,TRUE,0,"MS microglia, lesion net","#c0392b"
"LY86",692,1,TRUE,0,"MS microglia, lesion net","#c0392b"
"LYN",739,1,TRUE,0,"MS microglia, lesion net","#c0392b"
"LYST",755,1,TRUE,0,"MS microglia, lesion net","#c0392b"
"MACF1",525,1,TRUE,0,"MS microglia, lesion net","#c0392b"
"MACROD2",600,1,TRUE,0,"MS microglia, lesion net","#c0392b"
"MAF",750,1,TRUE,0,"MS microglia, lesion net","#c0392b"
"MALAT1",772,1,TRUE,0,"MS microglia, lesion net","#c0392b"
"MAML2",757,1,TRUE,0,"MS microglia, lesion net","#c0392b"
"MAML3",730,1,TRUE,0,"MS microglia, lesion net","#c0392b"
"MAN1A1",739,1,TRUE,0,"MS microglia, lesion net","#c0392b"
"MAN1C1",736,1,TRUE,0,"MS microglia, lesion net","#c0392b"
"MAN2A1",768,1,TRUE,0,"MS microglia, lesion net","#c0392b"
"MANBA",737,1,TRUE,0,"MS microglia, lesion net","#c0392b"
"MAP3K2",681,1,TRUE,0,"MS microglia, lesion net","#c0392b"
"MAP3K5",666,1,TRUE,0,"MS microglia, lesion net","#c0392b"
"MAP4K3",636,1,TRUE,0,"MS microglia, lesion net","#c0392b"
"MAP4K4",722,1,TRUE,0,"MS microglia, lesion net","#c0392b"
"MAPKAP1",720,1,TRUE,0,"MS microglia, lesion net","#c0392b"
"MARCH1",647,1,TRUE,0,"MS microglia, lesion net","#c0392b"
"MARCH3",512,1,TRUE,0,"MS microglia, lesion net","#c0392b"
"MARK3",578,1,TRUE,0,"MS microglia, lesion net","#c0392b"
"MBD5",212,1,TRUE,0,"MS microglia, lesion net","#c0392b"
"MBNL1",770,1,TRUE,0,"MS microglia, lesion net","#c0392b"
"MBNL2",690,1,TRUE,0,"MS microglia, lesion net","#c0392b"
"MBP",718,1,TRUE,0,"MS microglia, lesion net","#c0392b"
"MED13L",761,1,TRUE,0,"MS microglia, lesion net","#c0392b"
"MEF2A",763,1,TRUE,0,"MS microglia, lesion net","#c0392b"
"MEF2C",742,1,TRUE,0,"MS microglia, lesion net","#c0392b"
"MEF2C-AS1",693,1,TRUE,0,"MS microglia, lesion net","#c0392b"
"MERTK",645,1,TRUE,0,"MS microglia, lesion net","#c0392b"
"MGAT4A",736,1,TRUE,0,"MS microglia, lesion net","#c0392b"
"MGAT5",756,1,TRUE,0,"MS microglia, lesion net","#c0392b"
"MIR181A1HG",747,1,TRUE,0,"MS microglia, lesion net","#c0392b"
"MIR646HG",571,3,TRUE,0.00350262697022767,"MS microglia, lesion net","#c0392b"
"MIR99AHG",767,1,TRUE,0,"MS microglia, lesion net","#c0392b"
"MITF",777,1,TRUE,0,"MS microglia, lesion net","#c0392b"
"MKLN1",705,1,TRUE,0,"MS microglia, lesion net","#c0392b"
"MLLT10",602,1,TRUE,0,"MS microglia, lesion net","#c0392b"
"MRTFA",546,1,TRUE,0,"MS microglia, lesion net","#c0392b"
"MS4A4A",754,1,TRUE,0,"MS microglia, lesion net","#c0392b"
"MS4A6A",725,1,TRUE,0,"MS microglia, lesion net","#c0392b"
"MSI2",685,1,TRUE,0,"MS microglia, lesion net","#c0392b"
"MSR1",765,1,TRUE,0,"MS microglia, lesion net","#c0392b"
"MTHFD1L",748,1,TRUE,0,"MS microglia, lesion net","#c0392b"
"MTSS1",746,1,TRUE,0,"MS microglia, lesion net","#c0392b"
"MVB12B",733,1,TRUE,0,"MS microglia, lesion net","#c0392b"
"MYCBP2",726,1,TRUE,0,"MS microglia, lesion net","#c0392b"
"MYO1D",764,1,TRUE,0,"MS microglia, lesion net","#c0392b"
"MYO1E",765,1,TRUE,0,"MS microglia, lesion net","#c0392b"
"MYO1F",724,1,TRUE,0,"MS microglia, lesion net","#c0392b"
"MYO5A",744,1,TRUE,0,"MS microglia, lesion net","#c0392b"
"MYO9B",730,1,TRUE,0,"MS microglia, lesion net","#c0392b"
"N4BP2L2",716,1,TRUE,0,"MS microglia, lesion net","#c0392b"
"NAALADL2",702,1,TRUE,0,"MS microglia, lesion net","#c0392b"
"NAMPT",761,1,TRUE,0,"MS microglia, lesion net","#c0392b"
"NAV2",713,1,TRUE,0,"MS microglia, lesion net","#c0392b"
"NAV3",776,1,TRUE,0,"MS microglia, lesion net","#c0392b"
"NBEA",683,1,TRUE,0,"MS microglia, lesion net","#c0392b"
"NCK2",765,1,TRUE,0,"MS microglia, lesion net","#c0392b"
"NCKAP5",672,1,TRUE,0,"MS microglia, lesion net","#c0392b"
"NCOA1",465,1,TRUE,0,"MS microglia, lesion net","#c0392b"
"NCOA2",662,1,TRUE,0,"MS microglia, lesion net","#c0392b"
"NCOA3",692,1,TRUE,0,"MS microglia, lesion net","#c0392b"
"NEAT1",760,1,TRUE,0,"MS microglia, lesion net","#c0392b"
"NEDD4L",436,1,TRUE,0,"MS microglia, lesion net","#c0392b"
"NEK7",735,1,TRUE,0,"MS microglia, lesion net","#c0392b"
"NF1",567,1,TRUE,0,"MS microglia, lesion net","#c0392b"
"NFAT5",592,1,TRUE,0,"MS microglia, lesion net","#c0392b"
"NFATC2",749,1,TRUE,0,"MS microglia, lesion net","#c0392b"
"NFIA",703,1,TRUE,0,"MS microglia, lesion net","#c0392b"
"NFKB1",504,1,TRUE,0,"MS microglia, lesion net","#c0392b"
"NHSL1",775,1,TRUE,0,"MS microglia, lesion net","#c0392b"
"NIBAN1",760,1,TRUE,0,"MS microglia, lesion net","#c0392b"
"NIPBL",731,1,TRUE,0,"MS microglia, lesion net","#c0392b"
"NLK",648,1,TRUE,0,"MS microglia, lesion net","#c0392b"
"NPAS3",762,1,TRUE,0,"MS microglia, lesion net","#c0392b"
"NPL",759,1,TRUE,0,"MS microglia, lesion net","#c0392b"
"NR3C1",710,1,TRUE,0,"MS microglia, lesion net","#c0392b"
"NR3C2",593,1,TRUE,0,"MS microglia, lesion net","#c0392b"
"NRIP1",682,1,TRUE,0,"MS microglia, lesion net","#c0392b"
"NSMCE2",604,1,TRUE,0,"MS microglia, lesion net","#c0392b"
"NUMB",275,1,TRUE,0,"MS microglia, lesion net","#c0392b"
"OSBPL1A",587,1,TRUE,0,"MS microglia, lesion net","#c0392b"
"OSBPL3",684,1,TRUE,0,"MS microglia, lesion net","#c0392b"
"OSBPL8",692,1,TRUE,0,"MS microglia, lesion net","#c0392b"
"OXR1",758,1,TRUE,0,"MS microglia, lesion net","#c0392b"
"P2RY12",759,1,TRUE,0,"MS microglia, lesion net","#c0392b"
"P4HA1",729,1,TRUE,0,"MS microglia, lesion net","#c0392b"
"PABPC1",695,1,TRUE,0,"MS microglia, lesion net","#c0392b"
"PACS1",202,1,TRUE,0,"MS microglia, lesion net","#c0392b"
"PADI2",769,1,TRUE,0,"MS microglia, lesion net","#c0392b"
"PAG1",729,1,TRUE,0,"MS microglia, lesion net","#c0392b"
"PALD1",765,1,TRUE,0,"MS microglia, lesion net","#c0392b"
"PAN3",678,1,TRUE,0,"MS microglia, lesion net","#c0392b"
"PARP14",751,1,TRUE,0,"MS microglia, lesion net","#c0392b"
"PARP8",676,1,TRUE,0,"MS microglia, lesion net","#c0392b"
"PBX3",725,1,TRUE,0,"MS microglia, lesion net","#c0392b"
"PCCA",393,1,TRUE,0,"MS microglia, lesion net","#c0392b"
"PCDH9",560,1,TRUE,0,"MS microglia, lesion net","#c0392b"
"PCM1",590,1,TRUE,0,"MS microglia, lesion net","#c0392b"
"PCNX2",754,1,TRUE,0,"MS microglia, lesion net","#c0392b"
"PDE3B",713,1,TRUE,0,"MS microglia, lesion net","#c0392b"
"PDE4B",770,1,TRUE,0,"MS microglia, lesion net","#c0392b"
"PDE4D",737,1,TRUE,0,"MS microglia, lesion net","#c0392b"
"PDE8A",750,1,TRUE,0,"MS microglia, lesion net","#c0392b"
"PDGFC",767,1,TRUE,0,"MS microglia, lesion net","#c0392b"
"PDS5B",683,1,TRUE,0,"MS microglia, lesion net","#c0392b"
"PEAK1",733,1,TRUE,0,"MS microglia, lesion net","#c0392b"
"PECAM1",676,1,TRUE,0,"MS microglia, lesion net","#c0392b"
"PELI1",729,1,TRUE,0,"MS microglia, lesion net","#c0392b"
"PELI2",721,1,TRUE,0,"MS microglia, lesion net","#c0392b"
"PFKFB3",766,1,TRUE,0,"MS microglia, lesion net","#c0392b"
"PHACTR2",584,1,TRUE,0,"MS microglia, lesion net","#c0392b"
"PHC2",737,1,TRUE,0,"MS microglia, lesion net","#c0392b"
"PHC3",420,1,TRUE,0,"MS microglia, lesion net","#c0392b"
"PHF21A",703,1,TRUE,0,"MS microglia, lesion net","#c0392b"
"PHIP",626,1,TRUE,0,"MS microglia, lesion net","#c0392b"
"PIAS1",579,1,TRUE,0,"MS microglia, lesion net","#c0392b"
"PICALM",760,1,TRUE,0,"MS microglia, lesion net","#c0392b"
"PIK3AP1",752,1,TRUE,0,"MS microglia, lesion net","#c0392b"
"PIK3R1",284,1,TRUE,0,"MS microglia, lesion net","#c0392b"
"PIK3R5",750,1,TRUE,0,"MS microglia, lesion net","#c0392b"
"PIP4K2A",193,1,TRUE,0,"MS microglia, lesion net","#c0392b"
"PKN2",644,1,TRUE,0,"MS microglia, lesion net","#c0392b"
"PLCG2",464,1,TRUE,0,"MS microglia, lesion net","#c0392b"
"PLCL1",758,1,TRUE,0,"MS microglia, lesion net","#c0392b"
"PLCL2",719,1,TRUE,0,"MS microglia, lesion net","#c0392b"
"PLSCR1",757,1,TRUE,0,"MS microglia, lesion net","#c0392b"
"PLXDC2",759,1,TRUE,0,"MS microglia, lesion net","#c0392b"
"PNISR",522,1,TRUE,0,"MS microglia, lesion net","#c0392b"
"POU2F1",630,1,TRUE,0,"MS microglia, lesion net","#c0392b"
"PPARD",764,1,TRUE,0,"MS microglia, lesion net","#c0392b"
"PPARG",768,1,TRUE,0,"MS microglia, lesion net","#c0392b"
"PPM1L",632,1,TRUE,0,"MS microglia, lesion net","#c0392b"
"PPP1R12A",507,1,TRUE,0,"MS microglia, lesion net","#c0392b"
"PPP2R5C",705,1,TRUE,0,"MS microglia, lesion net","#c0392b"
"PPP3CA",691,1,TRUE,0,"MS microglia, lesion net","#c0392b"
"PPP6R3",571,1,TRUE,0,"MS microglia, lesion net","#c0392b"
"PREX1",716,1,TRUE,0,"MS microglia, lesion net","#c0392b"
"PRKAG2",761,1,TRUE,0,"MS microglia, lesion net","#c0392b"
"PRKCA",755,1,TRUE,0,"MS microglia, lesion net","#c0392b"
"PRKCB",741,1,TRUE,0,"MS microglia, lesion net","#c0392b"
"PRKCE",753,1,TRUE,0,"MS microglia, lesion net","#c0392b"
"PRKCH",676,1,TRUE,0,"MS microglia, lesion net","#c0392b"
"PRKN",725,1,TRUE,0,"MS microglia, lesion net","#c0392b"
"PRRC2C",709,1,TRUE,0,"MS microglia, lesion net","#c0392b"
"PSAP",755,1,TRUE,0,"MS microglia, lesion net","#c0392b"
"PSMA1",459,1,TRUE,0,"MS microglia, lesion net","#c0392b"
"PTBP3",712,1,TRUE,0,"MS microglia, lesion net","#c0392b"
"PTEN",533,1,TRUE,0,"MS microglia, lesion net","#c0392b"
"PTK2",469,1,TRUE,0,"MS microglia, lesion net","#c0392b"
"PTPN2",753,1,TRUE,0,"MS microglia, lesion net","#c0392b"
"PTPRC",726,1,TRUE,0,"MS microglia, lesion net","#c0392b"
"PTPRE",772,1,TRUE,0,"MS microglia, lesion net","#c0392b"
"PTPRG",754,1,TRUE,0,"MS microglia, lesion net","#c0392b"
"PTPRJ",762,1,TRUE,0,"MS microglia, lesion net","#c0392b"
"PTPRM",729,1,TRUE,0,"MS microglia, lesion net","#c0392b"
"PUM2",632,1,TRUE,0,"MS microglia, lesion net","#c0392b"
"QKI",733,1,TRUE,0,"MS microglia, lesion net","#c0392b"
"R3HDM2",301,1,TRUE,0,"MS microglia, lesion net","#c0392b"
"RAB10",747,1,TRUE,0,"MS microglia, lesion net","#c0392b"
"RAB1A",680,1,TRUE,0,"MS microglia, lesion net","#c0392b"
"RAB31",765,1,TRUE,0,"MS microglia, lesion net","#c0392b"
"RABGAP1L",629,1,TRUE,0,"MS microglia, lesion net","#c0392b"
"RAD51B",673,1,TRUE,0,"MS microglia, lesion net","#c0392b"
"RALGAPA2",755,1,TRUE,0,"MS microglia, lesion net","#c0392b"
"RAP1A",476,1,TRUE,0,"MS microglia, lesion net","#c0392b"
"RAPGEF1",770,1,TRUE,0,"MS microglia, lesion net","#c0392b"
"RAPGEF2",548,1,TRUE,0,"MS microglia, lesion net","#c0392b"
"RAPGEF6",687,1,TRUE,0,"MS microglia, lesion net","#c0392b"
"RASA1",714,1,TRUE,0,"MS microglia, lesion net","#c0392b"
"RASAL2",727,1,TRUE,0,"MS microglia, lesion net","#c0392b"
"RASGEF1C",767,1,TRUE,0,"MS microglia, lesion net","#c0392b"
"RASSF3",668,1,TRUE,0,"MS microglia, lesion net","#c0392b"
"RASSF8",731,1,TRUE,0,"MS microglia, lesion net","#c0392b"
"RB1",685,1,TRUE,0,"MS microglia, lesion net","#c0392b"
"RBM47",761,1,TRUE,0,"MS microglia, lesion net","#c0392b"
"RBM6",413,1,TRUE,0,"MS microglia, lesion net","#c0392b"
"RBMS1",714,1,TRUE,0,"MS microglia, lesion net","#c0392b"
"RBPJ",585,1,TRUE,0,"MS microglia, lesion net","#c0392b"
"RCSD1",609,1,TRUE,0,"MS microglia, lesion net","#c0392b"
"RERE",420,1,TRUE,0,"MS microglia, lesion net","#c0392b"
"REV3L",716,1,TRUE,0,"MS microglia, lesion net","#c0392b"
"RFX3",717,1,TRUE,0,"MS microglia, lesion net","#c0392b"
"RGL1",761,1,TRUE,0,"MS microglia, lesion net","#c0392b"
"RGS1",756,1,TRUE,0,"MS microglia, lesion net","#c0392b"
"RHBDF2",772,1,TRUE,0,"MS microglia, lesion net","#c0392b"
"RICTOR",723,1,TRUE,0,"MS microglia, lesion net","#c0392b"
"RIN2",667,1,TRUE,0,"MS microglia, lesion net","#c0392b"
"RIN3",750,1,TRUE,0,"MS microglia, lesion net","#c0392b"
"RNASET2",762,1,TRUE,0,"MS microglia, lesion net","#c0392b"
"RNF13",770,1,TRUE,0,"MS microglia, lesion net","#c0392b"
"RNF130",615,1,TRUE,0,"MS microglia, lesion net","#c0392b"
"RNF144B",744,1,TRUE,0,"MS microglia, lesion net","#c0392b"
"RNF149",760,1,TRUE,0,"MS microglia, lesion net","#c0392b"
"RNF213",716,1,TRUE,0,"MS microglia, lesion net","#c0392b"
"ROCK1",611,1,TRUE,0,"MS microglia, lesion net","#c0392b"
"RREB1",418,1,TRUE,0,"MS microglia, lesion net","#c0392b"
"RSRC1",518,1,TRUE,0,"MS microglia, lesion net","#c0392b"
"RTN4",739,1,TRUE,0,"MS microglia, lesion net","#c0392b"
"RTTN",712,1,TRUE,0,"MS microglia, lesion net","#c0392b"
"RUNX1",764,1,TRUE,0,"MS microglia, lesion net","#c0392b"
"RUNX2",749,1,TRUE,0,"MS microglia, lesion net","#c0392b"
"SAMD12",335,1,TRUE,0,"MS microglia, lesion net","#c0392b"
"SAMD4A",768,1,TRUE,0,"MS microglia, lesion net","#c0392b"
"SAMSN1",750,1,TRUE,0,"MS microglia, lesion net","#c0392b"
"SAT1",770,1,TRUE,0,"MS microglia, lesion net","#c0392b"
"SBF2",662,1,TRUE,0,"MS microglia, lesion net","#c0392b"
"SCAF11",525,1,TRUE,0,"MS microglia, lesion net","#c0392b"
"SCAPER",336,1,TRUE,0,"MS microglia, lesion net","#c0392b"
"SCFD2",695,1,TRUE,0,"MS microglia, lesion net","#c0392b"
"SCIN",747,1,TRUE,0,"MS microglia, lesion net","#c0392b"
"SDCBP",763,1,TRUE,0,"MS microglia, lesion net","#c0392b"
"SDCCAG8",546,1,TRUE,0,"MS microglia, lesion net","#c0392b"
"SDK1",749,1,TRUE,0,"MS microglia, lesion net","#c0392b"
"SEC14L1",753,1,TRUE,0,"MS microglia, lesion net","#c0392b"
"SENP6",668,1,TRUE,0,"MS microglia, lesion net","#c0392b"
"SERPINE1",506,1,TRUE,0,"MS microglia, lesion net","#c0392b"
"SETD2",539,1,TRUE,0,"MS microglia, lesion net","#c0392b"
"SETX",528,1,TRUE,0,"MS microglia, lesion net","#c0392b"
"SFMBT2",755,1,TRUE,0,"MS microglia, lesion net","#c0392b"
"SGK1",737,1,TRUE,0,"MS microglia, lesion net","#c0392b"
"SGK3",680,1,TRUE,0,"MS microglia, lesion net","#c0392b"
"SGMS1",579,1,TRUE,0,"MS microglia, lesion net","#c0392b"
"SH3BGRL",728,1,TRUE,0,"MS microglia, lesion net","#c0392b"
"SH3KBP1",734,1,TRUE,0,"MS microglia, lesion net","#c0392b"
"SH3RF3",765,1,TRUE,0,"MS microglia, lesion net","#c0392b"
"SHTN1",755,1,TRUE,0,"MS microglia, lesion net","#c0392b"
"SIK3",686,1,TRUE,0,"MS microglia, lesion net","#c0392b"
"SIPA1L1",767,1,TRUE,0,"MS microglia, lesion net","#c0392b"
"SIPA1L2",608,1,TRUE,0,"MS microglia, lesion net","#c0392b"
"SKAP2",553,1,TRUE,0,"MS microglia, lesion net","#c0392b"
"SKI",760,1,TRUE,0,"MS microglia, lesion net","#c0392b"
"SLA",742,1,TRUE,0,"MS microglia, lesion net","#c0392b"
"SLC11A1",776,1,TRUE,0,"MS microglia, lesion net","#c0392b"
"SLC16A10",747,1,TRUE,0,"MS microglia, lesion net","#c0392b"
"SLC1A3",759,1,TRUE,0,"MS microglia, lesion net","#c0392b"
"SLC22A23",751,1,TRUE,0,"MS microglia, lesion net","#c0392b"
"SLC25A13",643,1,TRUE,0,"MS microglia, lesion net","#c0392b"
"SLC25A37",766,1,TRUE,0,"MS microglia, lesion net","#c0392b"
"SLC2A13",525,1,TRUE,0,"MS microglia, lesion net","#c0392b"
"SLC2A3",744,1,TRUE,0,"MS microglia, lesion net","#c0392b"
"SLC39A11",657,1,TRUE,0,"MS microglia, lesion net","#c0392b"
"SLC44A1",612,1,TRUE,0,"MS microglia, lesion net","#c0392b"
"SLC4A7",753,1,TRUE,0,"MS microglia, lesion net","#c0392b"
"SLC8A1",711,1,TRUE,0,"MS microglia, lesion net","#c0392b"
"SLC9A9",702,1,TRUE,0,"MS microglia, lesion net","#c0392b"
"SLCO2B1",735,1,TRUE,0,"MS microglia, lesion net","#c0392b"
"SMAD2",681,1,TRUE,0,"MS microglia, lesion net","#c0392b"
"SMAP2",740,1,TRUE,0,"MS microglia, lesion net","#c0392b"
"SMARCA2",520,1,TRUE,0,"MS microglia, lesion net","#c0392b"
"SMCHD1",722,1,TRUE,0,"MS microglia, lesion net","#c0392b"
"SMURF2",541,1,TRUE,0,"MS microglia, lesion net","#c0392b"
"SMYD3",611,1,TRUE,0,"MS microglia, lesion net","#c0392b"
"SNCA",643,1,TRUE,0,"MS microglia, lesion net","#c0392b"
"SND1",743,1,TRUE,0,"MS microglia, lesion net","#c0392b"
"SNX13",682,1,TRUE,0,"MS microglia, lesion net","#c0392b"
"SNX29",746,1,TRUE,0,"MS microglia, lesion net","#c0392b"
"SOCS6",758,1,TRUE,0,"MS microglia, lesion net","#c0392b"
"SORL1",764,1,TRUE,0,"MS microglia, lesion net","#c0392b"
"SORT1",719,1,TRUE,0,"MS microglia, lesion net","#c0392b"
"SOS1",640,1,TRUE,0,"MS microglia, lesion net","#c0392b"
"SP100",612,1,TRUE,0,"MS microglia, lesion net","#c0392b"
"SPATA13",765,1,TRUE,0,"MS microglia, lesion net","#c0392b"
"SPECC1",722,1,TRUE,0,"MS microglia, lesion net","#c0392b"
"SPI1",589,1,TRUE,0,"MS microglia, lesion net","#c0392b"
"SPIDR",720,1,TRUE,0,"MS microglia, lesion net","#c0392b"
"SPIRE1",767,1,TRUE,0,"MS microglia, lesion net","#c0392b"
"SPP1",766,1,TRUE,0,"MS microglia, lesion net","#c0392b"
"SPPL3",637,1,TRUE,0,"MS microglia, lesion net","#c0392b"
"SPRED1",722,1,TRUE,0,"MS microglia, lesion net","#c0392b"
"SPTLC2",750,1,TRUE,0,"MS microglia, lesion net","#c0392b"
"SRGAP1",740,1,TRUE,0,"MS microglia, lesion net","#c0392b"
"SRGAP2",771,1,TRUE,0,"MS microglia, lesion net","#c0392b"
"SRGAP2B",762,1,TRUE,0,"MS microglia, lesion net","#c0392b"
"SRGAP2C",757,1,TRUE,0,"MS microglia, lesion net","#c0392b"
"SRGAP3",643,1,TRUE,0,"MS microglia, lesion net","#c0392b"
"SRGN",765,1,TRUE,0,"MS microglia, lesion net","#c0392b"
"SRPK2",685,1,TRUE,0,"MS microglia, lesion net","#c0392b"
"SRRM2",730,1,TRUE,0,"MS microglia, lesion net","#c0392b"
"SSBP2",706,1,TRUE,0,"MS microglia, lesion net","#c0392b"
"SSH1",713,1,TRUE,0,"MS microglia, lesion net","#c0392b"
"SSH2",769,1,TRUE,0,"MS microglia, lesion net","#c0392b"
"ST18",672,1,TRUE,0,"MS microglia, lesion net","#c0392b"
"ST6GAL1",773,1,TRUE,0,"MS microglia, lesion net","#c0392b"
"ST6GALNAC3",762,1,TRUE,0,"MS microglia, lesion net","#c0392b"
"ST8SIA4",318,1,TRUE,0,"MS microglia, lesion net","#c0392b"
"STAG1",643,1,TRUE,0,"MS microglia, lesion net","#c0392b"
"STARD13",767,1,TRUE,0,"MS microglia, lesion net","#c0392b"
"STAT3",756,1,TRUE,0,"MS microglia, lesion net","#c0392b"
"STAU2",643,1,TRUE,0,"MS microglia, lesion net","#c0392b"
"STK3",532,1,TRUE,0,"MS microglia, lesion net","#c0392b"
"STX7",736,1,TRUE,0,"MS microglia, lesion net","#c0392b"
"SUCLG2",381,1,TRUE,0,"MS microglia, lesion net","#c0392b"
"SUMF1",629,1,TRUE,0,"MS microglia, lesion net","#c0392b"
"SUPT3H",659,1,TRUE,0,"MS microglia, lesion net","#c0392b"
"SUSD6",375,12,TRUE,0.0293333333333333,"MS microglia, lesion net","#c0392b"
"SWAP70",657,1,TRUE,0,"MS microglia, lesion net","#c0392b"
"SYK",726,1,TRUE,0,"MS microglia, lesion net","#c0392b"
"SYNDIG1",777,1,TRUE,0,"MS microglia, lesion net","#c0392b"
"SYTL3",764,1,TRUE,0,"MS microglia, lesion net","#c0392b"
"TAB2",739,1,TRUE,0,"MS microglia, lesion net","#c0392b"
"TANC2",754,1,TRUE,0,"MS microglia, lesion net","#c0392b"
"TANK",507,1,TRUE,0,"MS microglia, lesion net","#c0392b"
"TAOK3",271,1,TRUE,0,"MS microglia, lesion net","#c0392b"
"TBC1D1",709,1,TRUE,0,"MS microglia, lesion net","#c0392b"
"TBC1D12",659,1,TRUE,0,"MS microglia, lesion net","#c0392b"
"TBC1D14",772,1,TRUE,0,"MS microglia, lesion net","#c0392b"
"TBC1D22A",711,1,TRUE,0,"MS microglia, lesion net","#c0392b"
"TBC1D4",744,1,TRUE,0,"MS microglia, lesion net","#c0392b"
"TBC1D5",713,1,TRUE,0,"MS microglia, lesion net","#c0392b"
"TBL1XR1",648,1,TRUE,0,"MS microglia, lesion net","#c0392b"
"TBXAS1",659,1,TRUE,0,"MS microglia, lesion net","#c0392b"
"TCF12",728,1,TRUE,0,"MS microglia, lesion net","#c0392b"
"TCF4",762,1,TRUE,0,"MS microglia, lesion net","#c0392b"
"TENM4",512,1,TRUE,0,"MS microglia, lesion net","#c0392b"
"TENT2",723,1,TRUE,0,"MS microglia, lesion net","#c0392b"
"TET2",688,1,TRUE,0,"MS microglia, lesion net","#c0392b"
"TFEC",762,1,TRUE,0,"MS microglia, lesion net","#c0392b"
"TFRC",732,1,TRUE,0,"MS microglia, lesion net","#c0392b"
"TGFBR1",762,1,TRUE,0,"MS microglia, lesion net","#c0392b"
"TGFBR2",650,1,TRUE,0,"MS microglia, lesion net","#c0392b"
"THADA",357,1,TRUE,0,"MS microglia, lesion net","#c0392b"
"TIAM1",742,1,TRUE,0,"MS microglia, lesion net","#c0392b"
"TLN2",761,1,TRUE,0,"MS microglia, lesion net","#c0392b"
"TLR2",662,1,TRUE,0,"MS microglia, lesion net","#c0392b"
"TMCC1",723,2,TRUE,0.00138312586445367,"MS microglia, lesion net","#c0392b"
"TMEM117",571,1,TRUE,0,"MS microglia, lesion net","#c0392b"
"TMEM119",520,1,TRUE,0,"MS microglia, lesion net","#c0392b"
"TMEM163",730,1,TRUE,0,"MS microglia, lesion net","#c0392b"
"TMEM65",764,1,TRUE,0,"MS microglia, lesion net","#c0392b"
"TMSB4X",765,1,TRUE,0,"MS microglia, lesion net","#c0392b"
"TMTC2",345,1,TRUE,0,"MS microglia, lesion net","#c0392b"
"TNFRSF1B",768,1,TRUE,0,"MS microglia, lesion net","#c0392b"
"TNPO1",725,1,TRUE,0,"MS microglia, lesion net","#c0392b"
"TNRC6B",609,1,TRUE,0,"MS microglia, lesion net","#c0392b"
"TNS3",745,1,TRUE,0,"MS microglia, lesion net","#c0392b"
"TPK1",598,1,TRUE,0,"MS microglia, lesion net","#c0392b"
"TPRG1",769,1,TRUE,0,"MS microglia, lesion net","#c0392b"
"TRAPPC9",584,1,TRUE,0,"MS microglia, lesion net","#c0392b"
"TREM2",647,1,TRUE,0,"MS microglia, lesion net","#c0392b"
"TRHDE",708,1,TRUE,0,"MS microglia, lesion net","#c0392b"
"TRIO",709,1,TRUE,0,"MS microglia, lesion net","#c0392b"
"TRIP12",489,1,TRUE,0,"MS microglia, lesion net","#c0392b"
"TRPM2",716,1,TRUE,0,"MS microglia, lesion net","#c0392b"
"TRPS1",753,1,TRUE,0,"MS microglia, lesion net","#c0392b"
"TSHR",484,1,TRUE,0,"MS microglia, lesion net","#c0392b"
"TSPAN14",671,1,TRUE,0,"MS microglia, lesion net","#c0392b"
"TTC17",560,1,TRUE,0,"MS microglia, lesion net","#c0392b"
"TTC28",621,1,TRUE,0,"MS microglia, lesion net","#c0392b"
"TTC3",573,1,TRUE,0,"MS microglia, lesion net","#c0392b"
"TTC7A",763,1,TRUE,0,"MS microglia, lesion net","#c0392b"
"TUT7",500,1,TRUE,0,"MS microglia, lesion net","#c0392b"
"TXNIP",743,1,TRUE,0,"MS microglia, lesion net","#c0392b"
"TYROBP",667,1,TRUE,0,"MS microglia, lesion net","#c0392b"
"UBE2D3",590,1,TRUE,0,"MS microglia, lesion net","#c0392b"
"UBE2E1",437,1,TRUE,0,"MS microglia, lesion net","#c0392b"
"UBE2E2",715,1,TRUE,0,"MS microglia, lesion net","#c0392b"
"UBE2K",535,1,TRUE,0,"MS microglia, lesion net","#c0392b"
"UBE2W",382,1,TRUE,0,"MS microglia, lesion net","#c0392b"
"UBL3",541,1,TRUE,0,"MS microglia, lesion net","#c0392b"
"UBR5",683,1,TRUE,0,"MS microglia, lesion net","#c0392b"
"UBXN2B",765,1,TRUE,0,"MS microglia, lesion net","#c0392b"
"UGCG",702,1,TRUE,0,"MS microglia, lesion net","#c0392b"
"UMAD1",59,1,TRUE,0,"MS microglia, lesion net","#c0392b"
"USP15",624,1,TRUE,0,"MS microglia, lesion net","#c0392b"
"USP34",534,1,TRUE,0,"MS microglia, lesion net","#c0392b"
"USP53",769,1,TRUE,0,"MS microglia, lesion net","#c0392b"
"USP6NL",645,1,TRUE,0,"MS microglia, lesion net","#c0392b"
"UST",674,14,TRUE,0.0192878338278932,"MS microglia, lesion net","#c0392b"
"UTRN",730,1,TRUE,0,"MS microglia, lesion net","#c0392b"
"UTY",763,1,TRUE,0,"MS microglia, lesion net","#c0392b"
"UVRAG",736,1,TRUE,0,"MS microglia, lesion net","#c0392b"
"VMP1",706,1,TRUE,0,"MS microglia, lesion net","#c0392b"
"VOPP1",536,1,TRUE,0,"MS microglia, lesion net","#c0392b"
"VPS13B",223,1,TRUE,0,"MS microglia, lesion net","#c0392b"
"VPS13C",748,1,TRUE,0,"MS microglia, lesion net","#c0392b"
"VPS8",750,1,TRUE,0,"MS microglia, lesion net","#c0392b"
"VTI1A",159,1,TRUE,0,"MS microglia, lesion net","#c0392b"
"WAC",430,1,TRUE,0,"MS microglia, lesion net","#c0392b"
"WASF2",698,1,TRUE,0,"MS microglia, lesion net","#c0392b"
"WASHC4",730,1,TRUE,0,"MS microglia, lesion net","#c0392b"
"WDFY2",486,1,TRUE,0,"MS microglia, lesion net","#c0392b"
"WDFY3",367,1,TRUE,0,"MS microglia, lesion net","#c0392b"
"WDFY4",693,1,TRUE,0,"MS microglia, lesion net","#c0392b"
"WDR7",480,1,TRUE,0,"MS microglia, lesion net","#c0392b"
"WDR70",518,1,TRUE,0,"MS microglia, lesion net","#c0392b"
"WIPF1",617,1,TRUE,0,"MS microglia, lesion net","#c0392b"
"WNK1",399,1,TRUE,0,"MS microglia, lesion net","#c0392b"
"WSB1",526,1,TRUE,0,"MS microglia, lesion net","#c0392b"
"WWOX",321,1,TRUE,0,"MS microglia, lesion net","#c0392b"
"XACT",754,1,TRUE,0,"MS microglia, lesion net","#c0392b"
"XIST",765,1,TRUE,0,"MS microglia, lesion net","#c0392b"
"XPR1",715,1,TRUE,0,"MS microglia, lesion net","#c0392b"
"XYLT1",731,1,TRUE,0,"MS microglia, lesion net","#c0392b"
"YKT6",145,1,TRUE,0,"MS microglia, lesion net","#c0392b"
"ZBTB16",745,1,TRUE,0,"MS microglia, lesion net","#c0392b"
"ZBTB20",738,1,TRUE,0,"MS microglia, lesion net","#c0392b"
"ZCCHC7",622,1,TRUE,0,"MS microglia, lesion net","#c0392b"
"ZDHHC14",519,1,TRUE,0,"MS microglia, lesion net","#c0392b"
"ZEB1",701,1,TRUE,0,"MS microglia, lesion net","#c0392b"
"ZEB2",742,1,TRUE,0,"MS microglia, lesion net","#c0392b"
"ZFAND3",577,1,TRUE,0,"MS microglia, lesion net","#c0392b"
"ZFHX3",689,1,TRUE,0,"MS microglia, lesion net","#c0392b"
"ZFP36L1",716,1,TRUE,0,"MS microglia, lesion net","#c0392b"
"ZFP36L2",759,1,TRUE,0,"MS microglia, lesion net","#c0392b"
"ZFPM2-AS1",725,1,TRUE,0,"MS microglia, lesion net","#c0392b"
"ZMAT3",702,1,TRUE,0,"MS microglia, lesion net","#c0392b"
"ZMYM2",637,1,TRUE,0,"MS microglia, lesion net","#c0392b"
"ZNF148",675,1,TRUE,0,"MS microglia, lesion net","#c0392b"
"ZNF292",405,1,TRUE,0,"MS microglia, lesion net","#c0392b"
"ZNF407",686,1,TRUE,0,"MS microglia, lesion net","#c0392b"
"ZNF609",674,1,TRUE,0,"MS microglia, lesion net","#c0392b"
"ZNF638",429,1,TRUE,0,"MS microglia, lesion net","#c0392b"
"ZNF644",404,1,TRUE,0,"MS microglia, lesion net","#c0392b"
"ZNF710",621,1,TRUE,0,"MS microglia, lesion net","#c0392b"
"ZNF804A",765,1,TRUE,0,"MS microglia, lesion net","#c0392b"
"ZSWIM6",679,1,TRUE,0,"MS microglia, lesion net","#c0392b"
"MALAT1",786,1,TRUE,0,"Control split-half A","#7fb3d5"
"PLXDC2",780,1,TRUE,0,"Control split-half A","#7fb3d5"
"SPP1",782,1,TRUE,0,"Control split-half A","#7fb3d5"
"DOCK4",785,1,TRUE,0,"Control split-half A","#7fb3d5"
"NEAT1",780,1,TRUE,0,"Control split-half A","#7fb3d5"
"LRMDA",721,1,TRUE,0,"Control split-half A","#7fb3d5"
"GRID2",752,1,TRUE,0,"Control split-half A","#7fb3d5"
"ARHGAP24",777,1,TRUE,0,"Control split-half A","#7fb3d5"
"FRMD4A",788,1,TRUE,0,"Control split-half A","#7fb3d5"
"KCNMA1",771,1,TRUE,0,"Control split-half A","#7fb3d5"
"SLC1A3",762,1,TRUE,0,"Control split-half A","#7fb3d5"
"PTPRG",716,1,TRUE,0,"Control split-half A","#7fb3d5"
"AL163541.1",707,1,TRUE,0,"Control split-half A","#7fb3d5"
"ELMO1",766,1,TRUE,0,"Control split-half A","#7fb3d5"
"MAML2",689,1,TRUE,0,"Control split-half A","#7fb3d5"
"CHST11",788,1,TRUE,0,"Control split-half A","#7fb3d5"
"FMNL2",774,1,TRUE,0,"Control split-half A","#7fb3d5"
"LNCAROD",752,1,TRUE,0,"Control split-half A","#7fb3d5"
"SSH2",774,1,TRUE,0,"Control split-half A","#7fb3d5"
"LDLRAD4",777,1,TRUE,0,"Control split-half A","#7fb3d5"
"SLC8A1",754,1,TRUE,0,"Control split-half A","#7fb3d5"
"KCNQ3",760,1,TRUE,0,"Control split-half A","#7fb3d5"
"FTL",779,1,TRUE,0,"Control split-half A","#7fb3d5"
"DPYD",773,1,TRUE,0,"Control split-half A","#7fb3d5"
"CELF2",782,1,TRUE,0,"Control split-half A","#7fb3d5"
"ARHGAP26",780,1,TRUE,0,"Control split-half A","#7fb3d5"
"SFMBT2",746,1,TRUE,0,"Control split-half A","#7fb3d5"
"FKBP5",739,1,TRUE,0,"Control split-half A","#7fb3d5"
"NHSL1",762,1,TRUE,0,"Control split-half A","#7fb3d5"
"APBB1IP",773,1,TRUE,0,"Control split-half A","#7fb3d5"
"MEF2A",777,1,TRUE,0,"Control split-half A","#7fb3d5"
"SORL1",786,1,TRUE,0,"Control split-half A","#7fb3d5"
"CSGALNACT1",783,1,TRUE,0,"Control split-half A","#7fb3d5"
"ST6GAL1",781,1,TRUE,0,"Control split-half A","#7fb3d5"
"EPB41L2",757,1,TRUE,0,"Control split-half A","#7fb3d5"
"GLDN",768,1,TRUE,0,"Control split-half A","#7fb3d5"
"QKI",575,1,TRUE,0,"Control split-half A","#7fb3d5"
"RUNX1",779,1,TRUE,0,"Control split-half A","#7fb3d5"
"FMN1",779,1,TRUE,0,"Control split-half A","#7fb3d5"
"HDAC9",762,1,TRUE,0,"Control split-half A","#7fb3d5"
"PICALM",769,1,TRUE,0,"Control split-half A","#7fb3d5"
"PCDH9",765,1,TRUE,0,"Control split-half A","#7fb3d5"
"BMP2K",775,1,TRUE,0,"Control split-half A","#7fb3d5"
"GNAQ",704,1,TRUE,0,"Control split-half A","#7fb3d5"
"FHIT",703,1,TRUE,0,"Control split-half A","#7fb3d5"
"MBNL1",759,1,TRUE,0,"Control split-half A","#7fb3d5"
"AUTS2",749,1,TRUE,0,"Control split-half A","#7fb3d5"
"ITPR2",712,1,TRUE,0,"Control split-half A","#7fb3d5"
"SIPA1L1",772,1,TRUE,0,"Control split-half A","#7fb3d5"
"FOXN3",764,1,TRUE,0,"Control split-half A","#7fb3d5"
"SRGAP2",777,1,TRUE,0,"Control split-half A","#7fb3d5"
"DOCK8",737,1,TRUE,0,"Control split-half A","#7fb3d5"
"PDE3B",757,1,TRUE,0,"Control split-half A","#7fb3d5"
"ZEB2",783,1,TRUE,0,"Control split-half A","#7fb3d5"
"MEF2C",629,1,TRUE,0,"Control split-half A","#7fb3d5"
"ARHGAP15",746,1,TRUE,0,"Control split-half A","#7fb3d5"
"CPM",757,1,TRUE,0,"Control split-half A","#7fb3d5"
"MAML3",731,1,TRUE,0,"Control split-half A","#7fb3d5"
"DISC1",593,1,TRUE,0,"Control split-half A","#7fb3d5"
"MED13L",750,1,TRUE,0,"Control split-half A","#7fb3d5"
"ELL2",772,1,TRUE,0,"Control split-half A","#7fb3d5"
"DLEU1",777,1,TRUE,0,"Control split-half A","#7fb3d5"
"ACSL1",785,1,TRUE,0,"Control split-half A","#7fb3d5"
"SLC9A9",778,1,TRUE,0,"Control split-half A","#7fb3d5"
"STARD13",781,1,TRUE,0,"Control split-half A","#7fb3d5"
"OXR1",769,1,TRUE,0,"Control split-half A","#7fb3d5"
"FGD4",639,1,TRUE,0,"Control split-half A","#7fb3d5"
"JAZF1",782,1,TRUE,0,"Control split-half A","#7fb3d5"
"UBE2E2",681,1,TRUE,0,"Control split-half A","#7fb3d5"
"TCF12",732,1,TRUE,0,"Control split-half A","#7fb3d5"
"IMMP2L",750,1,TRUE,0,"Control split-half A","#7fb3d5"
"SH3RF3",779,1,TRUE,0,"Control split-half A","#7fb3d5"
"PDE4B",784,1,TRUE,0,"Control split-half A","#7fb3d5"
"APOE",764,1,TRUE,0,"Control split-half A","#7fb3d5"
"DSCAM",766,1,TRUE,0,"Control split-half A","#7fb3d5"
"MYO1E",705,1,TRUE,0,"Control split-half A","#7fb3d5"
"FAM49B",755,1,TRUE,0,"Control split-half A","#7fb3d5"
"FYB1",698,1,TRUE,0,"Control split-half A","#7fb3d5"
"ABR",759,4,TRUE,0.00395256916996047,"Control split-half A","#7fb3d5"
"BNC2",565,1,TRUE,0,"Control split-half A","#7fb3d5"
"ST6GALNAC3",761,1,TRUE,0,"Control split-half A","#7fb3d5"
"TBC1D5",765,1,TRUE,0,"Control split-half A","#7fb3d5"
"SYNDIG1",781,1,TRUE,0,"Control split-half A","#7fb3d5"
"WWOX",550,1,TRUE,0,"Control split-half A","#7fb3d5"
"ATG7",777,1,TRUE,0,"Control split-half A","#7fb3d5"
"RBM47",780,1,TRUE,0,"Control split-half A","#7fb3d5"
"ETV6",775,1,TRUE,0,"Control split-half A","#7fb3d5"
"ZBTB20",775,1,TRUE,0,"Control split-half A","#7fb3d5"
"LHFPL2",773,1,TRUE,0,"Control split-half A","#7fb3d5"
"NAV3",783,1,TRUE,0,"Control split-half A","#7fb3d5"
"EPB41L3",776,1,TRUE,0,"Control split-half A","#7fb3d5"
"IPCEF1",779,1,TRUE,0,"Control split-half A","#7fb3d5"
"GAB2",637,1,TRUE,0,"Control split-half A","#7fb3d5"
"ZSWIM6",742,1,TRUE,0,"Control split-half A","#7fb3d5"
"XIST",786,1,TRUE,0,"Control split-half A","#7fb3d5"
"LPP",760,1,TRUE,0,"Control split-half A","#7fb3d5"
"DOCK10",776,1,TRUE,0,"Control split-half A","#7fb3d5"
"RAD51B",689,1,TRUE,0,"Control split-half A","#7fb3d5"
"PTPRJ",749,1,TRUE,0,"Control split-half A","#7fb3d5"
"MAN2A1",781,1,TRUE,0,"Control split-half A","#7fb3d5"
"ANKRD44",780,1,TRUE,0,"Control split-half A","#7fb3d5"
"PADI2",784,1,TRUE,0,"Control split-half A","#7fb3d5"
"FTX",762,1,TRUE,0,"Control split-half A","#7fb3d5"
"ZFHX3",758,1,TRUE,0,"Control split-half A","#7fb3d5"
"FCHSD2",770,1,TRUE,0,"Control split-half A","#7fb3d5"
"MGAT4A",768,1,TRUE,0,"Control split-half A","#7fb3d5"
"FOXP1",774,1,TRUE,0,"Control split-half A","#7fb3d5"
"ALCAM",755,1,TRUE,0,"Control split-half A","#7fb3d5"
"TBXAS1",748,1,TRUE,0,"Control split-half A","#7fb3d5"
"AKAP13",748,1,TRUE,0,"Control split-half A","#7fb3d5"
"CD74",785,1,TRUE,0,"Control split-half A","#7fb3d5"
"CTSB",782,1,TRUE,0,"Control split-half A","#7fb3d5"
"MERTK",777,1,TRUE,0,"Control split-half A","#7fb3d5"
"SDK1",717,1,TRUE,0,"Control split-half A","#7fb3d5"
"ZFAND3",754,1,TRUE,0,"Control split-half A","#7fb3d5"
"SRGN",785,1,TRUE,0,"Control split-half A","#7fb3d5"
"DOCK2",635,1,TRUE,0,"Control split-half A","#7fb3d5"
"SLCO2B1",781,1,TRUE,0,"Control split-half A","#7fb3d5"
"TANC2",739,1,TRUE,0,"Control split-half A","#7fb3d5"
"SAT1",778,1,TRUE,0,"Control split-half A","#7fb3d5"
"HS3ST4",780,1,TRUE,0,"Control split-half A","#7fb3d5"
"HIF1A",783,1,TRUE,0,"Control split-half A","#7fb3d5"
"SRGAP1",762,1,TRUE,0,"Control split-half A","#7fb3d5"
"XACT",769,1,TRUE,0,"Control split-half A","#7fb3d5"
"RAPGEF1",783,1,TRUE,0,"Control split-half A","#7fb3d5"
"FRMD4B",776,1,TRUE,0,"Control split-half A","#7fb3d5"
"PTPRC",741,1,TRUE,0,"Control split-half A","#7fb3d5"
"SMYD3",737,1,TRUE,0,"Control split-half A","#7fb3d5"
"SMAP2",756,1,TRUE,0,"Control split-half A","#7fb3d5"
"TCF4",751,1,TRUE,0,"Control split-half A","#7fb3d5"
"DIAPH2",492,1,TRUE,0,"Control split-half A","#7fb3d5"
"LINC01374",671,1,TRUE,0,"Control split-half A","#7fb3d5"
"ATXN1",567,6,TRUE,0.00881834215167548,"Control split-half A","#7fb3d5"
"DIRC3",775,1,TRUE,0,"Control split-half A","#7fb3d5"
"ADAM28",762,1,TRUE,0,"Control split-half A","#7fb3d5"
"RASAL2",764,1,TRUE,0,"Control split-half A","#7fb3d5"
"ARHGAP22",765,8,TRUE,0.00915032679738562,"Control split-half A","#7fb3d5"
"ARID1B",721,1,TRUE,0,"Control split-half A","#7fb3d5"
"JMJD1C",780,1,TRUE,0,"Control split-half A","#7fb3d5"
"MITF",775,1,TRUE,0,"Control split-half A","#7fb3d5"
"SSBP2",762,1,TRUE,0,"Control split-half A","#7fb3d5"
"SAMD4A",735,1,TRUE,0,"Control split-half A","#7fb3d5"
"NCK2",779,1,TRUE,0,"Control split-half A","#7fb3d5"
"ATP8B4",686,1,TRUE,0,"Control split-half A","#7fb3d5"
"INPP5D",780,1,TRUE,0,"Control split-half A","#7fb3d5"
"ARL15",733,1,TRUE,0,"Control split-half A","#7fb3d5"
"LIMS1",531,1,TRUE,0,"Control split-half A","#7fb3d5"
"ATP1B3",782,1,TRUE,0,"Control split-half A","#7fb3d5"
"TGFBR1",784,1,TRUE,0,"Control split-half A","#7fb3d5"
"ZNF804A",736,1,TRUE,0,"Control split-half A","#7fb3d5"
"FNDC3B",771,1,TRUE,0,"Control split-half A","#7fb3d5"
"TBC1D22A",765,1,TRUE,0,"Control split-half A","#7fb3d5"
"RNASET2",760,1,TRUE,0,"Control split-half A","#7fb3d5"
"RERE",731,1,TRUE,0,"Control split-half A","#7fb3d5"
"PAG1",775,1,TRUE,0,"Control split-half A","#7fb3d5"
"FNIP2",750,1,TRUE,0,"Control split-half A","#7fb3d5"
"KANSL1",749,1,TRUE,0,"Control split-half A","#7fb3d5"
"CYFIP1",771,1,TRUE,0,"Control split-half A","#7fb3d5"
"TRPS1",778,1,TRUE,0,"Control split-half A","#7fb3d5"
"EXOC4",603,1,TRUE,0,"Control split-half A","#7fb3d5"
"MARCH1",785,1,TRUE,0,"Control split-half A","#7fb3d5"
"LRRC4C",706,1,TRUE,0,"Control split-half A","#7fb3d5"
"CCNH",408,1,TRUE,0,"Control split-half A","#7fb3d5"
"PELI1",701,1,TRUE,0,"Control split-half A","#7fb3d5"
"PLCL1",649,1,TRUE,0,"Control split-half A","#7fb3d5"
"MAP4K4",763,1,TRUE,0,"Control split-half A","#7fb3d5"
"TPRG1",716,2,TRUE,0.00139664804469274,"Control split-half A","#7fb3d5"
"SRGAP2B",777,1,TRUE,0,"Control split-half A","#7fb3d5"
"ADGRB3",770,1,TRUE,0,"Control split-half A","#7fb3d5"
"DTNA",740,1,TRUE,0,"Control split-half A","#7fb3d5"
"PRKN",659,1,TRUE,0,"Control split-half A","#7fb3d5"
"AOAH",730,1,TRUE,0,"Control split-half A","#7fb3d5"
"SPIDR",774,1,TRUE,0,"Control split-half A","#7fb3d5"
"ABCC4",778,1,TRUE,0,"Control split-half A","#7fb3d5"
"PREX1",728,1,TRUE,0,"Control split-half A","#7fb3d5"
"SAMSN1",775,1,TRUE,0,"Control split-half A","#7fb3d5"
"C3",781,1,TRUE,0,"Control split-half A","#7fb3d5"
"EIF4G3",622,1,TRUE,0,"Control split-half A","#7fb3d5"
"MSR1",777,1,TRUE,0,"Control split-half A","#7fb3d5"
"RALGAPA2",427,1,TRUE,0,"Control split-half A","#7fb3d5"
"DLEU2",738,1,TRUE,0,"Control split-half A","#7fb3d5"
"TRIO",697,1,TRUE,0,"Control split-half A","#7fb3d5"
"SNX29",738,1,TRUE,0,"Control split-half A","#7fb3d5"
"CHSY3",753,1,TRUE,0,"Control split-half A","#7fb3d5"
"SKAP2",762,1,TRUE,0,"Control split-half A","#7fb3d5"
"TAB2",728,1,TRUE,0,"Control split-half A","#7fb3d5"
"MTSS1",776,1,TRUE,0,"Control split-half A","#7fb3d5"
"SDCCAG8",710,1,TRUE,0,"Control split-half A","#7fb3d5"
"LRCH1",773,1,TRUE,0,"Control split-half A","#7fb3d5"
"DIP2B",771,1,TRUE,0,"Control split-half A","#7fb3d5"
"AKT3",770,1,TRUE,0,"Control split-half A","#7fb3d5"
"HSP90AA1",757,1,TRUE,0,"Control split-half A","#7fb3d5"
"CD163",774,4,TRUE,0.00387596899224806,"Control split-half A","#7fb3d5"
"STAG1",698,1,TRUE,0,"Control split-half A","#7fb3d5"
"SBF2",641,1,TRUE,0,"Control split-half A","#7fb3d5"
"TLR2",782,1,TRUE,0,"Control split-half A","#7fb3d5"
"FNDC3A",717,1,TRUE,0,"Control split-half A","#7fb3d5"
"F13A1",779,3,TRUE,0.00256739409499358,"Control split-half A","#7fb3d5"
"SLC11A1",779,1,TRUE,0,"Control split-half A","#7fb3d5"
"AP001977.1",746,1,TRUE,0,"Control split-half A","#7fb3d5"
"ASAP1",762,1,TRUE,0,"Control split-half A","#7fb3d5"
"ZFPM2-AS1",770,1,TRUE,0,"Control split-half A","#7fb3d5"
"DISP1",672,1,TRUE,0,"Control split-half A","#7fb3d5"
"RAB31",738,1,TRUE,0,"Control split-half A","#7fb3d5"
"MYCBP2",734,1,TRUE,0,"Control split-half A","#7fb3d5"
"FER",561,1,TRUE,0,"Control split-half A","#7fb3d5"
"BACH1",776,1,TRUE,0,"Control split-half A","#7fb3d5"
"PTPRM",29,1,TRUE,0,"Control split-half A","#7fb3d5"
"NIPBL",684,1,TRUE,0,"Control split-half A","#7fb3d5"
"RNF130",729,1,TRUE,0,"Control split-half A","#7fb3d5"
"BAZ2B",744,1,TRUE,0,"Control split-half A","#7fb3d5"
"RABGAP1L",710,1,TRUE,0,"Control split-half A","#7fb3d5"
"CAMK1D",762,1,TRUE,0,"Control split-half A","#7fb3d5"
"RTTN",692,1,TRUE,0,"Control split-half A","#7fb3d5"
"PRKCE",703,1,TRUE,0,"Control split-half A","#7fb3d5"
"SCIN",710,1,TRUE,0,"Control split-half A","#7fb3d5"
"MTHFD1L",721,1,TRUE,0,"Control split-half A","#7fb3d5"
"CHD9",709,1,TRUE,0,"Control split-half A","#7fb3d5"
"PRKAG2",776,1,TRUE,0,"Control split-half A","#7fb3d5"
"PSAP",774,1,TRUE,0,"Control split-half A","#7fb3d5"
"DENND3",773,1,TRUE,0,"Control split-half A","#7fb3d5"
"PTPRE",777,1,TRUE,0,"Control split-half A","#7fb3d5"
"LINC02798",770,1,TRUE,0,"Control split-half A","#7fb3d5"
"NCKAP5",633,1,TRUE,0,"Control split-half A","#7fb3d5"
"FOXP2",765,1,TRUE,0,"Control split-half A","#7fb3d5"
"LINC00278",782,1,TRUE,0,"Control split-half A","#7fb3d5"
"HLA-DRA",770,1,TRUE,0,"Control split-half A","#7fb3d5"
"DDX5",754,1,TRUE,0,"Control split-half A","#7fb3d5"
"GPNMB",704,1,TRUE,0,"Control split-half A","#7fb3d5"
"MGAT5",775,1,TRUE,0,"Control split-half A","#7fb3d5"
"ATM",730,1,TRUE,0,"Control split-half A","#7fb3d5"
"RASSF8",773,1,TRUE,0,"Control split-half A","#7fb3d5"
"ARHGAP6",733,1,TRUE,0,"Control split-half A","#7fb3d5"
"KMT2C",281,1,TRUE,0,"Control split-half A","#7fb3d5"
"UTRN",769,1,TRUE,0,"Control split-half A","#7fb3d5"
"SHTN1",776,1,TRUE,0,"Control split-half A","#7fb3d5"
"KHDRBS3",756,1,TRUE,0,"Control split-half A","#7fb3d5"
"BCL2",722,1,TRUE,0,"Control split-half A","#7fb3d5"
"DENND1A",750,1,TRUE,0,"Control split-half A","#7fb3d5"
"LPCAT2",747,1,TRUE,0,"Control split-half A","#7fb3d5"
"RAP1A",421,1,TRUE,0,"Control split-half A","#7fb3d5"
"PDE8A",767,1,TRUE,0,"Control split-half A","#7fb3d5"
"WDFY3",779,1,TRUE,0,"Control split-half A","#7fb3d5"
"PALD1",780,1,TRUE,0,"Control split-half A","#7fb3d5"
"VTI1A",736,1,TRUE,0,"Control split-half A","#7fb3d5"
"TBL1XR1",421,1,TRUE,0,"Control split-half A","#7fb3d5"
"PIP4K2A",777,1,TRUE,0,"Control split-half A","#7fb3d5"
"PPARG",675,1,TRUE,0,"Control split-half A","#7fb3d5"
"MAN1A1",775,1,TRUE,0,"Control split-half A","#7fb3d5"
"MIR99AHG",754,1,TRUE,0,"Control split-half A","#7fb3d5"
"KYNU",753,2,TRUE,0.00132802124833997,"Control split-half A","#7fb3d5"
"EPS8",759,1,TRUE,0,"Control split-half A","#7fb3d5"
"LYN",722,1,TRUE,0,"Control split-half A","#7fb3d5"
"RGS1",784,1,TRUE,0,"Control split-half A","#7fb3d5"
"KCNIP1",777,1,TRUE,0,"Control split-half A","#7fb3d5"
"LRRK2",747,1,TRUE,0,"Control split-half A","#7fb3d5"
"ZBTB16",761,1,TRUE,0,"Control split-half A","#7fb3d5"
"FAM149A",767,1,TRUE,0,"Control split-half A","#7fb3d5"
"NAV2",607,1,TRUE,0,"Control split-half A","#7fb3d5"
"CMIP",762,1,TRUE,0,"Control split-half A","#7fb3d5"
"AFF1",649,1,TRUE,0,"Control split-half A","#7fb3d5"
"VPS13C",282,1,TRUE,0,"Control split-half A","#7fb3d5"
"PPP3CA",754,1,TRUE,0,"Control split-half A","#7fb3d5"
"FLI1",756,1,TRUE,0,"Control split-half A","#7fb3d5"
"DST",782,1,TRUE,0,"Control split-half A","#7fb3d5"
"FTH1",781,1,TRUE,0,"Control split-half A","#7fb3d5"
"NRIP1",764,1,TRUE,0,"Control split-half A","#7fb3d5"
"TTC7A",781,1,TRUE,0,"Control split-half A","#7fb3d5"
"SH3KBP1",749,1,TRUE,0,"Control split-half A","#7fb3d5"
"BCAS3",620,1,TRUE,0,"Control split-half A","#7fb3d5"
"RTN4",778,1,TRUE,0,"Control split-half A","#7fb3d5"
"RNF13",769,1,TRUE,0,"Control split-half A","#7fb3d5"
"USP15",703,1,TRUE,0,"Control split-half A","#7fb3d5"
"TNRC6B",759,1,TRUE,0,"Control split-half A","#7fb3d5"
"SLC4A7",715,1,TRUE,0,"Control split-half A","#7fb3d5"
"MKLN1",746,1,TRUE,0,"Control split-half A","#7fb3d5"
"MBD5",593,1,TRUE,0,"Control split-half A","#7fb3d5"
"FOXO3",742,1,TRUE,0,"Control split-half A","#7fb3d5"
"NFIA",774,1,TRUE,0,"Control split-half A","#7fb3d5"
"PAN3",665,1,TRUE,0,"Control split-half A","#7fb3d5"
"ALDH1A2",431,1,TRUE,0,"Control split-half A","#7fb3d5"
"NCOA1",693,1,TRUE,0,"Control split-half A","#7fb3d5"
"ZFP36L1",715,1,TRUE,0,"Control split-half A","#7fb3d5"
"OSBPL3",734,1,TRUE,0,"Control split-half A","#7fb3d5"
"NCOA2",720,1,TRUE,0,"Control split-half A","#7fb3d5"
"CCND3",772,1,TRUE,0,"Control split-half A","#7fb3d5"
"RIN3",771,1,TRUE,0,"Control split-half A","#7fb3d5"
"VPS13B",554,1,TRUE,0,"Control split-half A","#7fb3d5"
"PRKCB",742,1,TRUE,0,"Control split-half A","#7fb3d5"
"SLC16A10",771,1,TRUE,0,"Control split-half A","#7fb3d5"
"ADK",613,1,TRUE,0,"Control split-half A","#7fb3d5"
"SUMF1",540,1,TRUE,0,"Control split-half A","#7fb3d5"
"FCGBP",639,1,TRUE,0,"Control split-half A","#7fb3d5"
"FBXL17",483,1,TRUE,0,"Control split-half A","#7fb3d5"
"CCNY",741,1,TRUE,0,"Control split-half A","#7fb3d5"
"HERC4",764,1,TRUE,0,"Control split-half A","#7fb3d5"
"NPL",732,1,TRUE,0,"Control split-half A","#7fb3d5"
"IQGAP2",780,1,TRUE,0,"Control split-half A","#7fb3d5"
"SPRED1",772,1,TRUE,0,"Control split-half A","#7fb3d5"
"GRB2",775,1,TRUE,0,"Control split-half A","#7fb3d5"
"ZFP36L2",762,1,TRUE,0,"Control split-half A","#7fb3d5"
"PIAS1",667,1,TRUE,0,"Control split-half A","#7fb3d5"
"MACROD2",445,1,TRUE,0,"Control split-half A","#7fb3d5"
"PIK3R1",286,1,TRUE,0,"Control split-half A","#7fb3d5"
"SYK",753,1,TRUE,0,"Control split-half A","#7fb3d5"
"CPVL",661,1,TRUE,0,"Control split-half A","#7fb3d5"
"SOCS6",765,1,TRUE,0,"Control split-half A","#7fb3d5"
"NAALADL2",754,1,TRUE,0,"Control split-half A","#7fb3d5"
"CUX1",739,1,TRUE,0,"Control split-half A","#7fb3d5"
"NF1",380,1,TRUE,0,"Control split-half A","#7fb3d5"
"TNS3",764,1,TRUE,0,"Control split-half A","#7fb3d5"
"CTTNBP2",760,1,TRUE,0,"Control split-half A","#7fb3d5"
"PBX3",571,1,TRUE,0,"Control split-half A","#7fb3d5"
"MAP3K5",770,1,TRUE,0,"Control split-half A","#7fb3d5"
"TMSB4X",774,1,TRUE,0,"Control split-half A","#7fb3d5"
"TGFBR2",766,1,TRUE,0,"Control split-half A","#7fb3d5"
"EEF1A1",764,1,TRUE,0,"Control split-half A","#7fb3d5"
"DLG2",725,1,TRUE,0,"Control split-half A","#7fb3d5"
"MEF2C-AS1",682,1,TRUE,0,"Control split-half A","#7fb3d5"
"ANKRD17",677,1,TRUE,0,"Control split-half A","#7fb3d5"
"CADM1",654,1,TRUE,0,"Control split-half A","#7fb3d5"
"CAMK2D",552,1,TRUE,0,"Control split-half A","#7fb3d5"
"RB1",749,1,TRUE,0,"Control split-half A","#7fb3d5"
"NPAS3",720,1,TRUE,0,"Control split-half A","#7fb3d5"
"PHF21A",697,1,TRUE,0,"Control split-half A","#7fb3d5"
"TAOK3",758,1,TRUE,0,"Control split-half A","#7fb3d5"
"HIVEP3",777,1,TRUE,0,"Control split-half A","#7fb3d5"
"NUMB",596,1,TRUE,0,"Control split-half A","#7fb3d5"
"ANKS1A",770,1,TRUE,0,"Control split-half A","#7fb3d5"
"TMEM117",625,1,TRUE,0,"Control split-half A","#7fb3d5"
"RNF149",784,1,TRUE,0,"Control split-half A","#7fb3d5"
"RUNX2",776,1,TRUE,0,"Control split-half A","#7fb3d5"
"ELF2",647,1,TRUE,0,"Control split-half A","#7fb3d5"
"MANBA",772,1,TRUE,0,"Control split-half A","#7fb3d5"
"GRK3",768,1,TRUE,0,"Control split-half A","#7fb3d5"
"ANKRD11",750,1,TRUE,0,"Control split-half A","#7fb3d5"
"GAB1",769,1,TRUE,0,"Control split-half A","#7fb3d5"
"NAMPT",782,1,TRUE,0,"Control split-half A","#7fb3d5"
"NSMCE2",713,1,TRUE,0,"Control split-half A","#7fb3d5"
"GNA13",782,1,TRUE,0,"Control split-half A","#7fb3d5"
"PIK3R5",754,1,TRUE,0,"Control split-half A","#7fb3d5"
"UVRAG",711,1,TRUE,0,"Control split-half A","#7fb3d5"
"PRKCA",781,1,TRUE,0,"Control split-half A","#7fb3d5"
"IGSF21",784,1,TRUE,0,"Control split-half A","#7fb3d5"
"TBC1D14",784,1,TRUE,0,"Control split-half A","#7fb3d5"
"GALNT2",767,1,TRUE,0,"Control split-half A","#7fb3d5"
"ITM2B",694,1,TRUE,0,"Control split-half A","#7fb3d5"
"COP1",741,1,TRUE,0,"Control split-half A","#7fb3d5"
"SH3BGRL",574,1,TRUE,0,"Control split-half A","#7fb3d5"
"A2M",690,1,TRUE,0,"Control split-half A","#7fb3d5"
"SRGAP2C",750,1,TRUE,0,"Control split-half A","#7fb3d5"
"SGK1",773,1,TRUE,0,"Control split-half A","#7fb3d5"
"SLC2A3",778,1,TRUE,0,"Control split-half A","#7fb3d5"
"N4BP2L2",717,1,TRUE,0,"Control split-half A","#7fb3d5"
"CEP170",735,1,TRUE,0,"Control split-half A","#7fb3d5"
"IKZF1",777,1,TRUE,0,"Control split-half A","#7fb3d5"
"CDKAL1",490,1,TRUE,0,"Control split-half A","#7fb3d5"
"ST8SIA4",632,1,TRUE,0,"Control split-half A","#7fb3d5"
"FAM172A",471,1,TRUE,0,"Control split-half A","#7fb3d5"
"MACF1",693,1,TRUE,0,"Control split-half A","#7fb3d5"
"DDX17",769,1,TRUE,0,"Control split-half A","#7fb3d5"
"B2M",764,6,TRUE,0.00654450261780105,"Control split-half A","#7fb3d5"
"LYST",714,1,TRUE,0,"Control split-half A","#7fb3d5"
"PFKFB3",784,1,TRUE,0,"Control split-half A","#7fb3d5"
"CCDC26",712,1,TRUE,0,"Control split-half A","#7fb3d5"
"CPQ",747,1,TRUE,0,"Control split-half A","#7fb3d5"
"ERBIN",780,1,TRUE,0,"Control split-half A","#7fb3d5"
"FAR2",659,1,TRUE,0,"Control split-half A","#7fb3d5"
"TTC28",520,1,TRUE,0,"Control split-half A","#7fb3d5"
"XYLT1",651,1,TRUE,0,"Control split-half A","#7fb3d5"
"SPTLC2",777,1,TRUE,0,"Control split-half A","#7fb3d5"
"SUSD6",765,1,TRUE,0,"Control split-half A","#7fb3d5"
"MIR646HG",591,1,TRUE,0,"Control split-half A","#7fb3d5"
"SIK3",757,1,TRUE,0,"Control split-half A","#7fb3d5"
"ZCCHC7",585,1,TRUE,0,"Control split-half A","#7fb3d5"
"LINC02232",762,1,TRUE,0,"Control split-half A","#7fb3d5"
"COMMD10",710,1,TRUE,0,"Control split-half A","#7fb3d5"
"CCDC91",617,1,TRUE,0,"Control split-half A","#7fb3d5"
"MBP",761,1,TRUE,0,"Control split-half A","#7fb3d5"
"CSF1R",765,1,TRUE,0,"Control split-half A","#7fb3d5"
"SUPT3H",569,1,TRUE,0,"Control split-half A","#7fb3d5"
"FAM110B",771,1,TRUE,0,"Control split-half A","#7fb3d5"
"RASA1",736,1,TRUE,0,"Control split-half A","#7fb3d5"
"ACER3",774,1,TRUE,0,"Control split-half A","#7fb3d5"
"L3MBTL4",697,1,TRUE,0,"Control split-half A","#7fb3d5"
"GTDC1",735,1,TRUE,0,"Control split-half A","#7fb3d5"
"PEAK1",755,1,TRUE,0,"Control split-half A","#7fb3d5"
"RNF144B",784,1,TRUE,0,"Control split-half A","#7fb3d5"
"FCHO2",773,1,TRUE,0,"Control split-half A","#7fb3d5"
"ZNF638",753,1,TRUE,0,"Control split-half A","#7fb3d5"
"ATF6",722,1,TRUE,0,"Control split-half A","#7fb3d5"
"ABCA1",774,1,TRUE,0,"Control split-half A","#7fb3d5"
"RBPJ",768,1,TRUE,0,"Control split-half A","#7fb3d5"
"FAM13A",766,1,TRUE,0,"Control split-half A","#7fb3d5"
"DYRK1A",669,1,TRUE,0,"Control split-half A","#7fb3d5"
"PCM1",684,1,TRUE,0,"Control split-half A","#7fb3d5"
"TMCC1",718,6,TRUE,0.00696378830083565,"Control split-half A","#7fb3d5"
"SYTL3",781,1,TRUE,0,"Control split-half A","#7fb3d5"
"CCDC88A",780,1,TRUE,0,"Control split-half A","#7fb3d5"
"FBXO11",650,1,TRUE,0,"Control split-half A","#7fb3d5"
"PACS1",628,1,TRUE,0,"Control split-half A","#7fb3d5"
"USP34",514,1,TRUE,0,"Control split-half A","#7fb3d5"
"CAB39",754,1,TRUE,0,"Control split-half A","#7fb3d5"
"LRBA",652,1,TRUE,0,"Control split-half A","#7fb3d5"
"PHIP",749,1,TRUE,0,"Control split-half A","#7fb3d5"
"ZNF609",700,1,TRUE,0,"Control split-half A","#7fb3d5"
"RFX3",693,1,TRUE,0,"Control split-half A","#7fb3d5"
"PARP8",732,1,TRUE,0,"Control split-half A","#7fb3d5"
"RAPGEF2",714,1,TRUE,0,"Control split-half A","#7fb3d5"
"ACAP2",622,1,TRUE,0,"Control split-half A","#7fb3d5"
"CACNA1A",759,1,TRUE,0,"Control split-half A","#7fb3d5"
"GNB4",657,1,TRUE,0,"Control split-half A","#7fb3d5"
"BIRC6",708,1,TRUE,0,"Control split-half A","#7fb3d5"
"GAS7",525,1,TRUE,0,"Control split-half A","#7fb3d5"
"TMEM163",762,1,TRUE,0,"Control split-half A","#7fb3d5"
"SP100",768,1,TRUE,0,"Control split-half A","#7fb3d5"
"CAMKMT",476,1,TRUE,0,"Control split-half A","#7fb3d5"
"IRAK3",772,1,TRUE,0,"Control split-half A","#7fb3d5"
"MBNL2",771,1,TRUE,0,"Control split-half A","#7fb3d5"
"DOCK11",713,1,TRUE,0,"Control split-half A","#7fb3d5"
"ZNF292",724,1,TRUE,0,"Control split-half A","#7fb3d5"
"ASH1L",541,1,TRUE,0,"Control split-half A","#7fb3d5"
"PKN2",705,1,TRUE,0,"Control split-half A","#7fb3d5"
"ZNF710",433,1,TRUE,0,"Control split-half A","#7fb3d5"
"ACTB",751,1,TRUE,0,"Control split-half A","#7fb3d5"
"SEC14L1",775,1,TRUE,0,"Control split-half A","#7fb3d5"
"RHBDF2",779,1,TRUE,0,"Control split-half A","#7fb3d5"
"STX7",732,1,TRUE,0,"Control split-half A","#7fb3d5"
"FARP1",640,1,TRUE,0,"Control split-half A","#7fb3d5"
"CHD2",613,1,TRUE,0,"Control split-half A","#7fb3d5"
"FAM135A",704,1,TRUE,0,"Control split-half A","#7fb3d5"
"NR3C1",697,1,TRUE,0,"Control split-half A","#7fb3d5"
"ELF1",708,1,TRUE,0,"Control split-half A","#7fb3d5"
"GPRIN3",764,1,TRUE,0,"Control split-half A","#7fb3d5"
"AL035446.2",749,1,TRUE,0,"Control split-half A","#7fb3d5"
"RSRC1",665,1,TRUE,0,"Control split-half A","#7fb3d5"
"SND1",726,1,TRUE,0,"Control split-half A","#7fb3d5"
"P4HA1",734,1,TRUE,0,"Control split-half A","#7fb3d5"
"STK3",722,1,TRUE,0,"Control split-half A","#7fb3d5"
"ENTPD1",774,1,TRUE,0,"Control split-half A","#7fb3d5"
"BTBD9",651,1,TRUE,0,"Control split-half A","#7fb3d5"
"RREB1",767,1,TRUE,0,"Control split-half A","#7fb3d5"
"WNK1",611,1,TRUE,0,"Control split-half A","#7fb3d5"
"WIPF1",574,1,TRUE,0,"Control split-half A","#7fb3d5"
"FAF1",355,1,TRUE,0,"Control split-half A","#7fb3d5"
"DENND4C",655,1,TRUE,0,"Control split-half A","#7fb3d5"
"PCNX2",760,1,TRUE,0,"Control split-half A","#7fb3d5"
"CDK6",734,1,TRUE,0,"Control split-half A","#7fb3d5"
"ASAH1",773,1,TRUE,0,"Control split-half A","#7fb3d5"
"ERC1",636,1,TRUE,0,"Control split-half A","#7fb3d5"
"ATP2C1",697,1,TRUE,0,"Control split-half A","#7fb3d5"
"ANKRD12",776,1,TRUE,0,"Control split-half A","#7fb3d5"
"CPED1",761,1,TRUE,0,"Control split-half A","#7fb3d5"
"SORT1",698,1,TRUE,0,"Control split-half A","#7fb3d5"
"EXOC6B",744,1,TRUE,0,"Control split-half A","#7fb3d5"
"BBX",752,1,TRUE,0,"Control split-half A","#7fb3d5"
"C20orf194",767,1,TRUE,0,"Control split-half A","#7fb3d5"
"AL392172.2",759,1,TRUE,0,"Control split-half A","#7fb3d5"
"NFATC2",761,1,TRUE,0,"Control split-half A","#7fb3d5"
"TPK1",554,1,TRUE,0,"Control split-half A","#7fb3d5"
"TFEC",738,1,TRUE,0,"Control split-half A","#7fb3d5"
"HLA-DRB1",754,1,TRUE,0,"Control split-half A","#7fb3d5"
"RAB10",756,1,TRUE,0,"Control split-half A","#7fb3d5"
"BABAM2",604,1,TRUE,0,"Control split-half A","#7fb3d5"
"NCOA3",768,1,TRUE,0,"Control split-half A","#7fb3d5"
"GSK3B",728,1,TRUE,0,"Control split-half A","#7fb3d5"
"DTNB",762,1,TRUE,0,"Control split-half A","#7fb3d5"
"FRYL",783,1,TRUE,0,"Control split-half A","#7fb3d5"
"NIBAN1",775,1,TRUE,0,"Control split-half A","#7fb3d5"
"KCTD12",454,1,TRUE,0,"Control split-half A","#7fb3d5"
"CMSS1",428,1,TRUE,0,"Control split-half A","#7fb3d5"
"IFI16",775,1,TRUE,0,"Control split-half A","#7fb3d5"
"PIK3AP1",774,1,TRUE,0,"Control split-half A","#7fb3d5"
"TENM4",711,1,TRUE,0,"Control split-half A","#7fb3d5"
"ATF7IP",735,1,TRUE,0,"Control split-half A","#7fb3d5"
"ADAMTS17",636,1,TRUE,0,"Control split-half A","#7fb3d5"
"USP53",507,1,TRUE,0,"Control split-half A","#7fb3d5"
"ROCK1",633,1,TRUE,0,"Control split-half A","#7fb3d5"
"CLASP1",688,1,TRUE,0,"Control split-half A","#7fb3d5"
"IL6ST",758,1,TRUE,0,"Control split-half A","#7fb3d5"
"CYTH1",760,1,TRUE,0,"Control split-half A","#7fb3d5"
"ANOS1",728,1,TRUE,0,"Control split-half A","#7fb3d5"
"AP3B1",727,1,TRUE,0,"Control split-half A","#7fb3d5"
"PLCG2",677,1,TRUE,0,"Control split-half A","#7fb3d5"
"AAK1",588,1,TRUE,0,"Control split-half A","#7fb3d5"
"CDK19",768,1,TRUE,0,"Control split-half A","#7fb3d5"
"ATRX",559,1,TRUE,0,"Control split-half A","#7fb3d5"
"PHC2",686,1,TRUE,0,"Control split-half A","#7fb3d5"
"CAPZB",724,1,TRUE,0,"Control split-half A","#7fb3d5"
"WAC",665,1,TRUE,0,"Control split-half A","#7fb3d5"
"DOCK5",777,1,TRUE,0,"Control split-half A","#7fb3d5"
"ACSL4",470,1,TRUE,0,"Control split-half A","#7fb3d5"
"NEDD4L",743,1,TRUE,0,"Control split-half A","#7fb3d5"
"ARHGAP21",776,1,TRUE,0,"Control split-half A","#7fb3d5"
"TMTC2",710,1,TRUE,0,"Control split-half A","#7fb3d5"
"TNFRSF1B",782,1,TRUE,0,"Control split-half A","#7fb3d5"
"SGK3",769,1,TRUE,0,"Control split-half A","#7fb3d5"
"TBC1D1",747,1,TRUE,0,"Control split-half A","#7fb3d5"
"ST18",732,3,TRUE,0.00273224043715847,"Control split-half A","#7fb3d5"
"EPSTI1",739,10,TRUE,0.0121786197564276,"Control split-half A","#7fb3d5"
"FBXW7",692,1,TRUE,0,"Control split-half A","#7fb3d5"
"LRRK1",756,1,TRUE,0,"Control split-half A","#7fb3d5"
"GNG7",738,1,TRUE,0,"Control split-half A","#7fb3d5"
"FMNL3",743,1,TRUE,0,"Control split-half A","#7fb3d5"
"MYO9B",732,1,TRUE,0,"Control split-half A","#7fb3d5"
"UMAD1",713,1,TRUE,0,"Control split-half A","#7fb3d5"
"EPS15",768,1,TRUE,0,"Control split-half A","#7fb3d5"
"SNCA",717,1,TRUE,0,"Control split-half A","#7fb3d5"
"WDR70",302,1,TRUE,0,"Control split-half A","#7fb3d5"
"PRKCH",540,1,TRUE,0,"Control split-half A","#7fb3d5"
"FTO",480,3,TRUE,0.00416666666666667,"Control split-half A","#7fb3d5"
"FAM49A",776,1,TRUE,0,"Control split-half A","#7fb3d5"
"USP6NL",759,1,TRUE,0,"Control split-half A","#7fb3d5"
"KCNK13",736,1,TRUE,0,"Control split-half A","#7fb3d5"
"JAK2",706,1,TRUE,0,"Control split-half A","#7fb3d5"
"RCSD1",758,1,TRUE,0,"Control split-half A","#7fb3d5"
"ZNF407",468,1,TRUE,0,"Control split-half A","#7fb3d5"
"AC007262.2",766,1,TRUE,0,"Control split-half A","#7fb3d5"
"ADAM10",692,1,TRUE,0,"Control split-half A","#7fb3d5"
"LCOR",610,1,TRUE,0,"Control split-half A","#7fb3d5"
"AC131944.1",772,1,TRUE,0,"Control split-half A","#7fb3d5"
"DYM",347,1,TRUE,0,"Control split-half A","#7fb3d5"
"TXNIP",722,1,TRUE,0,"Control split-half A","#7fb3d5"
"WASF2",758,1,TRUE,0,"Control split-half A","#7fb3d5"
"GOLGA4",776,1,TRUE,0,"Control split-half A","#7fb3d5"
"TRAPPC9",270,1,TRUE,0,"Control split-half A","#7fb3d5"
"COG5",710,1,TRUE,0,"Control split-half A","#7fb3d5"
"PDGFC",757,1,TRUE,0,"Control split-half A","#7fb3d5"
"WDFY4",726,1,TRUE,0,"Control split-half A","#7fb3d5"
"IFNGR1",618,1,TRUE,0,"Control split-half A","#7fb3d5"
"C1QB",710,1,TRUE,0,"Control split-half A","#7fb3d5"
"JARID2",766,1,TRUE,0,"Control split-half A","#7fb3d5"
"VMP1",690,1,TRUE,0,"Control split-half A","#7fb3d5"
"PPP6R3",643,1,TRUE,0,"Control split-half A","#7fb3d5"
"DMXL2",771,8,TRUE,0.00907911802853437,"Control split-half A","#7fb3d5"
"GPHN",780,1,TRUE,0,"Control split-half A","#7fb3d5"
"SERPINE1",685,1,TRUE,0,"Control split-half A","#7fb3d5"
"CACNA1D",724,1,TRUE,0,"Control split-half A","#7fb3d5"
"TENT2",718,1,TRUE,0,"Control split-half A","#7fb3d5"
"PSMA1",662,1,TRUE,0,"Control split-half A","#7fb3d5"
"SMARCA2",759,1,TRUE,0,"Control split-half A","#7fb3d5"
"SIPA1L2",763,1,TRUE,0,"Control split-half A","#7fb3d5"
"EDA",741,1,TRUE,0,"Control split-half A","#7fb3d5"
"BBS9",727,1,TRUE,0,"Control split-half A","#7fb3d5"
"PLCL2",716,1,TRUE,0,"Control split-half A","#7fb3d5"
"CCDC18-AS1",391,1,TRUE,0,"Control split-half A","#7fb3d5"
"CTBP2",666,1,TRUE,0,"Control split-half A","#7fb3d5"
"PPARD",778,1,TRUE,0,"Control split-half A","#7fb3d5"
"LY86",715,1,TRUE,0,"Control split-half A","#7fb3d5"
"TLN2",759,1,TRUE,0,"Control split-half A","#7fb3d5"
"RBM6",694,1,TRUE,0,"Control split-half A","#7fb3d5"
"SLC44A1",776,1,TRUE,0,"Control split-half A","#7fb3d5"
"NFAT5",759,1,TRUE,0,"Control split-half A","#7fb3d5"
"CHSY1",778,1,TRUE,0,"Control split-half A","#7fb3d5"
"SPECC1",723,1,TRUE,0,"Control split-half A","#7fb3d5"
"MYO5A",778,4,TRUE,0.0038560411311054,"Control split-half A","#7fb3d5"
"HIST1H2AC",775,1,TRUE,0,"Control split-half A","#7fb3d5"
"PUM2",676,3,TRUE,0.0029585798816568,"Control split-half A","#7fb3d5"
"RIN2",761,1,TRUE,0,"Control split-half A","#7fb3d5"
"CDK13",732,1,TRUE,0,"Control split-half A","#7fb3d5"
"BASP1",736,1,TRUE,0,"Control split-half A","#7fb3d5"
"EVI5",520,1,TRUE,0,"Control split-half A","#7fb3d5"
"SDCBP",772,1,TRUE,0,"Control split-half A","#7fb3d5"
"EML4",780,1,TRUE,0,"Control split-half A","#7fb3d5"
"SLC39A11",640,1,TRUE,0,"Control split-half A","#7fb3d5"
"KDM4C",516,1,TRUE,0,"Control split-half A","#7fb3d5"
"RGL1",784,1,TRUE,0,"Control split-half A","#7fb3d5"
"CPEB4",780,1,TRUE,0,"Control split-half A","#7fb3d5"
"CTSD",734,1,TRUE,0,"Control split-half A","#7fb3d5"
"MARCH3",695,1,TRUE,0,"Control split-half A","#7fb3d5"
"UGCG",733,1,TRUE,0,"Control split-half A","#7fb3d5"
"CHST15",745,1,TRUE,0,"Control split-half A","#7fb3d5"
"LAPTM5",580,1,TRUE,0,"Control split-half A","#7fb3d5"
"ZMYM2",755,1,TRUE,0,"Control split-half A","#7fb3d5"
"FNIP1",754,1,TRUE,0,"Control split-half A","#7fb3d5"
"IGF1R",730,1,TRUE,0,"Control split-half A","#7fb3d5"
"SGMS1",760,1,TRUE,0,"Control split-half A","#7fb3d5"
"SPPL3",743,1,TRUE,0,"Control split-half A","#7fb3d5"
"MLLT10",682,1,TRUE,0,"Control split-half A","#7fb3d5"
"PHACTR2",737,1,TRUE,0,"Control split-half A","#7fb3d5"
"ZNF148",662,1,TRUE,0,"Control split-half A","#7fb3d5"
"KMT2E",139,1,TRUE,0,"Control split-half A","#7fb3d5"
"TET2",698,1,TRUE,0,"Control split-half A","#7fb3d5"
"ARID5B",757,1,TRUE,0,"Control split-half A","#7fb3d5"
"GMDS-DT",578,1,TRUE,0,"Control split-half A","#7fb3d5"
"RASGEF1C",773,1,TRUE,0,"Control split-half A","#7fb3d5"
"UBR5",750,1,TRUE,0,"Control split-half A","#7fb3d5"
"TNPO1",712,1,TRUE,0,"Control split-half A","#7fb3d5"
"CD86",758,1,TRUE,0,"Control split-half A","#7fb3d5"
"KIAA1109",580,1,TRUE,0,"Control split-half A","#7fb3d5"
"P2RY12",768,1,TRUE,0,"Control split-half A","#7fb3d5"
"OSBPL8",712,1,TRUE,0,"Control split-half A","#7fb3d5"
"HNRNPC",716,1,TRUE,0,"Control split-half A","#7fb3d5"
"MAP3K2",741,1,TRUE,0,"Control split-half A","#7fb3d5"
"AC087564.1",701,1,TRUE,0,"Control split-half A","#7fb3d5"
"SAMD12",724,1,TRUE,0,"Control split-half A","#7fb3d5"
"ITGAV",770,1,TRUE,0,"Control split-half A","#7fb3d5"
"UBXN2B",770,1,TRUE,0,"Control split-half A","#7fb3d5"
"GK",774,1,TRUE,0,"Control split-half A","#7fb3d5"
"GALNT10",615,1,TRUE,0,"Control split-half A","#7fb3d5"
"ITSN2",645,1,TRUE,0,"Control split-half A","#7fb3d5"
"IFI44L",762,1,TRUE,0,"Control split-half A","#7fb3d5"
"IQCJ-SCHIP1",724,7,TRUE,0.00828729281767956,"Control split-half A","#7fb3d5"
"PTPN2",777,1,TRUE,0,"Control split-half A","#7fb3d5"
"CTNND1",666,1,TRUE,0,"Control split-half A","#7fb3d5"
"SCAF11",606,11,TRUE,0.0165016501650165,"Control split-half A","#7fb3d5"
"TBC1D12",720,1,TRUE,0,"Control split-half A","#7fb3d5"
"TTC3",585,1,TRUE,0,"Control split-half A","#7fb3d5"
"SNX13",722,1,TRUE,0,"Control split-half A","#7fb3d5"
"SRPK2",612,1,TRUE,0,"Control split-half A","#7fb3d5"
"RAB1A",759,1,TRUE,0,"Control split-half A","#7fb3d5"
"KDM2A",700,1,TRUE,0,"Control split-half A","#7fb3d5"
"TTC17",541,1,TRUE,0,"Control split-half A","#7fb3d5"
"PTEN",666,1,TRUE,0,"Control split-half A","#7fb3d5"
"JAK1",740,1,TRUE,0,"Control split-half A","#7fb3d5"
"BHLHE41",759,1,TRUE,0,"Control split-half A","#7fb3d5"
"VPS8",691,1,TRUE,0,"Control split-half A","#7fb3d5"
"ALPK1",698,1,TRUE,0,"Control split-half A","#7fb3d5"
"GPD2",746,1,TRUE,0,"Control split-half A","#7fb3d5"
"PTK2",640,1,TRUE,0,"Control split-half A","#7fb3d5"
"IL13RA1",773,1,TRUE,0,"Control split-half A","#7fb3d5"
"ITFG1",579,1,TRUE,0,"Control split-half A","#7fb3d5"
"CHD7",450,1,TRUE,0,"Control split-half A","#7fb3d5"
"KDM6A",757,1,TRUE,0,"Control split-half A","#7fb3d5"
"ITPR1",544,1,TRUE,0,"Control split-half A","#7fb3d5"
"CHD1",723,1,TRUE,0,"Control split-half A","#7fb3d5"
"MAP4K3",618,1,TRUE,0,"Control split-half A","#7fb3d5"
"SUCLG2",658,1,TRUE,0,"Control split-half A","#7fb3d5"
"HELZ",724,1,TRUE,0,"Control split-half A","#7fb3d5"
"CLASP2",783,1,TRUE,0,"Control split-half A","#7fb3d5"
"HERC1",667,1,TRUE,0,"Control split-half A","#7fb3d5"
"FAM168A",688,1,TRUE,0,"Control split-half A","#7fb3d5"
"CELF1",711,1,TRUE,0,"Control split-half A","#7fb3d5"
"CEP350",693,1,TRUE,0,"Control split-half A","#7fb3d5"
"H2AFY",632,1,TRUE,0,"Control split-half A","#7fb3d5"
"IRS2",770,1,TRUE,0,"Control split-half A","#7fb3d5"
"RBMS1",779,1,TRUE,0,"Control split-half A","#7fb3d5"
"WASHC4",671,1,TRUE,0,"Control split-half A","#7fb3d5"
"SPIRE1",753,1,TRUE,0,"Control split-half A","#7fb3d5"
"NLK",779,1,TRUE,0,"Control split-half A","#7fb3d5"
"TANK",604,1,TRUE,0,"Control split-half A","#7fb3d5"
"GRAMD1B",750,1,TRUE,0,"Control split-half A","#7fb3d5"
"SLC2A13",729,1,TRUE,0,"Control split-half A","#7fb3d5"
"SLA",747,3,TRUE,0.00267737617135207,"Control split-half A","#7fb3d5"
"MAF",774,1,TRUE,0,"Control split-half A","#7fb3d5"
"SLC25A37",687,1,TRUE,0,"Control split-half A","#7fb3d5"
"PPP1R12A",628,1,TRUE,0,"Control split-half A","#7fb3d5"
"CERT1",765,1,TRUE,0,"Control split-half A","#7fb3d5"
"ZDHHC14",241,1,TRUE,0,"Control split-half A","#7fb3d5"
"PCCA",710,1,TRUE,0,"Control split-half A","#7fb3d5"
"ARHGAP18",780,1,TRUE,0,"Control split-half A","#7fb3d5"
"PDE4D",744,1,TRUE,0,"Control split-half A","#7fb3d5"
"HCLS1",735,9,TRUE,0.0108843537414966,"Control split-half A","#7fb3d5"
"ABI1",734,1,TRUE,0,"Control split-half A","#7fb3d5"
"FARS2",454,1,TRUE,0,"Control split-half A","#7fb3d5"
"SENP6",723,1,TRUE,0,"Control split-half A","#7fb3d5"
"PNISR",707,1,TRUE,0,"Control split-half A","#7fb3d5"
"INPP4A",758,1,TRUE,0,"Control split-half A","#7fb3d5"
"GSN",771,1,TRUE,0,"Control split-half A","#7fb3d5"
"KLHL6",731,1,TRUE,0,"Control split-half A","#7fb3d5"
"ARHGAP25",771,1,TRUE,0,"Control split-half A","#7fb3d5"
"UTY",765,1,TRUE,0,"Control split-half A","#7fb3d5"
"CTNNB1",769,1,TRUE,0,"Control split-half A","#7fb3d5"
"SETX",432,1,TRUE,0,"Control split-half A","#7fb3d5"
"SCFD2",534,1,TRUE,0,"Control split-half A","#7fb3d5"
"MSI2",783,1,TRUE,0,"Control split-half A","#7fb3d5"
"RAPGEF6",763,1,TRUE,0,"Control split-half A","#7fb3d5"
"MYO1D",742,1,TRUE,0,"Control split-half A","#7fb3d5"
"CIITA",728,1,TRUE,0,"Control split-half A","#7fb3d5"
"SRGAP3",736,1,TRUE,0,"Control split-half A","#7fb3d5"
"BPTF",775,1,TRUE,0,"Control split-half A","#7fb3d5"
"GNB1",704,1,TRUE,0,"Control split-half A","#7fb3d5"
"SOS1",748,1,TRUE,0,"Control split-half A","#7fb3d5"
"MAPKAP1",656,1,TRUE,0,"Control split-half A","#7fb3d5"
"CDK14",775,1,TRUE,0,"Control split-half A","#7fb3d5"
"TMEM65",724,1,TRUE,0,"Control split-half A","#7fb3d5"
"UBL3",642,1,TRUE,0,"Control split-half A","#7fb3d5"
"WSB1",773,1,TRUE,0,"Control split-half A","#7fb3d5"
"ASTN2",735,6,TRUE,0.00680272108843537,"Control split-half A","#7fb3d5"
"PRRC2C",692,1,TRUE,0,"Control split-half A","#7fb3d5"
"ZEB1",740,1,TRUE,0,"Control split-half A","#7fb3d5"
"BRAF",643,1,TRUE,0,"Control split-half A","#7fb3d5"
"UBE2D3",705,1,TRUE,0,"Control split-half A","#7fb3d5"
"RNF213",666,1,TRUE,0,"Control split-half A","#7fb3d5"
"SKI",765,1,TRUE,0,"Control split-half A","#7fb3d5"
"PTBP3",478,1,TRUE,0,"Control split-half A","#7fb3d5"
"MS4A6A",771,3,TRUE,0.00259403372243839,"Control split-half A","#7fb3d5"
"DCAF6",671,1,TRUE,0,"Control split-half A","#7fb3d5"
"BRWD1",554,1,TRUE,0,"Control split-half A","#7fb3d5"
"ASCC3",671,1,TRUE,0,"Control split-half A","#7fb3d5"
"KIF16B",559,1,TRUE,0,"Control split-half A","#7fb3d5"
"SMURF2",500,1,TRUE,0,"Control split-half A","#7fb3d5"
"UBE2E1",566,1,TRUE,0,"Control split-half A","#7fb3d5"
"R3HDM2",680,1,TRUE,0,"Control split-half A","#7fb3d5"
"SMCHD1",704,1,TRUE,0,"Control split-half A","#7fb3d5"
"APBA1",765,1,TRUE,0,"Control split-half A","#7fb3d5"
"DENND4A",581,1,TRUE,0,"Control split-half A","#7fb3d5"
"ARID4B",360,1,TRUE,0,"Control split-half A","#7fb3d5"
"TBC1D4",745,1,TRUE,0,"Control split-half A","#7fb3d5"
"ARHGAP12",751,1,TRUE,0,"Control split-half A","#7fb3d5"
"SPATA13",769,1,TRUE,0,"Control split-half A","#7fb3d5"
"LCORL",697,1,TRUE,0,"Control split-half A","#7fb3d5"
"NEK7",755,1,TRUE,0,"Control split-half A","#7fb3d5"
"UST",718,1,TRUE,0,"Control split-half A","#7fb3d5"
"SCAPER",700,1,TRUE,0,"Control split-half A","#7fb3d5"
"ARID2",561,1,TRUE,0,"Control split-half A","#7fb3d5"
"GLS",411,1,TRUE,0,"Control split-half A","#7fb3d5"
"ACYP2",359,1,TRUE,0,"Control split-half A","#7fb3d5"
"DLG1",782,1,TRUE,0,"Control split-half A","#7fb3d5"
"MAN1C1",603,1,TRUE,0,"Control split-half A","#7fb3d5"
"STAU2",712,1,TRUE,0,"Control split-half A","#7fb3d5"
"TSPAN14",744,1,TRUE,0,"Control split-half A","#7fb3d5"
"BMPR2",476,1,TRUE,0,"Control split-half A","#7fb3d5"
"LINC01473",577,1,TRUE,0,"Control split-half A","#7fb3d5"
"TRPM2",747,1,TRUE,0,"Control split-half A","#7fb3d5"
"LINC01091",782,1,TRUE,0,"Control split-half A","#7fb3d5"
"LRRC8D",689,1,TRUE,0,"Control split-half A","#7fb3d5"
"XPR1",537,1,TRUE,0,"Control split-half A","#7fb3d5"
"PLSCR1",761,1,TRUE,0,"Control split-half A","#7fb3d5"
"IFNGR2",697,1,TRUE,0,"Control split-half A","#7fb3d5"
"NBEA",737,1,TRUE,0,"Control split-half A","#7fb3d5"
"PELI2",747,1,TRUE,0,"Control split-half A","#7fb3d5"
"SLC25A13",765,1,TRUE,0,"Control split-half A","#7fb3d5"
"MARK3",651,1,TRUE,0,"Control split-half A","#7fb3d5"
"TIAM1",705,1,TRUE,0,"Control split-half A","#7fb3d5"
"RICTOR",770,1,TRUE,0,"Control split-half A","#7fb3d5"
"ZNF644",666,1,TRUE,0,"Control split-half A","#7fb3d5"
"MIR181A1HG",768,1,TRUE,0,"Control split-half A","#7fb3d5"
"RASSF3",742,1,TRUE,0,"Control split-half A","#7fb3d5"
"SLC22A23",756,1,TRUE,0,"Control split-half A","#7fb3d5"
"ERC2",772,1,TRUE,0,"Control split-half A","#7fb3d5"
"CSF2RA",777,1,TRUE,0,"Control split-half A","#7fb3d5"
"UBE2K",709,1,TRUE,0,"Control split-half A","#7fb3d5"
"MYO1F",658,1,TRUE,0,"Control split-half A","#7fb3d5"
"KAT6A",674,1,TRUE,0,"Control split-half A","#7fb3d5"
"MRTFA",694,1,TRUE,0,"Control split-half A","#7fb3d5"
"SMAD2",685,1,TRUE,0,"Control split-half A","#7fb3d5"
"MVB12B",710,1,TRUE,0,"Control split-half A","#7fb3d5"
"NR3C2",695,1,TRUE,0,"Control split-half A","#7fb3d5"
"SRRM2",683,1,TRUE,0,"Control split-half A","#7fb3d5"
"TFRC",762,1,TRUE,0,"Control split-half A","#7fb3d5"
"STAT3",764,1,TRUE,0,"Control split-half A","#7fb3d5"
"CYBB",744,1,TRUE,0,"Control split-half A","#7fb3d5"
"SETD2",600,1,TRUE,0,"Control split-half A","#7fb3d5"
"EVL",194,1,TRUE,0,"Control split-half A","#7fb3d5"
"HDAC8",623,1,TRUE,0,"Control split-half A","#7fb3d5"
"PPM1L",531,1,TRUE,0,"Control split-half A","#7fb3d5"
"REV3L",768,1,TRUE,0,"Control split-half A","#7fb3d5"
"BLNK",753,1,TRUE,0,"Control split-half A","#7fb3d5"
"VOPP1",577,1,TRUE,0,"Control split-half A","#7fb3d5"
"ANK2",754,1,TRUE,0,"Control split-half A","#7fb3d5"
"PARP14",729,1,TRUE,0,"Control split-half A","#7fb3d5"
"CPEB3",690,1,TRUE,0,"Control split-half A","#7fb3d5"
"HNRNPU",762,1,TRUE,0,"Control split-half A","#7fb3d5"
"ITGAX",779,1,TRUE,0,"Control split-half A","#7fb3d5"
"HNRNPA2B1",417,1,TRUE,0,"Control split-half A","#7fb3d5"
"POU2F1",568,1,TRUE,0,"Control split-half A","#7fb3d5"
"TUT7",633,1,TRUE,0,"Control split-half A","#7fb3d5"
"UBE2W",738,1,TRUE,0,"Control split-half A","#7fb3d5"
"OSBPL1A",767,1,TRUE,0,"Control split-half A","#7fb3d5"
"TRIP12",676,1,TRUE,0,"Control split-half A","#7fb3d5"
"ZMAT3",745,1,TRUE,0,"Control split-half A","#7fb3d5"
"GMDS",233,1,TRUE,0,"Control split-half A","#7fb3d5"
"CRADD",539,1,TRUE,0,"Control split-half A","#7fb3d5"
"SWAP70",634,1,TRUE,0,"Control split-half A","#7fb3d5"
"WDFY2",693,1,TRUE,0,"Control split-half A","#7fb3d5"
"ARID1A",577,1,TRUE,0,"Control split-half A","#7fb3d5"
"CFLAR",736,1,TRUE,0,"Control split-half A","#7fb3d5"
"ARIH1",743,1,TRUE,0,"Control split-half A","#7fb3d5"
"PHC3",557,1,TRUE,0,"Control split-half A","#7fb3d5"
"PPP2R5C",727,1,TRUE,0,"Control split-half A","#7fb3d5"
"CSNK1A1",679,1,TRUE,0,"Control split-half A","#7fb3d5"
"PDS5B",686,1,TRUE,0,"Control split-half A","#7fb3d5"
"WDR7",719,1,TRUE,0,"Control split-half A","#7fb3d5"
"CNOT2",714,1,TRUE,0,"Control split-half A","#7fb3d5"
"THADA",605,1,TRUE,0,"Control split-half A","#7fb3d5"
"SSH1",724,1,TRUE,0,"Control split-half A","#7fb3d5"
"GSAP",757,1,TRUE,0,"Control split-half A","#7fb3d5"
"PABPC1",646,1,TRUE,0,"Control split-half A","#7fb3d5"
"TREM2",375,1,TRUE,0,"Control split-half A","#7fb3d5"
"TYROBP",292,1,TRUE,0,"Control split-half A","#7fb3d5"
"CD33",776,1,TRUE,0,"Control split-half A","#7fb3d5"
"BIN1",776,1,TRUE,0,"Control split-half A","#7fb3d5"
"CR1",761,2,TRUE,0.00131406044678055,"Control split-half A","#7fb3d5"
"MS4A4A",769,1,TRUE,0,"Control split-half A","#7fb3d5"
"SPI1",257,1,TRUE,0,"Control split-half A","#7fb3d5"
"IRF8",761,1,TRUE,0,"Control split-half A","#7fb3d5"
"NFKB1",495,1,TRUE,0,"Control split-half A","#7fb3d5"
"C1QA",753,1,TRUE,0,"Control split-half A","#7fb3d5"
"CX3CR1",773,1,TRUE,0,"Control split-half A","#7fb3d5"
"TMEM119",613,1,TRUE,0,"Control split-half A","#7fb3d5"
"BTK",613,1,TRUE,0,"Control split-half A","#7fb3d5"
"IL10RA",768,1,TRUE,0,"Control split-half A","#7fb3d5"
"ACTA2",433,1,TRUE,0,"Control split-half A","#7fb3d5"
"TSHR",0,9,FALSE,NA,"Control split-half A","#7fb3d5"
"PECAM1",716,1,TRUE,0,"Control split-half A","#7fb3d5"
"YKT6",421,1,TRUE,0,"Control split-half A","#7fb3d5"
"MALAT1",787,1,TRUE,0,"Control split-half B","#e59866"
"PLXDC2",769,1,TRUE,0,"Control split-half B","#e59866"
"SPP1",764,1,TRUE,0,"Control split-half B","#e59866"
"DOCK4",783,1,TRUE,0,"Control split-half B","#e59866"
"NEAT1",769,1,TRUE,0,"Control split-half B","#e59866"
"LRMDA",630,1,TRUE,0,"Control split-half B","#e59866"
"GRID2",722,1,TRUE,0,"Control split-half B","#e59866"
"ARHGAP24",765,1,TRUE,0,"Control split-half B","#e59866"
"FRMD4A",789,1,TRUE,0,"Control split-half B","#e59866"
"KCNMA1",770,1,TRUE,0,"Control split-half B","#e59866"
"SLC1A3",772,1,TRUE,0,"Control split-half B","#e59866"
"PTPRG",669,1,TRUE,0,"Control split-half B","#e59866"
"AL163541.1",694,1,TRUE,0,"Control split-half B","#e59866"
"ELMO1",765,1,TRUE,0,"Control split-half B","#e59866"
"MAML2",199,1,TRUE,0,"Control split-half B","#e59866"
"CHST11",775,1,TRUE,0,"Control split-half B","#e59866"
"FMNL2",726,1,TRUE,0,"Control split-half B","#e59866"
"LNCAROD",688,1,TRUE,0,"Control split-half B","#e59866"
"SSH2",740,1,TRUE,0,"Control split-half B","#e59866"
"LDLRAD4",776,1,TRUE,0,"Control split-half B","#e59866"
"SLC8A1",745,1,TRUE,0,"Control split-half B","#e59866"
"KCNQ3",760,1,TRUE,0,"Control split-half B","#e59866"
"FTL",761,1,TRUE,0,"Control split-half B","#e59866"
"DPYD",771,1,TRUE,0,"Control split-half B","#e59866"
"CELF2",775,1,TRUE,0,"Control split-half B","#e59866"
"ARHGAP26",781,1,TRUE,0,"Control split-half B","#e59866"
"SFMBT2",763,1,TRUE,0,"Control split-half B","#e59866"
"FKBP5",737,2,TRUE,0.00135685210312076,"Control split-half B","#e59866"
"NHSL1",772,1,TRUE,0,"Control split-half B","#e59866"
"APBB1IP",773,1,TRUE,0,"Control split-half B","#e59866"
"MEF2A",767,1,TRUE,0,"Control split-half B","#e59866"
"SORL1",783,1,TRUE,0,"Control split-half B","#e59866"
"CSGALNACT1",766,1,TRUE,0,"Control split-half B","#e59866"
"ST6GAL1",768,1,TRUE,0,"Control split-half B","#e59866"
"EPB41L2",758,1,TRUE,0,"Control split-half B","#e59866"
"GLDN",764,1,TRUE,0,"Control split-half B","#e59866"
"QKI",755,1,TRUE,0,"Control split-half B","#e59866"
"RUNX1",770,1,TRUE,0,"Control split-half B","#e59866"
"FMN1",774,2,TRUE,0.00129198966408269,"Control split-half B","#e59866"
"HDAC9",770,1,TRUE,0,"Control split-half B","#e59866"
"PICALM",733,1,TRUE,0,"Control split-half B","#e59866"
"PCDH9",708,1,TRUE,0,"Control split-half B","#e59866"
"BMP2K",652,1,TRUE,0,"Control split-half B","#e59866"
"GNAQ",748,1,TRUE,0,"Control split-half B","#e59866"
"FHIT",681,1,TRUE,0,"Control split-half B","#e59866"
"MBNL1",691,1,TRUE,0,"Control split-half B","#e59866"
"AUTS2",755,1,TRUE,0,"Control split-half B","#e59866"
"ITPR2",753,1,TRUE,0,"Control split-half B","#e59866"
"SIPA1L1",763,1,TRUE,0,"Control split-half B","#e59866"
"FOXN3",746,1,TRUE,0,"Control split-half B","#e59866"
"SRGAP2",777,1,TRUE,0,"Control split-half B","#e59866"
"DOCK8",777,1,TRUE,0,"Control split-half B","#e59866"
"PDE3B",743,1,TRUE,0,"Control split-half B","#e59866"
"ZEB2",785,1,TRUE,0,"Control split-half B","#e59866"
"MEF2C",748,1,TRUE,0,"Control split-half B","#e59866"
"ARHGAP15",672,1,TRUE,0,"Control split-half B","#e59866"
"CPM",763,2,TRUE,0.00131061598951507,"Control split-half B","#e59866"
"MAML3",732,1,TRUE,0,"Control split-half B","#e59866"
"DISC1",602,1,TRUE,0,"Control split-half B","#e59866"
"MED13L",754,1,TRUE,0,"Control split-half B","#e59866"
"ELL2",773,1,TRUE,0,"Control split-half B","#e59866"
"DLEU1",770,1,TRUE,0,"Control split-half B","#e59866"
"ACSL1",784,1,TRUE,0,"Control split-half B","#e59866"
"SLC9A9",760,9,TRUE,0.0105263157894737,"Control split-half B","#e59866"
"STARD13",780,12,TRUE,0.0141025641025641,"Control split-half B","#e59866"
"OXR1",771,1,TRUE,0,"Control split-half B","#e59866"
"FGD4",632,1,TRUE,0,"Control split-half B","#e59866"
"JAZF1",775,1,TRUE,0,"Control split-half B","#e59866"
"UBE2E2",633,1,TRUE,0,"Control split-half B","#e59866"
"TCF12",714,2,TRUE,0.00140056022408964,"Control split-half B","#e59866"
"IMMP2L",611,1,TRUE,0,"Control split-half B","#e59866"
"SH3RF3",776,1,TRUE,0,"Control split-half B","#e59866"
"PDE4B",788,1,TRUE,0,"Control split-half B","#e59866"
"APOE",756,1,TRUE,0,"Control split-half B","#e59866"
"DSCAM",767,1,TRUE,0,"Control split-half B","#e59866"
"MYO1E",444,1,TRUE,0,"Control split-half B","#e59866"
"FAM49B",769,1,TRUE,0,"Control split-half B","#e59866"
"FYB1",661,1,TRUE,0,"Control split-half B","#e59866"
"ABR",750,1,TRUE,0,"Control split-half B","#e59866"
"BNC2",692,1,TRUE,0,"Control split-half B","#e59866"
"ST6GALNAC3",773,1,TRUE,0,"Control split-half B","#e59866"
"TBC1D5",739,6,TRUE,0.006765899864682,"Control split-half B","#e59866"
"SYNDIG1",768,1,TRUE,0,"Control split-half B","#e59866"
"WWOX",229,2,TRUE,0.00436681222707424,"Control split-half B","#e59866"
"ATG7",774,1,TRUE,0,"Control split-half B","#e59866"
"RBM47",779,1,TRUE,0,"Control split-half B","#e59866"
"ETV6",778,1,TRUE,0,"Control split-half B","#e59866"
"ZBTB20",757,1,TRUE,0,"Control split-half B","#e59866"
"LHFPL2",764,1,TRUE,0,"Control split-half B","#e59866"
"NAV3",776,1,TRUE,0,"Control split-half B","#e59866"
"EPB41L3",779,1,TRUE,0,"Control split-half B","#e59866"
"IPCEF1",771,1,TRUE,0,"Control split-half B","#e59866"
"GAB2",719,1,TRUE,0,"Control split-half B","#e59866"
"ZSWIM6",758,1,TRUE,0,"Control split-half B","#e59866"
"XIST",777,1,TRUE,0,"Control split-half B","#e59866"
"LPP",744,1,TRUE,0,"Control split-half B","#e59866"
"DOCK10",770,1,TRUE,0,"Control split-half B","#e59866"
"RAD51B",689,1,TRUE,0,"Control split-half B","#e59866"
"PTPRJ",730,1,TRUE,0,"Control split-half B","#e59866"
"MAN2A1",755,1,TRUE,0,"Control split-half B","#e59866"
"ANKRD44",770,1,TRUE,0,"Control split-half B","#e59866"
"PADI2",778,1,TRUE,0,"Control split-half B","#e59866"
"FTX",578,1,TRUE,0,"Control split-half B","#e59866"
"ZFHX3",750,1,TRUE,0,"Control split-half B","#e59866"
"FCHSD2",781,1,TRUE,0,"Control split-half B","#e59866"
"MGAT4A",756,1,TRUE,0,"Control split-half B","#e59866"
"FOXP1",750,1,TRUE,0,"Control split-half B","#e59866"
"ALCAM",748,1,TRUE,0,"Control split-half B","#e59866"
"TBXAS1",732,1,TRUE,0,"Control split-half B","#e59866"
"AKAP13",753,1,TRUE,0,"Control split-half B","#e59866"
"CD74",755,1,TRUE,0,"Control split-half B","#e59866"
"CTSB",778,1,TRUE,0,"Control split-half B","#e59866"
"MERTK",775,9,TRUE,0.0103225806451613,"Control split-half B","#e59866"
"SDK1",733,1,TRUE,0,"Control split-half B","#e59866"
"ZFAND3",766,1,TRUE,0,"Control split-half B","#e59866"
"SRGN",778,1,TRUE,0,"Control split-half B","#e59866"
"DOCK2",713,1,TRUE,0,"Control split-half B","#e59866"
"SLCO2B1",747,1,TRUE,0,"Control split-half B","#e59866"
"TANC2",753,1,TRUE,0,"Control split-half B","#e59866"
"SAT1",773,1,TRUE,0,"Control split-half B","#e59866"
"HS3ST4",769,1,TRUE,0,"Control split-half B","#e59866"
"HIF1A",775,1,TRUE,0,"Control split-half B","#e59866"
"SRGAP1",772,1,TRUE,0,"Control split-half B","#e59866"
"XACT",722,1,TRUE,0,"Control split-half B","#e59866"
"RAPGEF1",787,1,TRUE,0,"Control split-half B","#e59866"
"FRMD4B",763,1,TRUE,0,"Control split-half B","#e59866"
"PTPRC",585,1,TRUE,0,"Control split-half B","#e59866"
"SMYD3",692,1,TRUE,0,"Control split-half B","#e59866"
"SMAP2",720,1,TRUE,0,"Control split-half B","#e59866"
"TCF4",768,1,TRUE,0,"Control split-half B","#e59866"
"DIAPH2",459,1,TRUE,0,"Control split-half B","#e59866"
"LINC01374",546,1,TRUE,0,"Control split-half B","#e59866"
"ATXN1",730,1,TRUE,0,"Control split-half B","#e59866"
"DIRC3",773,6,TRUE,0.00646830530401035,"Control split-half B","#e59866"
"ADAM28",744,1,TRUE,0,"Control split-half B","#e59866"
"RASAL2",757,1,TRUE,0,"Control split-half B","#e59866"
"ARHGAP22",766,1,TRUE,0,"Control split-half B","#e59866"
"ARID1B",742,1,TRUE,0,"Control split-half B","#e59866"
"JMJD1C",735,1,TRUE,0,"Control split-half B","#e59866"
"MITF",762,1,TRUE,0,"Control split-half B","#e59866"
"SSBP2",620,1,TRUE,0,"Control split-half B","#e59866"
"SAMD4A",755,1,TRUE,0,"Control split-half B","#e59866"
"NCK2",780,1,TRUE,0,"Control split-half B","#e59866"
"ATP8B4",560,1,TRUE,0,"Control split-half B","#e59866"
"INPP5D",773,1,TRUE,0,"Control split-half B","#e59866"
"ARL15",568,1,TRUE,0,"Control split-half B","#e59866"
"LIMS1",533,1,TRUE,0,"Control split-half B","#e59866"
"ATP1B3",770,1,TRUE,0,"Control split-half B","#e59866"
"TGFBR1",776,1,TRUE,0,"Control split-half B","#e59866"
"ZNF804A",612,1,TRUE,0,"Control split-half B","#e59866"
"FNDC3B",769,1,TRUE,0,"Control split-half B","#e59866"
"TBC1D22A",762,1,TRUE,0,"Control split-half B","#e59866"
"RNASET2",766,1,TRUE,0,"Control split-half B","#e59866"
"RERE",658,1,TRUE,0,"Control split-half B","#e59866"
"PAG1",768,1,TRUE,0,"Control split-half B","#e59866"
"FNIP2",733,1,TRUE,0,"Control split-half B","#e59866"
"KANSL1",757,1,TRUE,0,"Control split-half B","#e59866"
"CYFIP1",762,1,TRUE,0,"Control split-half B","#e59866"
"TRPS1",778,3,TRUE,0.0025706940874036,"Control split-half B","#e59866"
"EXOC4",642,1,TRUE,0,"Control split-half B","#e59866"
"MARCH1",770,1,TRUE,0,"Control split-half B","#e59866"
"LRRC4C",94,1,TRUE,0,"Control split-half B","#e59866"
"CCNH",561,1,TRUE,0,"Control split-half B","#e59866"
"PELI1",719,1,TRUE,0,"Control split-half B","#e59866"
"PLCL1",743,1,TRUE,0,"Control split-half B","#e59866"
"MAP4K4",764,1,TRUE,0,"Control split-half B","#e59866"
"TPRG1",543,7,TRUE,0.0110497237569061,"Control split-half B","#e59866"
"SRGAP2B",740,1,TRUE,0,"Control split-half B","#e59866"
"ADGRB3",749,1,TRUE,0,"Control split-half B","#e59866"
"DTNA",713,1,TRUE,0,"Control split-half B","#e59866"
"PRKN",598,1,TRUE,0,"Control split-half B","#e59866"
"AOAH",541,1,TRUE,0,"Control split-half B","#e59866"
"SPIDR",763,1,TRUE,0,"Control split-half B","#e59866"
"ABCC4",773,1,TRUE,0,"Control split-half B","#e59866"
"PREX1",745,1,TRUE,0,"Control split-half B","#e59866"
"SAMSN1",698,1,TRUE,0,"Control split-half B","#e59866"
"C3",773,1,TRUE,0,"Control split-half B","#e59866"
"EIF4G3",727,1,TRUE,0,"Control split-half B","#e59866"
"MSR1",778,1,TRUE,0,"Control split-half B","#e59866"
"RALGAPA2",609,1,TRUE,0,"Control split-half B","#e59866"
"DLEU2",513,1,TRUE,0,"Control split-half B","#e59866"
"TRIO",684,1,TRUE,0,"Control split-half B","#e59866"
"SNX29",379,1,TRUE,0,"Control split-half B","#e59866"
"CHSY3",684,1,TRUE,0,"Control split-half B","#e59866"
"SKAP2",694,1,TRUE,0,"Control split-half B","#e59866"
"TAB2",694,1,TRUE,0,"Control split-half B","#e59866"
"MTSS1",768,1,TRUE,0,"Control split-half B","#e59866"
"SDCCAG8",736,1,TRUE,0,"Control split-half B","#e59866"
"LRCH1",754,1,TRUE,0,"Control split-half B","#e59866"
"DIP2B",751,1,TRUE,0,"Control split-half B","#e59866"
"AKT3",762,1,TRUE,0,"Control split-half B","#e59866"
"HSP90AA1",746,1,TRUE,0,"Control split-half B","#e59866"
"CD163",780,1,TRUE,0,"Control split-half B","#e59866"
"STAG1",706,1,TRUE,0,"Control split-half B","#e59866"
"SBF2",545,2,TRUE,0.0018348623853211,"Control split-half B","#e59866"
"TLR2",745,1,TRUE,0,"Control split-half B","#e59866"
"FNDC3A",737,1,TRUE,0,"Control split-half B","#e59866"
"F13A1",779,1,TRUE,0,"Control split-half B","#e59866"
"SLC11A1",777,1,TRUE,0,"Control split-half B","#e59866"
"AP001977.1",564,1,TRUE,0,"Control split-half B","#e59866"
"ASAP1",730,2,TRUE,0.00136986301369863,"Control split-half B","#e59866"
"ZFPM2-AS1",760,1,TRUE,0,"Control split-half B","#e59866"
"DISP1",734,1,TRUE,0,"Control split-half B","#e59866"
"RAB31",711,1,TRUE,0,"Control split-half B","#e59866"
"MYCBP2",723,1,TRUE,0,"Control split-half B","#e59866"
"FER",736,1,TRUE,0,"Control split-half B","#e59866"
"BACH1",775,1,TRUE,0,"Control split-half B","#e59866"
"PTPRM",734,1,TRUE,0,"Control split-half B","#e59866"
"NIPBL",674,1,TRUE,0,"Control split-half B","#e59866"
"RNF130",755,1,TRUE,0,"Control split-half B","#e59866"
"BAZ2B",756,1,TRUE,0,"Control split-half B","#e59866"
"RABGAP1L",632,1,TRUE,0,"Control split-half B","#e59866"
"CAMK1D",754,1,TRUE,0,"Control split-half B","#e59866"
"RTTN",696,1,TRUE,0,"Control split-half B","#e59866"
"PRKCE",643,1,TRUE,0,"Control split-half B","#e59866"
"SCIN",472,1,TRUE,0,"Control split-half B","#e59866"
"MTHFD1L",699,1,TRUE,0,"Control split-half B","#e59866"
"CHD9",724,1,TRUE,0,"Control split-half B","#e59866"
"PRKAG2",765,1,TRUE,0,"Control split-half B","#e59866"
"PSAP",755,1,TRUE,0,"Control split-half B","#e59866"
"DENND3",768,1,TRUE,0,"Control split-half B","#e59866"
"PTPRE",768,1,TRUE,0,"Control split-half B","#e59866"
"LINC02798",703,1,TRUE,0,"Control split-half B","#e59866"
"NCKAP5",575,1,TRUE,0,"Control split-half B","#e59866"
"FOXP2",762,1,TRUE,0,"Control split-half B","#e59866"
"LINC00278",781,1,TRUE,0,"Control split-half B","#e59866"
"HLA-DRA",630,1,TRUE,0,"Control split-half B","#e59866"
"DDX5",740,1,TRUE,0,"Control split-half B","#e59866"
"GPNMB",765,1,TRUE,0,"Control split-half B","#e59866"
"MGAT5",778,1,TRUE,0,"Control split-half B","#e59866"
"ATM",693,1,TRUE,0,"Control split-half B","#e59866"
"RASSF8",773,1,TRUE,0,"Control split-half B","#e59866"
"ARHGAP6",738,1,TRUE,0,"Control split-half B","#e59866"
"KMT2C",716,1,TRUE,0,"Control split-half B","#e59866"
"UTRN",760,1,TRUE,0,"Control split-half B","#e59866"
"SHTN1",770,1,TRUE,0,"Control split-half B","#e59866"
"KHDRBS3",700,1,TRUE,0,"Control split-half B","#e59866"
"BCL2",669,1,TRUE,0,"Control split-half B","#e59866"
"DENND1A",752,1,TRUE,0,"Control split-half B","#e59866"
"LPCAT2",721,1,TRUE,0,"Control split-half B","#e59866"
"RAP1A",563,1,TRUE,0,"Control split-half B","#e59866"
"PDE8A",763,1,TRUE,0,"Control split-half B","#e59866"
"WDFY3",784,1,TRUE,0,"Control split-half B","#e59866"
"PALD1",767,1,TRUE,0,"Control split-half B","#e59866"
"VTI1A",581,1,TRUE,0,"Control split-half B","#e59866"
"TBL1XR1",58,1,TRUE,0,"Control split-half B","#e59866"
"PIP4K2A",768,1,TRUE,0,"Control split-half B","#e59866"
"PPARG",309,1,TRUE,0,"Control split-half B","#e59866"
"MAN1A1",770,1,TRUE,0,"Control split-half B","#e59866"
"MIR99AHG",678,1,TRUE,0,"Control split-half B","#e59866"
"KYNU",778,1,TRUE,0,"Control split-half B","#e59866"
"EPS8",736,1,TRUE,0,"Control split-half B","#e59866"
"LYN",612,1,TRUE,0,"Control split-half B","#e59866"
"RGS1",774,1,TRUE,0,"Control split-half B","#e59866"
"KCNIP1",751,1,TRUE,0,"Control split-half B","#e59866"
"LRRK2",748,1,TRUE,0,"Control split-half B","#e59866"
"ZBTB16",688,1,TRUE,0,"Control split-half B","#e59866"
"FAM149A",776,1,TRUE,0,"Control split-half B","#e59866"
"NAV2",418,1,TRUE,0,"Control split-half B","#e59866"
"CMIP",761,1,TRUE,0,"Control split-half B","#e59866"
"AFF1",723,3,TRUE,0.00276625172890733,"Control split-half B","#e59866"
"VPS13C",248,1,TRUE,0,"Control split-half B","#e59866"
"PPP3CA",694,1,TRUE,0,"Control split-half B","#e59866"
"FLI1",719,1,TRUE,0,"Control split-half B","#e59866"
"DST",770,1,TRUE,0,"Control split-half B","#e59866"
"FTH1",770,1,TRUE,0,"Control split-half B","#e59866"
"NRIP1",618,1,TRUE,0,"Control split-half B","#e59866"
"TTC7A",784,1,TRUE,0,"Control split-half B","#e59866"
"SH3KBP1",755,1,TRUE,0,"Control split-half B","#e59866"
"BCAS3",651,1,TRUE,0,"Control split-half B","#e59866"
"RTN4",761,1,TRUE,0,"Control split-half B","#e59866"
"RNF13",766,1,TRUE,0,"Control split-half B","#e59866"
"USP15",750,1,TRUE,0,"Control split-half B","#e59866"
"TNRC6B",762,1,TRUE,0,"Control split-half B","#e59866"
"SLC4A7",677,1,TRUE,0,"Control split-half B","#e59866"
"MKLN1",701,1,TRUE,0,"Control split-half B","#e59866"
"MBD5",740,1,TRUE,0,"Control split-half B","#e59866"
"FOXO3",751,1,TRUE,0,"Control split-half B","#e59866"
"NFIA",742,1,TRUE,0,"Control split-half B","#e59866"
"PAN3",566,1,TRUE,0,"Control split-half B","#e59866"
"ALDH1A2",728,1,TRUE,0,"Control split-half B","#e59866"
"NCOA1",712,1,TRUE,0,"Control split-half B","#e59866"
"ZFP36L1",676,1,TRUE,0,"Control split-half B","#e59866"
"OSBPL3",746,1,TRUE,0,"Control split-half B","#e59866"
"NCOA2",118,1,TRUE,0,"Control split-half B","#e59866"
"CCND3",777,1,TRUE,0,"Control split-half B","#e59866"
"RIN3",775,1,TRUE,0,"Control split-half B","#e59866"
"VPS13B",722,1,TRUE,0,"Control split-half B","#e59866"
"PRKCB",712,1,TRUE,0,"Control split-half B","#e59866"
"SLC16A10",769,1,TRUE,0,"Control split-half B","#e59866"
"ADK",736,1,TRUE,0,"Control split-half B","#e59866"
"SUMF1",751,1,TRUE,0,"Control split-half B","#e59866"
"FCGBP",8,5,TRUE,0.5,"Control split-half B","#e59866"
"FBXL17",72,1,TRUE,0,"Control split-half B","#e59866"
"CCNY",724,1,TRUE,0,"Control split-half B","#e59866"
"HERC4",438,1,TRUE,0,"Control split-half B","#e59866"
"NPL",721,1,TRUE,0,"Control split-half B","#e59866"
"IQGAP2",775,3,TRUE,0.00258064516129032,"Control split-half B","#e59866"
"SPRED1",776,1,TRUE,0,"Control split-half B","#e59866"
"GRB2",736,1,TRUE,0,"Control split-half B","#e59866"
"ZFP36L2",774,1,TRUE,0,"Control split-half B","#e59866"
"PIAS1",385,1,TRUE,0,"Control split-half B","#e59866"
"MACROD2",639,1,TRUE,0,"Control split-half B","#e59866"
"PIK3R1",734,1,TRUE,0,"Control split-half B","#e59866"
"SYK",763,1,TRUE,0,"Control split-half B","#e59866"
"CPVL",760,1,TRUE,0,"Control split-half B","#e59866"
"SOCS6",743,1,TRUE,0,"Control split-half B","#e59866"
"NAALADL2",354,1,TRUE,0,"Control split-half B","#e59866"
"CUX1",755,1,TRUE,0,"Control split-half B","#e59866"
"NF1",636,1,TRUE,0,"Control split-half B","#e59866"
"TNS3",711,1,TRUE,0,"Control split-half B","#e59866"
"CTTNBP2",741,1,TRUE,0,"Control split-half B","#e59866"
"PBX3",716,1,TRUE,0,"Control split-half B","#e59866"
"MAP3K5",724,1,TRUE,0,"Control split-half B","#e59866"
"TMSB4X",691,1,TRUE,0,"Control split-half B","#e59866"
"TGFBR2",734,1,TRUE,0,"Control split-half B","#e59866"
"EEF1A1",668,1,TRUE,0,"Control split-half B","#e59866"
"DLG2",662,9,TRUE,0.0120845921450151,"Control split-half B","#e59866"
"MEF2C-AS1",563,1,TRUE,0,"Control split-half B","#e59866"
"ANKRD17",749,1,TRUE,0,"Control split-half B","#e59866"
"CADM1",672,2,TRUE,0.00148809523809524,"Control split-half B","#e59866"
"CAMK2D",513,1,TRUE,0,"Control split-half B","#e59866"
"RB1",695,1,TRUE,0,"Control split-half B","#e59866"
"NPAS3",736,6,TRUE,0.00679347826086957,"Control split-half B","#e59866"
"PHF21A",647,1,TRUE,0,"Control split-half B","#e59866"
"TAOK3",718,1,TRUE,0,"Control split-half B","#e59866"
"HIVEP3",778,1,TRUE,0,"Control split-half B","#e59866"
"NUMB",143,1,TRUE,0,"Control split-half B","#e59866"
"ANKS1A",769,1,TRUE,0,"Control split-half B","#e59866"
"TMEM117",257,1,TRUE,0,"Control split-half B","#e59866"
"RNF149",785,1,TRUE,0,"Control split-half B","#e59866"
"RUNX2",755,1,TRUE,0,"Control split-half B","#e59866"
"ELF2",690,1,TRUE,0,"Control split-half B","#e59866"
"MANBA",746,1,TRUE,0,"Control split-half B","#e59866"
"GRK3",725,1,TRUE,0,"Control split-half B","#e59866"
"ANKRD11",758,1,TRUE,0,"Control split-half B","#e59866"
"GAB1",769,1,TRUE,0,"Control split-half B","#e59866"
"NAMPT",783,1,TRUE,0,"Control split-half B","#e59866"
"NSMCE2",646,1,TRUE,0,"Control split-half B","#e59866"
"GNA13",775,1,TRUE,0,"Control split-half B","#e59866"
"PIK3R5",715,1,TRUE,0,"Control split-half B","#e59866"
"UVRAG",692,1,TRUE,0,"Control split-half B","#e59866"
"PRKCA",766,1,TRUE,0,"Control split-half B","#e59866"
"IGSF21",778,1,TRUE,0,"Control split-half B","#e59866"
"TBC1D14",775,1,TRUE,0,"Control split-half B","#e59866"
"GALNT2",762,1,TRUE,0,"Control split-half B","#e59866"
"ITM2B",631,1,TRUE,0,"Control split-half B","#e59866"
"COP1",217,1,TRUE,0,"Control split-half B","#e59866"
"SH3BGRL",622,2,TRUE,0.00160771704180064,"Control split-half B","#e59866"
"A2M",631,1,TRUE,0,"Control split-half B","#e59866"
"SRGAP2C",744,1,TRUE,0,"Control split-half B","#e59866"
"SGK1",777,1,TRUE,0,"Control split-half B","#e59866"
"SLC2A3",777,1,TRUE,0,"Control split-half B","#e59866"
"N4BP2L2",756,1,TRUE,0,"Control split-half B","#e59866"
"CEP170",659,1,TRUE,0,"Control split-half B","#e59866"
"IKZF1",771,1,TRUE,0,"Control split-half B","#e59866"
"CDKAL1",691,1,TRUE,0,"Control split-half B","#e59866"
"ST8SIA4",732,1,TRUE,0,"Control split-half B","#e59866"
"FAM172A",505,1,TRUE,0,"Control split-half B","#e59866"
"MACF1",726,1,TRUE,0,"Control split-half B","#e59866"
"DDX17",768,1,TRUE,0,"Control split-half B","#e59866"
"B2M",692,1,TRUE,0,"Control split-half B","#e59866"
"LYST",370,1,TRUE,0,"Control split-half B","#e59866"
"PFKFB3",775,1,TRUE,0,"Control split-half B","#e59866"
"CCDC26",603,1,TRUE,0,"Control split-half B","#e59866"
"CPQ",696,1,TRUE,0,"Control split-half B","#e59866"
"ERBIN",769,1,TRUE,0,"Control split-half B","#e59866"
"FAR2",568,1,TRUE,0,"Control split-half B","#e59866"
"TTC28",709,1,TRUE,0,"Control split-half B","#e59866"
"XYLT1",678,1,TRUE,0,"Control split-half B","#e59866"
"SPTLC2",771,1,TRUE,0,"Control split-half B","#e59866"
"SUSD6",736,1,TRUE,0,"Control split-half B","#e59866"
"MIR646HG",501,1,TRUE,0,"Control split-half B","#e59866"
"SIK3",761,1,TRUE,0,"Control split-half B","#e59866"
"ZCCHC7",558,1,TRUE,0,"Control split-half B","#e59866"
"LINC02232",756,1,TRUE,0,"Control split-half B","#e59866"
"COMMD10",715,1,TRUE,0,"Control split-half B","#e59866"
"CCDC91",572,1,TRUE,0,"Control split-half B","#e59866"
"MBP",759,1,TRUE,0,"Control split-half B","#e59866"
"CSF1R",744,1,TRUE,0,"Control split-half B","#e59866"
"SUPT3H",425,1,TRUE,0,"Control split-half B","#e59866"
"FAM110B",772,1,TRUE,0,"Control split-half B","#e59866"
"RASA1",578,1,TRUE,0,"Control split-half B","#e59866"
"ACER3",782,1,TRUE,0,"Control split-half B","#e59866"
"L3MBTL4",720,1,TRUE,0,"Control split-half B","#e59866"
"GTDC1",755,1,TRUE,0,"Control split-half B","#e59866"
"PEAK1",766,1,TRUE,0,"Control split-half B","#e59866"
"RNF144B",771,1,TRUE,0,"Control split-half B","#e59866"
"FCHO2",765,1,TRUE,0,"Control split-half B","#e59866"
"ZNF638",749,1,TRUE,0,"Control split-half B","#e59866"
"ATF6",723,1,TRUE,0,"Control split-half B","#e59866"
"ABCA1",775,1,TRUE,0,"Control split-half B","#e59866"
"RBPJ",767,1,TRUE,0,"Control split-half B","#e59866"
"FAM13A",763,1,TRUE,0,"Control split-half B","#e59866"
"DYRK1A",684,1,TRUE,0,"Control split-half B","#e59866"
"PCM1",730,1,TRUE,0,"Control split-half B","#e59866"
"TMCC1",743,1,TRUE,0,"Control split-half B","#e59866"
"SYTL3",781,1,TRUE,0,"Control split-half B","#e59866"
"CCDC88A",764,1,TRUE,0,"Control split-half B","#e59866"
"FBXO11",730,1,TRUE,0,"Control split-half B","#e59866"
"PACS1",504,1,TRUE,0,"Control split-half B","#e59866"
"USP34",716,1,TRUE,0,"Control split-half B","#e59866"
"CAB39",729,1,TRUE,0,"Control split-half B","#e59866"
"LRBA",690,1,TRUE,0,"Control split-half B","#e59866"
"PHIP",559,2,TRUE,0.00178890876565295,"Control split-half B","#e59866"
"ZNF609",721,1,TRUE,0,"Control split-half B","#e59866"
"RFX3",709,1,TRUE,0,"Control split-half B","#e59866"
"PARP8",714,1,TRUE,0,"Control split-half B","#e59866"
"RAPGEF2",660,1,TRUE,0,"Control split-half B","#e59866"
"ACAP2",730,1,TRUE,0,"Control split-half B","#e59866"
"CACNA1A",769,1,TRUE,0,"Control split-half B","#e59866"
"GNB4",753,1,TRUE,0,"Control split-half B","#e59866"
"BIRC6",586,1,TRUE,0,"Control split-half B","#e59866"
"GAS7",718,1,TRUE,0,"Control split-half B","#e59866"
"TMEM163",774,1,TRUE,0,"Control split-half B","#e59866"
"SP100",757,1,TRUE,0,"Control split-half B","#e59866"
"CAMKMT",641,1,TRUE,0,"Control split-half B","#e59866"
"IRAK3",403,1,TRUE,0,"Control split-half B","#e59866"
"MBNL2",773,1,TRUE,0,"Control split-half B","#e59866"
"DOCK11",490,1,TRUE,0,"Control split-half B","#e59866"
"ZNF292",670,1,TRUE,0,"Control split-half B","#e59866"
"ASH1L",513,1,TRUE,0,"Control split-half B","#e59866"
"PKN2",421,1,TRUE,0,"Control split-half B","#e59866"
"ZNF710",668,1,TRUE,0,"Control split-half B","#e59866"
"ACTB",733,1,TRUE,0,"Control split-half B","#e59866"
"SEC14L1",776,1,TRUE,0,"Control split-half B","#e59866"
"RHBDF2",777,1,TRUE,0,"Control split-half B","#e59866"
"STX7",688,1,TRUE,0,"Control split-half B","#e59866"
"FARP1",662,1,TRUE,0,"Control split-half B","#e59866"
"CHD2",616,1,TRUE,0,"Control split-half B","#e59866"
"FAM135A",691,1,TRUE,0,"Control split-half B","#e59866"
"NR3C1",744,1,TRUE,0,"Control split-half B","#e59866"
"ELF1",658,1,TRUE,0,"Control split-half B","#e59866"
"GPRIN3",759,1,TRUE,0,"Control split-half B","#e59866"
"AL035446.2",761,1,TRUE,0,"Control split-half B","#e59866"
"RSRC1",482,1,TRUE,0,"Control split-half B","#e59866"
"SND1",690,2,TRUE,0.00144927536231884,"Control split-half B","#e59866"
"P4HA1",608,1,TRUE,0,"Control split-half B","#e59866"
"STK3",770,1,TRUE,0,"Control split-half B","#e59866"
"ENTPD1",715,1,TRUE,0,"Control split-half B","#e59866"
"BTBD9",629,1,TRUE,0,"Control split-half B","#e59866"
"RREB1",758,1,TRUE,0,"Control split-half B","#e59866"
"WNK1",739,1,TRUE,0,"Control split-half B","#e59866"
"WIPF1",648,1,TRUE,0,"Control split-half B","#e59866"
"FAF1",511,1,TRUE,0,"Control split-half B","#e59866"
"DENND4C",707,1,TRUE,0,"Control split-half B","#e59866"
"PCNX2",749,1,TRUE,0,"Control split-half B","#e59866"
"CDK6",725,1,TRUE,0,"Control split-half B","#e59866"
"ASAH1",766,1,TRUE,0,"Control split-half B","#e59866"
"ERC1",590,1,TRUE,0,"Control split-half B","#e59866"
"ATP2C1",746,1,TRUE,0,"Control split-half B","#e59866"
"ANKRD12",759,1,TRUE,0,"Control split-half B","#e59866"
"CPED1",754,1,TRUE,0,"Control split-half B","#e59866"
"SORT1",670,1,TRUE,0,"Control split-half B","#e59866"
"EXOC6B",750,1,TRUE,0,"Control split-half B","#e59866"
"BBX",649,1,TRUE,0,"Control split-half B","#e59866"
"C20orf194",754,1,TRUE,0,"Control split-half B","#e59866"
"AL392172.2",747,1,TRUE,0,"Control split-half B","#e59866"
"NFATC2",766,1,TRUE,0,"Control split-half B","#e59866"
"TPK1",522,1,TRUE,0,"Control split-half B","#e59866"
"TFEC",696,1,TRUE,0,"Control split-half B","#e59866"
"HLA-DRB1",741,1,TRUE,0,"Control split-half B","#e59866"
"RAB10",749,1,TRUE,0,"Control split-half B","#e59866"
"BABAM2",704,1,TRUE,0,"Control split-half B","#e59866"
"NCOA3",762,1,TRUE,0,"Control split-half B","#e59866"
"GSK3B",496,1,TRUE,0,"Control split-half B","#e59866"
"DTNB",757,1,TRUE,0,"Control split-half B","#e59866"
"FRYL",767,1,TRUE,0,"Control split-half B","#e59866"
"NIBAN1",761,1,TRUE,0,"Control split-half B","#e59866"
"KCTD12",627,1,TRUE,0,"Control split-half B","#e59866"
"CMSS1",486,1,TRUE,0,"Control split-half B","#e59866"
"IFI16",766,1,TRUE,0,"Control split-half B","#e59866"
"PIK3AP1",774,1,TRUE,0,"Control split-half B","#e59866"
"TENM4",763,1,TRUE,0,"Control split-half B","#e59866"
"ATF7IP",632,1,TRUE,0,"Control split-half B","#e59866"
"ADAMTS17",627,1,TRUE,0,"Control split-half B","#e59866"
"USP53",244,1,TRUE,0,"Control split-half B","#e59866"
"ROCK1",745,1,TRUE,0,"Control split-half B","#e59866"
"CLASP1",648,1,TRUE,0,"Control split-half B","#e59866"
"IL6ST",686,1,TRUE,0,"Control split-half B","#e59866"
"CYTH1",771,1,TRUE,0,"Control split-half B","#e59866"
"ANOS1",722,1,TRUE,0,"Control split-half B","#e59866"
"AP3B1",694,1,TRUE,0,"Control split-half B","#e59866"
"PLCG2",744,1,TRUE,0,"Control split-half B","#e59866"
"AAK1",689,1,TRUE,0,"Control split-half B","#e59866"
"CDK19",753,1,TRUE,0,"Control split-half B","#e59866"
"ATRX",666,1,TRUE,0,"Control split-half B","#e59866"
"PHC2",736,1,TRUE,0,"Control split-half B","#e59866"
"CAPZB",577,1,TRUE,0,"Control split-half B","#e59866"
"WAC",588,1,TRUE,0,"Control split-half B","#e59866"
"DOCK5",768,1,TRUE,0,"Control split-half B","#e59866"
"ACSL4",422,1,TRUE,0,"Control split-half B","#e59866"
"NEDD4L",689,1,TRUE,0,"Control split-half B","#e59866"
"ARHGAP21",744,1,TRUE,0,"Control split-half B","#e59866"
"TMTC2",539,1,TRUE,0,"Control split-half B","#e59866"
"TNFRSF1B",773,1,TRUE,0,"Control split-half B","#e59866"
"SGK3",743,1,TRUE,0,"Control split-half B","#e59866"
"TBC1D1",734,1,TRUE,0,"Control split-half B","#e59866"
"ST18",646,1,TRUE,0,"Control split-half B","#e59866"
"EPSTI1",740,1,TRUE,0,"Control split-half B","#e59866"
"FBXW7",602,1,TRUE,0,"Control split-half B","#e59866"
"LRRK1",719,1,TRUE,0,"Control split-half B","#e59866"
"GNG7",740,1,TRUE,0,"Control split-half B","#e59866"
"FMNL3",760,1,TRUE,0,"Control split-half B","#e59866"
"MYO9B",750,1,TRUE,0,"Control split-half B","#e59866"
"UMAD1",527,1,TRUE,0,"Control split-half B","#e59866"
"EPS15",771,1,TRUE,0,"Control split-half B","#e59866"
"SNCA",636,1,TRUE,0,"Control split-half B","#e59866"
"WDR70",678,1,TRUE,0,"Control split-half B","#e59866"
"PRKCH",719,1,TRUE,0,"Control split-half B","#e59866"
"FTO",230,1,TRUE,0,"Control split-half B","#e59866"
"FAM49A",773,1,TRUE,0,"Control split-half B","#e59866"
"USP6NL",744,1,TRUE,0,"Control split-half B","#e59866"
"KCNK13",730,1,TRUE,0,"Control split-half B","#e59866"
"JAK2",602,1,TRUE,0,"Control split-half B","#e59866"
"RCSD1",748,1,TRUE,0,"Control split-half B","#e59866"
"ZNF407",519,1,TRUE,0,"Control split-half B","#e59866"
"AC007262.2",751,1,TRUE,0,"Control split-half B","#e59866"
"ADAM10",716,1,TRUE,0,"Control split-half B","#e59866"
"LCOR",632,1,TRUE,0,"Control split-half B","#e59866"
"AC131944.1",655,1,TRUE,0,"Control split-half B","#e59866"
"DYM",623,1,TRUE,0,"Control split-half B","#e59866"
"TXNIP",724,1,TRUE,0,"Control split-half B","#e59866"
"WASF2",733,1,TRUE,0,"Control split-half B","#e59866"
"GOLGA4",785,1,TRUE,0,"Control split-half B","#e59866"
"TRAPPC9",468,1,TRUE,0,"Control split-half B","#e59866"
"COG5",610,1,TRUE,0,"Control split-half B","#e59866"
"PDGFC",753,1,TRUE,0,"Control split-half B","#e59866"
"WDFY4",715,1,TRUE,0,"Control split-half B","#e59866"
"IFNGR1",565,1,TRUE,0,"Control split-half B","#e59866"
"C1QB",734,1,TRUE,0,"Control split-half B","#e59866"
"JARID2",754,1,TRUE,0,"Control split-half B","#e59866"
"VMP1",763,1,TRUE,0,"Control split-half B","#e59866"
"PPP6R3",732,1,TRUE,0,"Control split-half B","#e59866"
"DMXL2",753,1,TRUE,0,"Control split-half B","#e59866"
"GPHN",759,1,TRUE,0,"Control split-half B","#e59866"
"SERPINE1",660,1,TRUE,0,"Control split-half B","#e59866"
"CACNA1D",737,1,TRUE,0,"Control split-half B","#e59866"
"TENT2",690,1,TRUE,0,"Control split-half B","#e59866"
"PSMA1",383,1,TRUE,0,"Control split-half B","#e59866"
"SMARCA2",340,1,TRUE,0,"Control split-half B","#e59866"
"SIPA1L2",748,1,TRUE,0,"Control split-half B","#e59866"
"EDA",699,4,TRUE,0.00429184549356223,"Control split-half B","#e59866"
"BBS9",690,1,TRUE,0,"Control split-half B","#e59866"
"PLCL2",708,1,TRUE,0,"Control split-half B","#e59866"
"CCDC18-AS1",718,1,TRUE,0,"Control split-half B","#e59866"
"CTBP2",698,1,TRUE,0,"Control split-half B","#e59866"
"PPARD",776,1,TRUE,0,"Control split-half B","#e59866"
"LY86",703,1,TRUE,0,"Control split-half B","#e59866"
"TLN2",757,1,TRUE,0,"Control split-half B","#e59866"
"RBM6",627,1,TRUE,0,"Control split-half B","#e59866"
"SLC44A1",706,1,TRUE,0,"Control split-half B","#e59866"
"NFAT5",476,1,TRUE,0,"Control split-half B","#e59866"
"CHSY1",779,1,TRUE,0,"Control split-half B","#e59866"
"SPECC1",706,1,TRUE,0,"Control split-half B","#e59866"
"MYO5A",776,1,TRUE,0,"Control split-half B","#e59866"
"HIST1H2AC",769,1,TRUE,0,"Control split-half B","#e59866"
"PUM2",437,1,TRUE,0,"Control split-half B","#e59866"
"RIN2",664,1,TRUE,0,"Control split-half B","#e59866"
"CDK13",661,1,TRUE,0,"Control split-half B","#e59866"
"BASP1",761,1,TRUE,0,"Control split-half B","#e59866"
"EVI5",709,1,TRUE,0,"Control split-half B","#e59866"
"SDCBP",765,1,TRUE,0,"Control split-half B","#e59866"
"EML4",763,1,TRUE,0,"Control split-half B","#e59866"
"SLC39A11",517,1,TRUE,0,"Control split-half B","#e59866"
"KDM4C",557,1,TRUE,0,"Control split-half B","#e59866"
"RGL1",776,1,TRUE,0,"Control split-half B","#e59866"
"CPEB4",772,1,TRUE,0,"Control split-half B","#e59866"
"CTSD",752,1,TRUE,0,"Control split-half B","#e59866"
"MARCH3",660,1,TRUE,0,"Control split-half B","#e59866"
"UGCG",661,1,TRUE,0,"Control split-half B","#e59866"
"CHST15",655,1,TRUE,0,"Control split-half B","#e59866"
"LAPTM5",668,1,TRUE,0,"Control split-half B","#e59866"
"ZMYM2",700,1,TRUE,0,"Control split-half B","#e59866"
"FNIP1",705,1,TRUE,0,"Control split-half B","#e59866"
"IGF1R",711,1,TRUE,0,"Control split-half B","#e59866"
"SGMS1",755,1,TRUE,0,"Control split-half B","#e59866"
"SPPL3",721,1,TRUE,0,"Control split-half B","#e59866"
"MLLT10",682,1,TRUE,0,"Control split-half B","#e59866"
"PHACTR2",678,1,TRUE,0,"Control split-half B","#e59866"
"ZNF148",557,1,TRUE,0,"Control split-half B","#e59866"
"KMT2E",594,1,TRUE,0,"Control split-half B","#e59866"
"TET2",433,1,TRUE,0,"Control split-half B","#e59866"
"ARID5B",706,1,TRUE,0,"Control split-half B","#e59866"
"GMDS-DT",566,1,TRUE,0,"Control split-half B","#e59866"
"RASGEF1C",762,1,TRUE,0,"Control split-half B","#e59866"
"UBR5",756,1,TRUE,0,"Control split-half B","#e59866"
"TNPO1",579,1,TRUE,0,"Control split-half B","#e59866"
"CD86",758,1,TRUE,0,"Control split-half B","#e59866"
"KIAA1109",668,6,TRUE,0.00748502994011976,"Control split-half B","#e59866"
"P2RY12",763,1,TRUE,0,"Control split-half B","#e59866"
"OSBPL8",542,1,TRUE,0,"Control split-half B","#e59866"
"HNRNPC",626,1,TRUE,0,"Control split-half B","#e59866"
"MAP3K2",639,1,TRUE,0,"Control split-half B","#e59866"
"AC087564.1",721,1,TRUE,0,"Control split-half B","#e59866"
"SAMD12",749,1,TRUE,0,"Control split-half B","#e59866"
"ITGAV",765,1,TRUE,0,"Control split-half B","#e59866"
"UBXN2B",719,1,TRUE,0,"Control split-half B","#e59866"
"GK",752,1,TRUE,0,"Control split-half B","#e59866"
"GALNT10",675,1,TRUE,0,"Control split-half B","#e59866"
"ITSN2",507,2,TRUE,0.0019723865877712,"Control split-half B","#e59866"
"IFI44L",772,1,TRUE,0,"Control split-half B","#e59866"
"IQCJ-SCHIP1",559,9,TRUE,0.0143112701252236,"Control split-half B","#e59866"
"PTPN2",770,1,TRUE,0,"Control split-half B","#e59866"
"CTNND1",532,1,TRUE,0,"Control split-half B","#e59866"
"SCAF11",519,1,TRUE,0,"Control split-half B","#e59866"
"TBC1D12",712,1,TRUE,0,"Control split-half B","#e59866"
"TTC3",543,1,TRUE,0,"Control split-half B","#e59866"
"SNX13",756,1,TRUE,0,"Control split-half B","#e59866"
"SRPK2",571,1,TRUE,0,"Control split-half B","#e59866"
"RAB1A",734,1,TRUE,0,"Control split-half B","#e59866"
"KDM2A",622,14,TRUE,0.0209003215434084,"Control split-half B","#e59866"
"TTC17",531,7,TRUE,0.0112994350282486,"Control split-half B","#e59866"
"PTEN",708,1,TRUE,0,"Control split-half B","#e59866"
"JAK1",749,1,TRUE,0,"Control split-half B","#e59866"
"BHLHE41",729,1,TRUE,0,"Control split-half B","#e59866"
"VPS8",716,1,TRUE,0,"Control split-half B","#e59866"
"ALPK1",723,1,TRUE,0,"Control split-half B","#e59866"
"GPD2",741,1,TRUE,0,"Control split-half B","#e59866"
"PTK2",678,1,TRUE,0,"Control split-half B","#e59866"
"IL13RA1",409,1,TRUE,0,"Control split-half B","#e59866"
"ITFG1",224,1,TRUE,0,"Control split-half B","#e59866"
"CHD7",565,1,TRUE,0,"Control split-half B","#e59866"
"KDM6A",436,1,TRUE,0,"Control split-half B","#e59866"
"ITPR1",696,1,TRUE,0,"Control split-half B","#e59866"
"CHD1",758,1,TRUE,0,"Control split-half B","#e59866"
"MAP4K3",572,1,TRUE,0,"Control split-half B","#e59866"
"SUCLG2",510,1,TRUE,0,"Control split-half B","#e59866"
"HELZ",738,7,TRUE,0.00813008130081301,"Control split-half B","#e59866"
"CLASP2",766,1,TRUE,0,"Control split-half B","#e59866"
"HERC1",730,7,TRUE,0.00821917808219178,"Control split-half B","#e59866"
"FAM168A",697,1,TRUE,0,"Control split-half B","#e59866"
"CELF1",737,1,TRUE,0,"Control split-half B","#e59866"
"CEP350",729,1,TRUE,0,"Control split-half B","#e59866"
"H2AFY",696,1,TRUE,0,"Control split-half B","#e59866"
"IRS2",756,1,TRUE,0,"Control split-half B","#e59866"
"RBMS1",781,1,TRUE,0,"Control split-half B","#e59866"
"WASHC4",707,1,TRUE,0,"Control split-half B","#e59866"
"SPIRE1",725,1,TRUE,0,"Control split-half B","#e59866"
"NLK",758,1,TRUE,0,"Control split-half B","#e59866"
"TANK",606,1,TRUE,0,"Control split-half B","#e59866"
"GRAMD1B",713,1,TRUE,0,"Control split-half B","#e59866"
"SLC2A13",542,1,TRUE,0,"Control split-half B","#e59866"
"SLA",745,1,TRUE,0,"Control split-half B","#e59866"
"MAF",772,1,TRUE,0,"Control split-half B","#e59866"
"SLC25A37",709,1,TRUE,0,"Control split-half B","#e59866"
"PPP1R12A",614,1,TRUE,0,"Control split-half B","#e59866"
"CERT1",719,1,TRUE,0,"Control split-half B","#e59866"
"ZDHHC14",604,1,TRUE,0,"Control split-half B","#e59866"
"PCCA",481,1,TRUE,0,"Control split-half B","#e59866"
"ARHGAP18",762,1,TRUE,0,"Control split-half B","#e59866"
"PDE4D",755,1,TRUE,0,"Control split-half B","#e59866"
"HCLS1",380,1,TRUE,0,"Control split-half B","#e59866"
"ABI1",694,1,TRUE,0,"Control split-half B","#e59866"
"FARS2",567,1,TRUE,0,"Control split-half B","#e59866"
"SENP6",716,1,TRUE,0,"Control split-half B","#e59866"
"PNISR",728,1,TRUE,0,"Control split-half B","#e59866"
"INPP4A",758,1,TRUE,0,"Control split-half B","#e59866"
"GSN",753,1,TRUE,0,"Control split-half B","#e59866"
"KLHL6",680,1,TRUE,0,"Control split-half B","#e59866"
"ARHGAP25",768,1,TRUE,0,"Control split-half B","#e59866"
"UTY",759,1,TRUE,0,"Control split-half B","#e59866"
"CTNNB1",701,1,TRUE,0,"Control split-half B","#e59866"
"SETX",480,1,TRUE,0,"Control split-half B","#e59866"
"SCFD2",696,1,TRUE,0,"Control split-half B","#e59866"
"MSI2",758,1,TRUE,0,"Control split-half B","#e59866"
"RAPGEF6",678,1,TRUE,0,"Control split-half B","#e59866"
"MYO1D",710,1,TRUE,0,"Control split-half B","#e59866"
"CIITA",404,3,TRUE,0.00495049504950495,"Control split-half B","#e59866"
"SRGAP3",737,1,TRUE,0,"Control split-half B","#e59866"
"BPTF",690,1,TRUE,0,"Control split-half B","#e59866"
"GNB1",687,1,TRUE,0,"Control split-half B","#e59866"
"SOS1",693,1,TRUE,0,"Control split-half B","#e59866"
"MAPKAP1",503,1,TRUE,0,"Control split-half B","#e59866"
"CDK14",751,1,TRUE,0,"Control split-half B","#e59866"
"TMEM65",634,1,TRUE,0,"Control split-half B","#e59866"
"UBL3",697,1,TRUE,0,"Control split-half B","#e59866"
"WSB1",753,1,TRUE,0,"Control split-half B","#e59866"
"ASTN2",547,6,TRUE,0.00914076782449726,"Control split-half B","#e59866"
"PRRC2C",474,1,TRUE,0,"Control split-half B","#e59866"
"ZEB1",710,1,TRUE,0,"Control split-half B","#e59866"
"BRAF",460,1,TRUE,0,"Control split-half B","#e59866"
"UBE2D3",714,1,TRUE,0,"Control split-half B","#e59866"
"RNF213",697,1,TRUE,0,"Control split-half B","#e59866"
"SKI",759,1,TRUE,0,"Control split-half B","#e59866"
"PTBP3",478,1,TRUE,0,"Control split-half B","#e59866"
"MS4A6A",776,6,TRUE,0.00644329896907216,"Control split-half B","#e59866"
"DCAF6",692,1,TRUE,0,"Control split-half B","#e59866"
"BRWD1",566,1,TRUE,0,"Control split-half B","#e59866"
"ASCC3",564,1,TRUE,0,"Control split-half B","#e59866"
"KIF16B",652,1,TRUE,0,"Control split-half B","#e59866"
"SMURF2",687,1,TRUE,0,"Control split-half B","#e59866"
"UBE2E1",649,1,TRUE,0,"Control split-half B","#e59866"
"R3HDM2",570,1,TRUE,0,"Control split-half B","#e59866"
"SMCHD1",680,1,TRUE,0,"Control split-half B","#e59866"
"APBA1",718,1,TRUE,0,"Control split-half B","#e59866"
"DENND4A",650,1,TRUE,0,"Control split-half B","#e59866"
"ARID4B",392,1,TRUE,0,"Control split-half B","#e59866"
"TBC1D4",760,1,TRUE,0,"Control split-half B","#e59866"
"ARHGAP12",743,1,TRUE,0,"Control split-half B","#e59866"
"SPATA13",757,1,TRUE,0,"Control split-half B","#e59866"
"LCORL",598,1,TRUE,0,"Control split-half B","#e59866"
"NEK7",761,1,TRUE,0,"Control split-half B","#e59866"
"UST",728,1,TRUE,0,"Control split-half B","#e59866"
"SCAPER",142,1,TRUE,0,"Control split-half B","#e59866"
"ARID2",581,1,TRUE,0,"Control split-half B","#e59866"
"GLS",625,1,TRUE,0,"Control split-half B","#e59866"
"ACYP2",703,1,TRUE,0,"Control split-half B","#e59866"
"DLG1",768,1,TRUE,0,"Control split-half B","#e59866"
"MAN1C1",697,1,TRUE,0,"Control split-half B","#e59866"
"STAU2",731,1,TRUE,0,"Control split-half B","#e59866"
"TSPAN14",758,1,TRUE,0,"Control split-half B","#e59866"
"TRHDE",582,1,TRUE,0,"Control split-half B","#e59866"
"BMPR2",676,1,TRUE,0,"Control split-half B","#e59866"
"LINC01473",603,1,TRUE,0,"Control split-half B","#e59866"
"TRPM2",534,1,TRUE,0,"Control split-half B","#e59866"
"LINC01091",767,1,TRUE,0,"Control split-half B","#e59866"
"LRRC8D",701,1,TRUE,0,"Control split-half B","#e59866"
"XPR1",713,1,TRUE,0,"Control split-half B","#e59866"
"PLSCR1",719,1,TRUE,0,"Control split-half B","#e59866"
"IFNGR2",647,1,TRUE,0,"Control split-half B","#e59866"
"NBEA",644,1,TRUE,0,"Control split-half B","#e59866"
"PELI2",683,1,TRUE,0,"Control split-half B","#e59866"
"SLC25A13",592,1,TRUE,0,"Control split-half B","#e59866"
"MARK3",558,1,TRUE,0,"Control split-half B","#e59866"
"TIAM1",736,1,TRUE,0,"Control split-half B","#e59866"
"RICTOR",764,1,TRUE,0,"Control split-half B","#e59866"
"ZNF644",715,1,TRUE,0,"Control split-half B","#e59866"
"MIR181A1HG",737,1,TRUE,0,"Control split-half B","#e59866"
"RASSF3",768,1,TRUE,0,"Control split-half B","#e59866"
"SLC22A23",741,1,TRUE,0,"Control split-half B","#e59866"
"ERC2",779,1,TRUE,0,"Control split-half B","#e59866"
"CSF2RA",743,1,TRUE,0,"Control split-half B","#e59866"
"UBE2K",559,1,TRUE,0,"Control split-half B","#e59866"
"MYO1F",729,1,TRUE,0,"Control split-half B","#e59866"
"KAT6A",728,1,TRUE,0,"Control split-half B","#e59866"
"MRTFA",569,1,TRUE,0,"Control split-half B","#e59866"
"SMAD2",511,1,TRUE,0,"Control split-half B","#e59866"
"MVB12B",605,1,TRUE,0,"Control split-half B","#e59866"
"NR3C2",690,1,TRUE,0,"Control split-half B","#e59866"
"SRRM2",635,1,TRUE,0,"Control split-half B","#e59866"
"TFRC",769,1,TRUE,0,"Control split-half B","#e59866"
"STAT3",759,1,TRUE,0,"Control split-half B","#e59866"
"CYBB",673,1,TRUE,0,"Control split-half B","#e59866"
"SETD2",95,1,TRUE,0,"Control split-half B","#e59866"
"EVL",673,1,TRUE,0,"Control split-half B","#e59866"
"HDAC8",435,1,TRUE,0,"Control split-half B","#e59866"
"PPM1L",702,1,TRUE,0,"Control split-half B","#e59866"
"REV3L",740,1,TRUE,0,"Control split-half B","#e59866"
"BLNK",733,1,TRUE,0,"Control split-half B","#e59866"
"VOPP1",509,1,TRUE,0,"Control split-half B","#e59866"
"ANK2",730,1,TRUE,0,"Control split-half B","#e59866"
"PARP14",741,1,TRUE,0,"Control split-half B","#e59866"
"CPEB3",707,1,TRUE,0,"Control split-half B","#e59866"
"HNRNPU",529,1,TRUE,0,"Control split-half B","#e59866"
"ITGAX",755,1,TRUE,0,"Control split-half B","#e59866"
"HNRNPA2B1",333,1,TRUE,0,"Control split-half B","#e59866"
"POU2F1",598,1,TRUE,0,"Control split-half B","#e59866"
"TUT7",487,1,TRUE,0,"Control split-half B","#e59866"
"UBE2W",750,1,TRUE,0,"Control split-half B","#e59866"
"OSBPL1A",762,1,TRUE,0,"Control split-half B","#e59866"
"TRIP12",709,1,TRUE,0,"Control split-half B","#e59866"
"ZMAT3",294,1,TRUE,0,"Control split-half B","#e59866"
"GMDS",550,1,TRUE,0,"Control split-half B","#e59866"
"CRADD",552,1,TRUE,0,"Control split-half B","#e59866"
"SWAP70",702,1,TRUE,0,"Control split-half B","#e59866"
"WDFY2",728,1,TRUE,0,"Control split-half B","#e59866"
"ARID1A",659,1,TRUE,0,"Control split-half B","#e59866"
"CFLAR",734,1,TRUE,0,"Control split-half B","#e59866"
"ARIH1",655,1,TRUE,0,"Control split-half B","#e59866"
"PHC3",663,1,TRUE,0,"Control split-half B","#e59866"
"PPP2R5C",670,1,TRUE,0,"Control split-half B","#e59866"
"CSNK1A1",741,1,TRUE,0,"Control split-half B","#e59866"
"PDS5B",457,1,TRUE,0,"Control split-half B","#e59866"
"WDR7",707,1,TRUE,0,"Control split-half B","#e59866"
"CNOT2",637,1,TRUE,0,"Control split-half B","#e59866"
"THADA",639,2,TRUE,0.00156494522691706,"Control split-half B","#e59866"
"SSH1",605,14,TRUE,0.0214876033057851,"Control split-half B","#e59866"
"GSAP",620,1,TRUE,0,"Control split-half B","#e59866"
"PABPC1",674,1,TRUE,0,"Control split-half B","#e59866"
"TREM2",323,1,TRUE,0,"Control split-half B","#e59866"
"TYROBP",526,1,TRUE,0,"Control split-half B","#e59866"
"CD33",729,1,TRUE,0,"Control split-half B","#e59866"
"BIN1",776,1,TRUE,0,"Control split-half B","#e59866"
"CR1",774,2,TRUE,0.00129198966408269,"Control split-half B","#e59866"
"MS4A4A",771,2,TRUE,0.0012970168612192,"Control split-half B","#e59866"
"SPI1",579,1,TRUE,0,"Control split-half B","#e59866"
"IRF8",748,1,TRUE,0,"Control split-half B","#e59866"
"NFKB1",742,1,TRUE,0,"Control split-half B","#e59866"
"C1QA",757,1,TRUE,0,"Control split-half B","#e59866"
"CX3CR1",753,1,TRUE,0,"Control split-half B","#e59866"
"TMEM119",456,1,TRUE,0,"Control split-half B","#e59866"
"BTK",107,1,TRUE,0,"Control split-half B","#e59866"
"IL10RA",724,1,TRUE,0,"Control split-half B","#e59866"
"ACTA2",630,1,TRUE,0,"Control split-half B","#e59866"
"TSHR",214,1,TRUE,0,"Control split-half B","#e59866"
"PECAM1",737,1,TRUE,0,"Control split-half B","#e59866"
"YKT6",358,1,TRUE,0,"Control split-half B","#e59866"
