"network","knockout","outdegree","target","share","significant","bin"
"Control","CPEB3",75,"ARHGAP21",-0.000128386185646424,TRUE,NA
"Control","CPEB3",75,"BBS9",-0.000318572793883402,TRUE,NA
"Control","CPEB3",75,"CADM1",-0.000236630383341221,TRUE,NA
"Control","CPEB3",75,"CCDC88A",-0.000142714428428714,TRUE,NA
"Control","CPEB3",75,"CDK19",-0.000163238654913484,TRUE,NA
"Control","CPEB3",75,"CLASP2",-0.000117508813160987,TRUE,NA
"Control","CPEB3",75,"DDX17",-0.000186497575531518,TRUE,NA
"Control","CPEB3",75,"DLG1",-0.000121388686574411,TRUE,NA
"Control","CPEB3",75,"DOCK10",-0.00014553922282055,TRUE,NA
"Control","CPEB3",75,"DOCK5",-0.000110180696342001,TRUE,NA
"Control","CPEB3",75,"DST",-0.000106986198780357,TRUE,NA
"Control","CPEB3",75,"ERBIN",-0.000112007168458781,TRUE,NA
"Control","CPEB3",75,"FAM49A",0.000859106529209622,TRUE,"[0,0.1]"
"Control","CPEB3",75,"FRYL",-0.000147885241052943,TRUE,NA
"Control","CPEB3",75,"GAB1",-0.000125596583772921,TRUE,NA
"Control","CPEB3",75,"HDAC9",-0.000319897632757518,TRUE,NA
"Control","CPEB3",75,"MAF",-0.000511247443762781,TRUE,NA
"Control","CPEB3",75,"MAN2A1",-0.00012402331638348,TRUE,NA
"Control","CPEB3",75,"MBNL2",-0.000114064104026463,TRUE,NA
"Control","CPEB3",75,"MBP",-0.000112688753662384,TRUE,NA
"Control","CPEB3",75,"MIR181A1HG",0.00224215246636771,TRUE,"[0,0.1]"
"Control","CPEB3",75,"MTSS1",-0.000177904287493329,TRUE,NA
"Control","CPEB3",75,"MYO5A",-0.000137646249139711,TRUE,NA
"Control","CPEB3",75,"N4BP2L2",-0.000127502231289048,TRUE,NA
"Control","CPEB3",75,"NFIA",-0.000158478605388273,TRUE,NA
"Control","CPEB3",75,"NLK",-0.000154942671211652,TRUE,NA
"Control","CPEB3",75,"OSBPL1A",-0.000602046959662854,TRUE,NA
"Control","CPEB3",75,"PIP4K2A",-0.000124131082423039,TRUE,NA
"Control","CPEB3",75,"RGL1",-0.000132345156167284,TRUE,NA
"Control","CPEB3",75,"SHTN1",-0.000122639195486878,TRUE,NA
"Control","CPEB3",75,"SIK3",-0.000117716303708064,TRUE,NA
"Control","CPEB3",75,"SPTLC2",-0.000580046403712297,TRUE,NA
"Control","CPEB3",75,"UTY",-0.000508646998982706,TRUE,NA
"Control","CPEB3",75,"ZBTB20",-0.000112637981527371,TRUE,NA
"Control","CPEB3",75,"ZEB2",-0.00012313754463736,TRUE,NA
"Control","CPEB3",75,"ZNF638",-0.000130005200208008,TRUE,NA
"Control","CPEB3",75,"ZSWIM6",0.00210526315789474,TRUE,"[0,0.1]"
"Control","CD33",146,"ANKRD12",-0.000143595634692705,TRUE,NA
"Control","CD33",146,"APOE",0.00383141762452107,TRUE,"[0,0.1]"
"Control","CD33",146,"BAZ2B",-0.000207296849087894,TRUE,NA
"Control","CD33",146,"CADM1",-0.000236630383341221,TRUE,NA
"Control","CD33",146,"CCDC88A",-0.000142714428428714,TRUE,NA
"Control","CD33",146,"CDK19",-0.000163238654913484,TRUE,NA
"Control","CD33",146,"CELF2",0.000449640287769784,TRUE,"[0,0.1]"
"Control","CD33",146,"CLASP2",-0.000117508813160987,TRUE,NA
"Control","CD33",146,"DDX17",-0.000186497575531518,TRUE,NA
"Control","CD33",146,"DIP2B",-0.000354233085370174,TRUE,NA
"Control","CD33",146,"DLG1",-0.000121388686574411,TRUE,NA
"Control","CD33",146,"DLG2",-0.000298596595998806,TRUE,NA
"Control","CD33",146,"DOCK10",-0.00014553922282055,TRUE,NA
"Control","CD33",146,"DOCK5",-0.000110180696342001,TRUE,NA
"Control","CD33",146,"DST",-0.000106986198780357,TRUE,NA
"Control","CD33",146,"ELMO1",0.00044404973357016,TRUE,"[0,0.1]"
"Control","CD33",146,"ERBIN",-0.000112007168458781,TRUE,NA
"Control","CD33",146,"FAM13A",0.000296296296296296,TRUE,"[0,0.1]"
"Control","CD33",146,"FAM49A",0.00171821305841924,TRUE,"[0,0.1]"
"Control","CD33",146,"FOXP1",0.000507872016251905,TRUE,"[0,0.1]"
"Control","CD33",146,"FRYL",-0.000147885241052943,TRUE,NA
"Control","CD33",146,"FTH1",0.000513874614594039,TRUE,"[0,0.1]"
"Control","CD33",146,"GAB1",-0.000125596583772921,TRUE,NA
"Control","CD33",146,"GLDN",-0.000716332378223496,TRUE,NA
"Control","CD33",146,"HDAC9",-0.000319897632757518,TRUE,NA
"Control","CD33",146,"HS3ST4",-0.000471475719000471,TRUE,NA
"Control","CD33",146,"KCNMA1",0.00235849056603774,TRUE,"[0,0.1]"
"Control","CD33",146,"MAF",-0.000511247443762781,TRUE,NA
"Control","CD33",146,"MAN2A1",-0.00012402331638348,TRUE,NA
"Control","CD33",146,"MANBA",0.0624999999999998,TRUE,"[0,0.1]"
"Control","CD33",146,"MAP3K5",-0.00115340253748558,TRUE,NA
"Control","CD33",146,"MAP4K4",-0.000963391136801541,TRUE,NA
"Control","CD33",146,"MARCH1",-0.000327868852459016,TRUE,NA
"Control","CD33",146,"MBP",-0.000112688753662384,TRUE,NA
"Control","CD33",146,"MIR181A1HG",0.00224215246636771,TRUE,"[0,0.1]"
"Control","CD33",146,"MIR99AHG",0.000224014336917563,TRUE,"[0,0.1]"
"Control","CD33",146,"MSI2",0.00102145045965271,TRUE,"[0,0.1]"
"Control","CD33",146,"MSR1",0.000325309043591412,TRUE,"[0,0.1]"
"Control","CD33",146,"MTSS1",-0.000177904287493329,TRUE,NA
"Control","CD33",146,"MYO5A",-0.000137646249139711,TRUE,NA
"Control","CD33",146,"N4BP2L2",-0.000127502231289048,TRUE,NA
"Control","CD33",146,"NCOA3",-0.000558347292015634,TRUE,NA
"Control","CD33",146,"NLK",-0.000154942671211652,TRUE,NA
"Control","CD33",146,"OSBPL1A",-0.000602046959662854,TRUE,NA
"Control","CD33",146,"PDE3B",0.000437636761487965,TRUE,"[0,0.1]"
"Control","CD33",146,"PDE4B",-0.000481000481000481,TRUE,NA
"Control","CD33",146,"PDE8A",0.000209995800083998,TRUE,"[0,0.1]"
"Control","CD33",146,"PIP4K2A",-0.000124131082423039,TRUE,NA
"Control","CD33",146,"PRKAG2",0.000839630562552477,TRUE,"[0,0.1]"
"Control","CD33",146,"QKI",0.000604960677555959,TRUE,"[0,0.1]"
"Control","CD33",146,"RBMS1",-0.000264900662251656,TRUE,NA
"Control","CD33",146,"RGL1",-0.000132345156167284,TRUE,NA
"Control","CD33",146,"RNF144B",0.000456204379562044,TRUE,"[0,0.1]"
"Control","CD33",146,"RTN4",-0.000435540069686411,TRUE,NA
"Control","CD33",146,"SEC14L1",0.000413052457662123,TRUE,"[0,0.1]"
"Control","CD33",146,"SGK1",0.000152788388082506,TRUE,"[0,0.1]"
"Control","CD33",146,"SHTN1",-0.000122639195486878,TRUE,NA
"Control","CD33",146,"SIK3",-0.000117716303708064,TRUE,NA
"Control","CD33",146,"SLC22A23",0.000266453503863576,TRUE,"[0,0.1]"
"Control","CD33",146,"SLC44A1",-0.000274197970935015,TRUE,NA
"Control","CD33",146,"SORT1",-0.000181061017562919,TRUE,NA
"Control","CD33",146,"SPTLC2",-0.000580046403712297,TRUE,NA
"Control","CD33",146,"ST18",-0.00026048450117218,TRUE,NA
"Control","CD33",146,"TGFBR2",-0.000969932104752667,TRUE,NA
"Control","CD33",146,"TMTC2",-0.000237699072973615,TRUE,NA
"Control","CD33",146,"UBXN2B",0.00343642611683849,TRUE,"[0,0.1]"
"Control","CD33",146,"ZBTB20",-0.000112637981527371,TRUE,NA
"Control","CD33",146,"ZEB2",-0.00012313754463736,TRUE,NA
"Control","CD33",146,"ZFPM2-AS1",-0.000659630606860158,TRUE,NA
"Control","CD33",146,"ZNF638",-0.000130005200208008,TRUE,NA
"Control","KDM6A",194,"AC007262.2",0.000483792936623125,TRUE,"[0,0.1]"
"Control","KDM6A",194,"AKT3",-0.00192307692307692,TRUE,NA
"Control","KDM6A",194,"AL163541.1",0.0006765899864682,TRUE,"[0,0.1]"
"Control","KDM6A",194,"ALCAM",0.000201572263656521,TRUE,"[0,0.1]"
"Control","KDM6A",194,"ANKRD12",0.000143595634692705,TRUE,"[0,0.1]"
"Control","KDM6A",194,"ANKRD17",0.000588235294117647,TRUE,"[0,0.1]"
"Control","KDM6A",194,"APOE",-0.00383141762452107,TRUE,NA
"Control","KDM6A",194,"ARHGAP21",0.000128386185646424,TRUE,"[0,0.1]"
"Control","KDM6A",194,"BAZ2B",0.000207296849087894,TRUE,"[0,0.1]"
"Control","KDM6A",194,"BBS9",0.000318572793883402,TRUE,"[0,0.1]"
"Control","KDM6A",194,"BCAS3",0.000248262164846078,TRUE,"[0,0.1]"
"Control","KDM6A",194,"BPTF",0.000500250125062531,TRUE,"[0,0.1]"
"Control","KDM6A",194,"CADM1",0.000236630383341221,TRUE,"[0,0.1]"
"Control","KDM6A",194,"CCDC88A",0.000285428856857428,TRUE,"[0,0.1]"
"Control","KDM6A",194,"CD163",0.0001998001998002,TRUE,"[0,0.1]"
"Control","KDM6A",194,"CDK19",0.000163238654913484,TRUE,"[0,0.1]"
"Control","KDM6A",194,"CELF2",-0.000449640287769784,TRUE,NA
"Control","KDM6A",194,"CLASP2",0.000235017626321974,TRUE,"[0,0.1]"
"Control","KDM6A",194,"CPED1",0.00074019245003701,TRUE,"[0,0.1]"
"Control","KDM6A",194,"CR1",0.000417536534446764,TRUE,"[0,0.1]"
"Control","KDM6A",194,"DDX17",0.000186497575531518,TRUE,"[0,0.1]"
"Control","KDM6A",194,"DIP2B",0.000354233085370174,TRUE,"[0,0.1]"
"Control","KDM6A",194,"DLEU2",0.000234852043212776,TRUE,"[0,0.1]"
"Control","KDM6A",194,"DLG1",0.000242777373148823,TRUE,"[0,0.1]"
"Control","KDM6A",194,"DLG2",0.000298596595998806,TRUE,"[0,0.1]"
"Control","KDM6A",194,"DOCK10",0.0002910784456411,TRUE,"[0,0.1]"
"Control","KDM6A",194,"DOCK5",0.000220361392684002,TRUE,"[0,0.1]"
"Control","KDM6A",194,"DST",0.000213972397560715,TRUE,"[0,0.1]"
"Control","KDM6A",194,"DTNA",0.000359324469996407,TRUE,"[0,0.1]"
"Control","KDM6A",194,"EIF4G3",0.000289771080846132,TRUE,"[0,0.1]"
"Control","KDM6A",194,"EPS15",0.000164853280580284,TRUE,"[0,0.1]"
"Control","KDM6A",194,"ERBIN",0.000224014336917563,TRUE,"[0,0.1]"
"Control","KDM6A",194,"EVI5",0.000909090909090909,TRUE,"[0,0.1]"
"Control","KDM6A",194,"EXOC6B",0.000300120048019208,TRUE,"[0,0.1]"
"Control","KDM6A",194,"F13A1",0.000260078023407022,TRUE,"[0,0.1]"
"Control","KDM6A",194,"FAM13A",-0.000296296296296296,TRUE,NA
"Control","KDM6A",194,"FAM149A",-0.00157728706624606,TRUE,NA
"Control","KDM6A",194,"FAM49A",-0.00171821305841924,TRUE,NA
"Control","KDM6A",194,"FKBP5",0.000136798905608755,TRUE,"[0,0.1]"
"Control","KDM6A",194,"FOXP1",-0.000507872016251905,TRUE,NA
"Control","KDM6A",194,"FRMD4B",0.000136165577342048,TRUE,"[0,0.1]"
"Control","KDM6A",194,"FRYL",0.000295770482105886,TRUE,"[0,0.1]"
"Control","KDM6A",194,"FTH1",-0.000513874614594039,TRUE,NA
"Control","KDM6A",194,"GAB1",0.000125596583772921,TRUE,"[0,0.1]"
"Control","KDM6A",194,"GLDN",0.000716332378223496,TRUE,"[0,0.1]"
"Control","KDM6A",194,"GPHN",0.000177022481855196,TRUE,"[0,0.1]"
"Control","KDM6A",194,"GRID2",0.00373134328358209,TRUE,"[0,0.1]"
"Control","KDM6A",194,"GTDC1",0.000188893086513034,TRUE,"[0,0.1]"
"Control","KDM6A",194,"HDAC9",0.000319897632757518,TRUE,"[0,0.1]"
"Control","KDM6A",194,"HS3ST4",0.000471475719000471,TRUE,"[0,0.1]"
"Control","KDM6A",194,"IFNGR1",0.00205338809034908,TRUE,"[0,0.1]"
"Control","KDM6A",194,"ITPR2",0.00258397932816537,TRUE,"[0,0.1]"
"Control","KDM6A",194,"KCNK13",0.00129533678756477,TRUE,"[0,0.1]"
"Control","KDM6A",194,"KCNMA1",-0.00235849056603774,TRUE,NA
"Control","KDM6A",194,"MACF1",0.000203128173877717,TRUE,"[0,0.1]"
"Control","KDM6A",194,"MAF",0.000511247443762781,TRUE,"[0,0.1]"
"Control","KDM6A",194,"MAN2A1",0.00024804663276696,TRUE,"[0,0.1]"
"Control","KDM6A",194,"MANBA",-0.0624999999999998,TRUE,NA
"Control","KDM6A",194,"MAP3K5",0.00115340253748558,TRUE,"[0,0.1]"
"Control","KDM6A",194,"MAP4K4",0.000963391136801541,TRUE,"[0,0.1]"
"Control","KDM6A",194,"MARCH1",0.000655737704918033,TRUE,"[0,0.1]"
"Control","KDM6A",194,"MBNL2",0.000114064104026463,TRUE,"[0,0.1]"
"Control","KDM6A",194,"MBP",0.000225377507324769,TRUE,"[0,0.1]"
"Control","KDM6A",194,"MIR181A1HG",-0.00224215246636771,TRUE,NA
"Control","KDM6A",194,"MSI2",-0.00102145045965271,TRUE,NA
"Control","KDM6A",194,"MTSS1",0.000177904287493329,TRUE,"[0,0.1]"
"Control","KDM6A",194,"MYO1D",0.000320102432778489,TRUE,"[0,0.1]"
"Control","KDM6A",194,"MYO5A",0.000275292498279422,TRUE,"[0,0.1]"
"Control","KDM6A",194,"N4BP2L2",0.000255004462578095,TRUE,"[0,0.1]"
"Control","KDM6A",194,"NCOA3",0.000558347292015634,TRUE,"[0,0.1]"
"Control","KDM6A",194,"NFIA",0.000158478605388273,TRUE,"[0,0.1]"
"Control","KDM6A",194,"NLK",0.000154942671211652,TRUE,"[0,0.1]"
"Control","KDM6A",194,"NPAS3",0.000295072292711714,TRUE,"[0,0.1]"
"Control","KDM6A",194,"OSBPL1A",0.000602046959662854,TRUE,"[0,0.1]"
"Control","KDM6A",194,"PDE4B",0.000481000481000481,TRUE,"[0,0.1]"
"Control","KDM6A",194,"PDE8A",-0.000209995800083998,TRUE,NA
"Control","KDM6A",194,"PICALM",0.000536193029490617,TRUE,"[0,0.1]"
"Control","KDM6A",194,"PIP4K2A",0.000248262164846078,TRUE,"[0,0.1]"
"Control","KDM6A",194,"PRKAG2",-0.000839630562552477,TRUE,NA
"Control","KDM6A",194,"PTK2",0.000164311534669734,TRUE,"[0,0.1]"
"Control","KDM6A",194,"QKI",-0.000604960677555959,TRUE,NA
"Control","KDM6A",194,"RAB10",0.0006426735218509,TRUE,"[0,0.1]"
"Control","KDM6A",194,"RAPGEF6",0.000274197970935015,TRUE,"[0,0.1]"
"Control","KDM6A",194,"RBMS1",0.000264900662251656,TRUE,"[0,0.1]"
"Control","KDM6A",194,"RGL1",0.000264690312334569,TRUE,"[0,0.1]"
"Control","KDM6A",194,"RNF144B",-0.000456204379562044,TRUE,NA
"Control","KDM6A",194,"RTN4",0.000435540069686411,TRUE,"[0,0.1]"
"Control","KDM6A",194,"SEC14L1",-0.000413052457662123,TRUE,NA
"Control","KDM6A",194,"SGK3",0.000224064530584808,TRUE,"[0,0.1]"
"Control","KDM6A",194,"SGMS1",0.000297885016383676,TRUE,"[0,0.1]"
"Control","KDM6A",194,"SHTN1",0.000245278390973755,TRUE,"[0,0.1]"
"Control","KDM6A",194,"SIK3",0.000235432607416127,TRUE,"[0,0.1]"
"Control","KDM6A",194,"SLC44A1",0.000274197970935015,TRUE,"[0,0.1]"
"Control","KDM6A",194,"SLC9A9",0.000193798449612403,TRUE,"[0,0.1]"
"Control","KDM6A",194,"SORT1",0.000181061017562919,TRUE,"[0,0.1]"
"Control","KDM6A",194,"SPTLC2",0.000580046403712297,TRUE,"[0,0.1]"
"Control","KDM6A",194,"SRGAP1",0.000339789330615019,TRUE,"[0,0.1]"
"Control","KDM6A",194,"ST18",0.00026048450117218,TRUE,"[0,0.1]"
"Control","KDM6A",194,"STARD13",0.00019669551534225,TRUE,"[0,0.1]"
"Control","KDM6A",194,"SYK",0.000536768652710682,TRUE,"[0,0.1]"
"Control","KDM6A",194,"TBC1D5",0.000396510705789056,TRUE,"[0,0.1]"
"Control","KDM6A",194,"TGFBR2",0.000969932104752667,TRUE,"[0,0.1]"
"Control","KDM6A",194,"TMTC2",0.000237699072973615,TRUE,"[0,0.1]"
"Control","KDM6A",194,"UBXN2B",-0.00343642611683849,TRUE,NA
"Control","KDM6A",194,"UTY",0.000508646998982706,TRUE,"[0,0.1]"
"Control","KDM6A",194,"WNK1",0.00069060773480663,TRUE,"[0,0.1]"
"Control","KDM6A",194,"WSB1",0.000213766566908935,TRUE,"[0,0.1]"
"Control","KDM6A",194,"ZBTB20",0.000112637981527371,TRUE,"[0,0.1]"
"Control","KDM6A",194,"ZEB2",0.00012313754463736,TRUE,"[0,0.1]"
"Control","KDM6A",194,"ZFPM2-AS1",0.000659630606860158,TRUE,"[0,0.1]"
"Control","KDM6A",194,"ZNF638",0.000130005200208008,TRUE,"[0,0.1]"
"Control","BTK",197,"AC007262.2",-0.000483792936623125,TRUE,NA
"Control","BTK",197,"ACYP2",-0.000337268128161889,TRUE,NA
"Control","BTK",197,"AL163541.1",-0.0006765899864682,TRUE,NA
"Control","BTK",197,"ALCAM",-0.000201572263656521,TRUE,NA
"Control","BTK",197,"ANKRD12",-0.000287191269385411,TRUE,NA
"Control","BTK",197,"ANKRD17",-0.000588235294117647,TRUE,NA
"Control","BTK",197,"APOE",0.00383141762452107,TRUE,"[0,0.1]"
"Control","BTK",197,"ARHGAP21",-0.000128386185646424,TRUE,NA
"Control","BTK",197,"BAZ2B",-0.000207296849087894,TRUE,NA
"Control","BTK",197,"BBS9",-0.000318572793883402,TRUE,NA
"Control","BTK",197,"BCAS3",-0.000248262164846078,TRUE,NA
"Control","BTK",197,"BPTF",-0.000500250125062531,TRUE,NA
"Control","BTK",197,"CADM1",-0.000236630383341221,TRUE,NA
"Control","BTK",197,"CCDC88A",-0.000285428856857428,TRUE,NA
"Control","BTK",197,"CCNH",-0.000242600679281902,TRUE,NA
"Control","BTK",197,"CD163",-0.0001998001998002,TRUE,NA
"Control","BTK",197,"CDK19",-0.000163238654913484,TRUE,NA
"Control","BTK",197,"CELF2",0.000449640287769784,TRUE,"[0,0.1]"
"Control","BTK",197,"CHST15",-0.000473484848484848,TRUE,NA
"Control","BTK",197,"CHSY3",-0.000819672131147541,TRUE,NA
"Control","BTK",197,"CLASP2",-0.000235017626321974,TRUE,NA
"Control","BTK",197,"CPED1",-0.00074019245003701,TRUE,NA
"Control","BTK",197,"CR1",-0.000417536534446764,TRUE,NA
"Control","BTK",197,"CSGALNACT1",-0.00020259319286872,TRUE,NA
"Control","BTK",197,"DDX17",-0.000186497575531518,TRUE,NA
"Control","BTK",197,"DDX5",-0.000322372662798195,TRUE,NA
"Control","BTK",197,"DIP2B",-0.000354233085370174,TRUE,NA
"Control","BTK",197,"DIRC3",-0.000278473962684489,TRUE,NA
"Control","BTK",197,"DLEU2",-0.000234852043212776,TRUE,NA
"Control","BTK",197,"DLG1",-0.000242777373148823,TRUE,NA
"Control","BTK",197,"DLG2",-0.000298596595998806,TRUE,NA
"Control","BTK",197,"DOCK10",-0.0002910784456411,TRUE,NA
"Control","BTK",197,"DOCK5",-0.000220361392684002,TRUE,NA
"Control","BTK",197,"DPYD",-0.000124409056979348,TRUE,NA
"Control","BTK",197,"DST",-0.000320958596341072,TRUE,NA
"Control","BTK",197,"DTNA",-0.000359324469996407,TRUE,NA
"Control","BTK",197,"EIF4G3",-0.000289771080846132,TRUE,NA
"Control","BTK",197,"EPS15",-0.000164853280580284,TRUE,NA
"Control","BTK",197,"ERBIN",-0.000224014336917563,TRUE,NA
"Control","BTK",197,"EXOC6B",-0.000300120048019208,TRUE,NA
"Control","BTK",197,"F13A1",-0.000260078023407022,TRUE,NA
"Control","BTK",197,"FAM49A",0.000859106529209622,TRUE,"[0,0.1]"
"Control","BTK",197,"FKBP5",-0.000136798905608755,TRUE,NA
"Control","BTK",197,"FMN1",-0.000258197779499096,TRUE,NA
"Control","BTK",197,"FMNL2",-0.000368595650571323,TRUE,NA
"Control","BTK",197,"FRMD4B",-0.000136165577342048,TRUE,NA
"Control","BTK",197,"FRYL",-0.000295770482105886,TRUE,NA
"Control","BTK",197,"FTX",-0.000216122757726389,TRUE,NA
"Control","BTK",197,"GAB1",-0.000251193167545843,TRUE,NA
"Control","BTK",197,"GLDN",-0.000716332378223496,TRUE,NA
"Control","BTK",197,"GPHN",-0.000177022481855196,TRUE,NA
"Control","BTK",197,"GTDC1",-0.000188893086513034,TRUE,NA
"Control","BTK",197,"HDAC9",-0.000319897632757518,TRUE,NA
"Control","BTK",197,"HNRNPU",-0.0004151100041511,TRUE,NA
"Control","BTK",197,"HS3ST4",-0.000471475719000471,TRUE,NA
"Control","BTK",197,"MACF1",-0.000203128173877717,TRUE,NA
"Control","BTK",197,"MAF",-0.000511247443762781,TRUE,NA
"Control","BTK",197,"MALAT1",-0.000539956803455724,TRUE,NA
"Control","BTK",197,"MAN2A1",-0.00024804663276696,TRUE,NA
"Control","BTK",197,"MAP4K4",-0.000963391136801541,TRUE,NA
"Control","BTK",197,"MARCH1",-0.000655737704918033,TRUE,NA
"Control","BTK",197,"MBNL2",-0.000228128208052926,TRUE,NA
"Control","BTK",197,"MBP",-0.000225377507324769,TRUE,NA
"Control","BTK",197,"MS4A4A",-0.000313381385145722,TRUE,NA
"Control","BTK",197,"MS4A6A",-0.000327868852459016,TRUE,NA
"Control","BTK",197,"MTSS1",-0.000177904287493329,TRUE,NA
"Control","BTK",197,"MVB12B",-0.000198098256735341,TRUE,NA
"Control","BTK",197,"MYO1D",-0.000320102432778489,TRUE,NA
"Control","BTK",197,"MYO5A",-0.000275292498279422,TRUE,NA
"Control","BTK",197,"N4BP2L2",-0.000255004462578095,TRUE,NA
"Control","BTK",197,"NCKAP5",-0.000235682300259251,TRUE,NA
"Control","BTK",197,"NCOA3",-0.000558347292015634,TRUE,NA
"Control","BTK",197,"NFIA",-0.000158478605388273,TRUE,NA
"Control","BTK",197,"NLK",-0.000309885342423303,TRUE,NA
"Control","BTK",197,"NPAS3",-0.000295072292711714,TRUE,NA
"Control","BTK",197,"OSBPL1A",-0.000602046959662854,TRUE,NA
"Control","BTK",197,"PCM1",-0.000263019463440295,TRUE,NA
"Control","BTK",197,"PDE4B",-0.000481000481000481,TRUE,NA
"Control","BTK",197,"PDGFC",-0.000402090872537193,TRUE,NA
"Control","BTK",197,"PEAK1",-0.000230627306273063,TRUE,NA
"Control","BTK",197,"PICALM",-0.000536193029490617,TRUE,NA
"Control","BTK",197,"PIP4K2A",-0.000248262164846078,TRUE,NA
"Control","BTK",197,"PLCL1",-0.000284090909090909,TRUE,NA
"Control","BTK",197,"PRKAG2",0.000839630562552477,TRUE,"[0,0.1]"
"Control","BTK",197,"PTK2",-0.000164311534669734,TRUE,NA
"Control","BTK",197,"RAB10",-0.0006426735218509,TRUE,NA
"Control","BTK",197,"RAPGEF6",-0.000274197970935015,TRUE,NA
"Control","BTK",197,"RBMS1",-0.000264900662251656,TRUE,NA
"Control","BTK",197,"REV3L",-0.000202101859337106,TRUE,NA
"Control","BTK",197,"RGL1",-0.000264690312334569,TRUE,NA
"Control","BTK",197,"RICTOR",-0.000248077400148846,TRUE,NA
"Control","BTK",197,"RTN4",-0.000435540069686411,TRUE,NA
"Control","BTK",197,"SAMD12",-0.000308451573103023,TRUE,NA
"Control","BTK",197,"SGK1",-0.000152788388082506,TRUE,NA
"Control","BTK",197,"SGK3",-0.000224064530584808,TRUE,NA
"Control","BTK",197,"SGMS1",-0.000297885016383676,TRUE,NA
"Control","BTK",197,"SHTN1",-0.000245278390973755,TRUE,NA
"Control","BTK",197,"SIK3",-0.000235432607416127,TRUE,NA
"Control","BTK",197,"SLC44A1",-0.000274197970935015,TRUE,NA
"Control","BTK",197,"SLC9A9",-0.000193798449612403,TRUE,NA
"Control","BTK",197,"SORT1",-0.000181061017562919,TRUE,NA
"Control","BTK",197,"SPTLC2",-0.000580046403712297,TRUE,NA
"Control","BTK",197,"SRGAP1",-0.000339789330615019,TRUE,NA
"Control","BTK",197,"ST18",-0.00026048450117218,TRUE,NA
"Control","BTK",197,"STARD13",-0.00019669551534225,TRUE,NA
"Control","BTK",197,"SYK",-0.000536768652710682,TRUE,NA
"Control","BTK",197,"TBC1D5",-0.000396510705789056,TRUE,NA
"Control","BTK",197,"TGFBR2",-0.000969932104752667,TRUE,NA
"Control","BTK",197,"TMTC2",-0.000237699072973615,TRUE,NA
"Control","BTK",197,"TTC3",-0.000232937339855579,TRUE,NA
"Control","BTK",197,"WNK1",-0.00069060773480663,TRUE,NA
"Control","BTK",197,"WSB1",-0.000213766566908935,TRUE,NA
"Control","BTK",197,"ZBTB20",-0.000225275963054742,TRUE,NA
"Control","BTK",197,"ZEB2",-0.00024627508927472,TRUE,NA
"Control","BTK",197,"ZFPM2-AS1",-0.000659630606860158,TRUE,NA
"Control","BTK",197,"ZNF638",-0.000260010400416017,TRUE,NA
"Control","YKT6",216,"ABCA1",0.000421940928270042,FALSE,"[0,0.1]"
"Control","YKT6",216,"AKAP13",0.0004516711833785,FALSE,"[0,0.1]"
"Control","YKT6",216,"AKT3",0.00192307692307692,FALSE,"[0,0.1]"
"Control","YKT6",216,"AL163541.1",-0.0006765899864682,FALSE,NA
"Control","YKT6",216,"ALCAM",0.000201572263656521,FALSE,"[0,0.1]"
"Control","YKT6",216,"APOE",0.00383141762452107,FALSE,"[0,0.1]"
"Control","YKT6",216,"ARHGAP15",0.000458715596330275,FALSE,"[0,0.1]"
"Control","YKT6",216,"ARHGAP18",0.000389256520046711,FALSE,"[0,0.1]"
"Control","YKT6",216,"ARHGAP21",0.000128386185646424,FALSE,"[0,0.1]"
"Control","YKT6",216,"ARHGAP6",0.000547945205479452,FALSE,"[0,0.1]"
"Control","YKT6",216,"ATG7",0.000376222723852521,FALSE,"[0,0.1]"
"Control","YKT6",216,"BBX",0.000523012552301255,FALSE,"[0,0.1]"
"Control","YKT6",216,"CCND3",0.000380083618396047,FALSE,"[0,0.1]"
"Control","YKT6",216,"CCNH",0.000242600679281902,FALSE,"[0,0.1]"
"Control","YKT6",216,"CD163",0.0001998001998002,FALSE,"[0,0.1]"
"Control","YKT6",216,"CD86",0.00037593984962406,FALSE,"[0,0.1]"
"Control","YKT6",216,"CELF2",0.000899280575539568,FALSE,"[0,0.1]"
"Control","YKT6",216,"CSGALNACT1",0.00020259319286872,FALSE,"[0,0.1]"
"Control","YKT6",216,"DIRC3",0.000278473962684489,FALSE,"[0,0.1]"
"Control","YKT6",216,"DOCK5",0.000110180696342001,FALSE,"[0,0.1]"
"Control","YKT6",216,"DPYD",0.000248818113958696,FALSE,"[0,0.1]"
"Control","YKT6",216,"ELMO1",0.00044404973357016,FALSE,"[0,0.1]"
"Control","YKT6",216,"EPS15",0.000164853280580284,FALSE,"[0,0.1]"
"Control","YKT6",216,"FAM13A",0.000592592592592593,FALSE,"[0,0.1]"
"Control","YKT6",216,"FAM149A",0.00157728706624606,FALSE,"[0,0.1]"
"Control","YKT6",216,"FAM49A",0.00171821305841924,FALSE,"[0,0.1]"
"Control","YKT6",216,"FKBP5",0.000136798905608755,FALSE,"[0,0.1]"
"Control","YKT6",216,"FOXO3",0.000429737859905458,FALSE,"[0,0.1]"
"Control","YKT6",216,"FOXP1",0.000507872016251905,FALSE,"[0,0.1]"
"Control","YKT6",216,"FRMD4B",0.000136165577342048,FALSE,"[0,0.1]"
"Control","YKT6",216,"FTH1",0.000513874614594039,FALSE,"[0,0.1]"
"Control","YKT6",216,"FTX",0.000216122757726389,FALSE,"[0,0.1]"
"Control","YKT6",216,"GAB1",0.000125596583772921,FALSE,"[0,0.1]"
"Control","YKT6",216,"GOLGA4",-0.0101010101010101,FALSE,NA
"Control","YKT6",216,"GPHN",0.000177022481855196,FALSE,"[0,0.1]"
"Control","YKT6",216,"GPRIN3",0.000778816199376947,FALSE,"[0,0.1]"
"Control","YKT6",216,"IL10RA",0.000619195046439629,FALSE,"[0,0.1]"
"Control","YKT6",216,"IQGAP2",0.000509164969450102,FALSE,"[0,0.1]"
"Control","YKT6",216,"IRS2",0.000744047619047619,FALSE,"[0,0.1]"
"Control","YKT6",216,"ITPR2",-0.00258397932816537,FALSE,NA
"Control","YKT6",216,"JAK1",0.00154083204930663,FALSE,"[0,0.1]"
"Control","YKT6",216,"KCNMA1",0.00235849056603774,FALSE,"[0,0.1]"
"Control","YKT6",216,"KYNU",0.000975609756097561,FALSE,"[0,0.1]"
"Control","YKT6",216,"LINC00278",0.000560538116591928,FALSE,"[0,0.1]"
"Control","YKT6",216,"MAN1A1",0.000208724692131079,FALSE,"[0,0.1]"
"Control","YKT6",216,"MANBA",0.0624999999999998,FALSE,"[0,0.1]"
"Control","YKT6",216,"MARCH1",-0.000655737704918033,FALSE,NA
"Control","YKT6",216,"MBNL2",0.000114064104026463,FALSE,"[0,0.1]"
"Control","YKT6",216,"MBP",0.000112688753662384,FALSE,"[0,0.1]"
"Control","YKT6",216,"MIR181A1HG",0.00224215246636771,FALSE,"[0,0.1]"
"Control","YKT6",216,"MIR99AHG",0.000224014336917563,FALSE,"[0,0.1]"
"Control","YKT6",216,"MITF",0.000371747211895911,FALSE,"[0,0.1]"
"Control","YKT6",216,"MS4A4A",0.000313381385145722,FALSE,"[0,0.1]"
"Control","YKT6",216,"MSI2",0.00102145045965271,FALSE,"[0,0.1]"
"Control","YKT6",216,"MSR1",0.000325309043591412,FALSE,"[0,0.1]"
"Control","YKT6",216,"MVB12B",0.000198098256735341,FALSE,"[0,0.1]"
"Control","YKT6",216,"N4BP2L2",0.000127502231289048,FALSE,"[0,0.1]"
"Control","YKT6",216,"NBEA",0.00053475935828877,FALSE,"[0,0.1]"
"Control","YKT6",216,"NFIA",0.000158478605388273,FALSE,"[0,0.1]"
"Control","YKT6",216,"NHSL1",0.000419991600167997,FALSE,"[0,0.1]"
"Control","YKT6",216,"P4HA1",0.000440917107583774,FALSE,"[0,0.1]"
"Control","YKT6",216,"PCM1",0.000263019463440295,FALSE,"[0,0.1]"
"Control","YKT6",216,"PDE3B",0.000437636761487965,FALSE,"[0,0.1]"
"Control","YKT6",216,"PDE4B",-0.000481000481000481,FALSE,NA
"Control","YKT6",216,"PDE8A",0.000419991600167997,FALSE,"[0,0.1]"
"Control","YKT6",216,"PEAK1",0.000230627306273063,FALSE,"[0,0.1]"
"Control","YKT6",216,"PRKAG2",0.00167926112510495,FALSE,"[0,0.1]"
"Control","YKT6",216,"QKI",0.000604960677555959,FALSE,"[0,0.1]"
"Control","YKT6",216,"RBPJ",0.000290782204129107,FALSE,"[0,0.1]"
"Control","YKT6",216,"RCSD1",0.000685871056241427,FALSE,"[0,0.1]"
"Control","YKT6",216,"RERE",0.00032478077297824,FALSE,"[0,0.1]"
"Control","YKT6",216,"REV3L",0.000202101859337106,FALSE,"[0,0.1]"
"Control","YKT6",216,"RICTOR",0.000248077400148846,FALSE,"[0,0.1]"
"Control","YKT6",216,"RNF144B",0.000912408759124088,FALSE,"[0,0.1]"
"Control","YKT6",216,"RTN4",-0.000435540069686411,FALSE,NA
"Control","YKT6",216,"SEC14L1",0.000826104915324246,FALSE,"[0,0.1]"
"Control","YKT6",216,"SGK1",0.000305576776165011,FALSE,"[0,0.1]"
"Control","YKT6",216,"SIK3",0.000117716303708064,FALSE,"[0,0.1]"
"Control","YKT6",216,"SLC22A23",0.000266453503863576,FALSE,"[0,0.1]"
"Control","YKT6",216,"SLC9A9",0.000193798449612403,FALSE,"[0,0.1]"
"Control","YKT6",216,"SMAP2",0.00104166666666667,FALSE,"[0,0.1]"
"Control","YKT6",216,"SPTLC2",-0.000580046403712297,FALSE,NA
"Control","YKT6",216,"SRGAP2B",0.000777000777000777,FALSE,"[0,0.1]"
"Control","YKT6",216,"STARD13",0.00019669551534225,FALSE,"[0,0.1]"
"Control","YKT6",216,"TANC2",0.00137551581843191,FALSE,"[0,0.1]"
"Control","YKT6",216,"TNRC6B",0.00189035916824197,FALSE,"[0,0.1]"
"Control","YKT6",216,"TTC3",0.000232937339855579,FALSE,"[0,0.1]"
"Control","YKT6",216,"UBXN2B",0.00343642611683849,FALSE,"[0,0.1]"
"Control","YKT6",216,"WSB1",0.000213766566908935,FALSE,"[0,0.1]"
"Control","YKT6",216,"ZBTB16",0.000288933834151979,FALSE,"[0,0.1]"
"Control","YKT6",216,"ZBTB20",0.000112637981527371,FALSE,"[0,0.1]"
"Control","YKT6",216,"ZEB2",0.00012313754463736,FALSE,"[0,0.1]"
"Control","YKT6",216,"ZNF638",0.000130005200208008,FALSE,"[0,0.1]"
"Control","TTC17",264,"AC007262.2",0.000483792936623125,FALSE,"[0,0.1]"
"Control","TTC17",264,"ACYP2",0.000337268128161889,FALSE,"[0,0.1]"
"Control","TTC17",264,"AKT3",-0.00192307692307692,FALSE,NA
"Control","TTC17",264,"AL163541.1",0.0006765899864682,FALSE,"[0,0.1]"
"Control","TTC17",264,"ALCAM",0.000201572263656521,FALSE,"[0,0.1]"
"Control","TTC17",264,"ANKRD12",0.000287191269385411,FALSE,"[0,0.1]"
"Control","TTC17",264,"ANKRD17",0.000588235294117647,FALSE,"[0,0.1]"
"Control","TTC17",264,"APOE",-0.00766283524904215,FALSE,NA
"Control","TTC17",264,"ARHGAP21",0.000128386185646424,FALSE,"[0,0.1]"
"Control","TTC17",264,"BAZ2B",0.000414593698175788,FALSE,"[0,0.1]"
"Control","TTC17",264,"BBS9",0.000318572793883402,FALSE,"[0,0.1]"
"Control","TTC17",264,"BCAS3",0.000248262164846078,FALSE,"[0,0.1]"
"Control","TTC17",264,"BPTF",0.000500250125062531,FALSE,"[0,0.1]"
"Control","TTC17",264,"CADM1",0.000236630383341221,FALSE,"[0,0.1]"
"Control","TTC17",264,"CCDC88A",0.000428143285286142,FALSE,"[0,0.1]"
"Control","TTC17",264,"CD163",0.0001998001998002,FALSE,"[0,0.1]"
"Control","TTC17",264,"CDK19",0.000163238654913484,FALSE,"[0,0.1]"
"Control","TTC17",264,"CELF2",-0.000899280575539568,FALSE,NA
"Control","TTC17",264,"CHST15",0.000473484848484848,FALSE,"[0,0.1]"
"Control","TTC17",264,"CHSY3",0.000819672131147541,FALSE,"[0,0.1]"
"Control","TTC17",264,"CLASP2",0.000352526439482961,FALSE,"[0,0.1]"
"Control","TTC17",264,"CPED1",0.00074019245003701,FALSE,"[0,0.1]"
"Control","TTC17",264,"CR1",0.000417536534446764,FALSE,"[0,0.1]"
"Control","TTC17",264,"DDX17",0.000186497575531518,FALSE,"[0,0.1]"
"Control","TTC17",264,"DIP2B",0.000354233085370174,FALSE,"[0,0.1]"
"Control","TTC17",264,"DLEU2",0.000234852043212776,FALSE,"[0,0.1]"
"Control","TTC17",264,"DLG1",0.000364166059723234,FALSE,"[0,0.1]"
"Control","TTC17",264,"DLG2",0.000298596595998806,FALSE,"[0,0.1]"
"Control","TTC17",264,"DOCK10",0.0002910784456411,FALSE,"[0,0.1]"
"Control","TTC17",264,"DOCK5",0.000220361392684002,FALSE,"[0,0.1]"
"Control","TTC17",264,"DPYD",0.000124409056979348,FALSE,"[0,0.1]"
"Control","TTC17",264,"DST",0.000320958596341072,FALSE,"[0,0.1]"
"Control","TTC17",264,"DTNA",0.000359324469996407,FALSE,"[0,0.1]"
"Control","TTC17",264,"EIF4G3",0.000289771080846132,FALSE,"[0,0.1]"
"Control","TTC17",264,"ELMO1",-0.00044404973357016,FALSE,NA
"Control","TTC17",264,"EPS15",0.000164853280580284,FALSE,"[0,0.1]"
"Control","TTC17",264,"ERBIN",0.000336021505376344,FALSE,"[0,0.1]"
"Control","TTC17",264,"EXOC6B",0.000300120048019208,FALSE,"[0,0.1]"
"Control","TTC17",264,"F13A1",0.000260078023407022,FALSE,"[0,0.1]"
"Control","TTC17",264,"FAM13A",-0.000296296296296296,FALSE,NA
"Control","TTC17",264,"FAM149A",-0.00157728706624606,FALSE,NA
"Control","TTC17",264,"FAM49A",-0.00171821305841924,FALSE,NA
"Control","TTC17",264,"FKBP5",0.000136798905608755,FALSE,"[0,0.1]"
"Control","TTC17",264,"FMN1",0.000258197779499096,FALSE,"[0,0.1]"
"Control","TTC17",264,"FMNL2",0.000368595650571323,FALSE,"[0,0.1]"
"Control","TTC17",264,"FOXN3",0.00178890876565295,FALSE,"[0,0.1]"
"Control","TTC17",264,"FOXO3",-0.000429737859905458,FALSE,NA
"Control","TTC17",264,"FOXP1",-0.000507872016251905,FALSE,NA
"Control","TTC17",264,"FRMD4B",0.000136165577342048,FALSE,"[0,0.1]"
"Control","TTC17",264,"FRYL",0.000295770482105886,FALSE,"[0,0.1]"
"Control","TTC17",264,"FTH1",-0.000513874614594039,FALSE,NA
"Control","TTC17",264,"GAB1",0.000251193167545843,FALSE,"[0,0.1]"
"Control","TTC17",264,"GLDN",0.000716332378223496,FALSE,"[0,0.1]"
"Control","TTC17",264,"GOLGA4",0.0101010101010101,FALSE,"[0,0.1]"
"Control","TTC17",264,"GPHN",0.000177022481855196,FALSE,"[0,0.1]"
"Control","TTC17",264,"GPNMB",-0.00374531835205993,FALSE,NA
"Control","TTC17",264,"GTDC1",0.000188893086513034,FALSE,"[0,0.1]"
"Control","TTC17",264,"HDAC9",0.000639795265515035,FALSE,"[0,0.1]"
"Control","TTC17",264,"HNRNPU",0.0004151100041511,FALSE,"[0,0.1]"
"Control","TTC17",264,"HS3ST4",0.000471475719000471,FALSE,"[0,0.1]"
"Control","TTC17",264,"IFI44L",0.000968992248062015,FALSE,"[0,0.1]"
"Control","TTC17",264,"IL10RA",-0.000619195046439629,FALSE,NA
"Control","TTC17",264,"ITPR2",0.00258397932816537,FALSE,"[0,0.1]"
"Control","TTC17",264,"JAK1",-0.00154083204930663,FALSE,NA
"Control","TTC17",264,"JMJD1C",0.000636132315521628,FALSE,"[0,0.1]"
"Control","TTC17",264,"KCNK13",0.00129533678756477,FALSE,"[0,0.1]"
"Control","TTC17",264,"KCNMA1",-0.00235849056603774,FALSE,NA
"Control","TTC17",264,"KYNU",-0.000975609756097561,FALSE,NA
"Control","TTC17",264,"LINC00278",-0.000560538116591928,FALSE,NA
"Control","TTC17",264,"MACF1",0.000203128173877717,FALSE,"[0,0.1]"
"Control","TTC17",264,"MACROD2",0.000577367205542725,FALSE,"[0,0.1]"
"Control","TTC17",264,"MAF",0.000511247443762781,FALSE,"[0,0.1]"
"Control","TTC17",264,"MALAT1",0.000539956803455724,FALSE,"[0,0.1]"
"Control","TTC17",264,"MAN2A1",0.00024804663276696,FALSE,"[0,0.1]"
"Control","TTC17",264,"MANBA",-0.0624999999999998,FALSE,NA
"Control","TTC17",264,"MAP3K5",0.00115340253748558,FALSE,"[0,0.1]"
"Control","TTC17",264,"MAP4K4",0.000963391136801541,FALSE,"[0,0.1]"
"Control","TTC17",264,"MARCH1",0.00131147540983607,FALSE,"[0,0.1]"
"Control","TTC17",264,"MBD5",0.000629722921914358,FALSE,"[0,0.1]"
"Control","TTC17",264,"MBNL2",0.000114064104026463,FALSE,"[0,0.1]"
"Control","TTC17",264,"MBP",0.000225377507324769,FALSE,"[0,0.1]"
"Control","TTC17",264,"MIR181A1HG",-0.00224215246636771,FALSE,NA
"Control","TTC17",264,"MSI2",-0.00102145045965271,FALSE,NA
"Control","TTC17",264,"MSR1",-0.000325309043591412,FALSE,NA
"Control","TTC17",264,"MTSS1",0.000177904287493329,FALSE,"[0,0.1]"
"Control","TTC17",264,"MVB12B",0.000198098256735341,FALSE,"[0,0.1]"
"Control","TTC17",264,"MYO1D",0.000320102432778489,FALSE,"[0,0.1]"
"Control","TTC17",264,"MYO5A",0.000275292498279422,FALSE,"[0,0.1]"
"Control","TTC17",264,"N4BP2L2",0.000255004462578095,FALSE,"[0,0.1]"
"Control","TTC17",264,"NCKAP5",0.000235682300259251,FALSE,"[0,0.1]"
"Control","TTC17",264,"NCOA3",0.000558347292015634,FALSE,"[0,0.1]"
"Control","TTC17",264,"NFIA",0.000158478605388273,FALSE,"[0,0.1]"
"Control","TTC17",264,"NLK",0.000309885342423303,FALSE,"[0,0.1]"
"Control","TTC17",264,"NPAS3",0.000295072292711714,FALSE,"[0,0.1]"
"Control","TTC17",264,"OSBPL1A",0.000602046959662854,FALSE,"[0,0.1]"
"Control","TTC17",264,"PDE3B",-0.000437636761487965,FALSE,NA
"Control","TTC17",264,"PDE4B",0.000962000962000962,FALSE,"[0,0.1]"
"Control","TTC17",264,"PDE8A",-0.000209995800083998,FALSE,NA
"Control","TTC17",264,"PHC2",0.00146842878120411,FALSE,"[0,0.1]"
"Control","TTC17",264,"PICALM",0.000536193029490617,FALSE,"[0,0.1]"
"Control","TTC17",264,"PIP4K2A",0.000248262164846078,FALSE,"[0,0.1]"
"Control","TTC17",264,"PLCL1",0.000284090909090909,FALSE,"[0,0.1]"
"Control","TTC17",264,"PRKAG2",-0.00167926112510495,FALSE,NA
"Control","TTC17",264,"PTK2",0.000328623069339468,FALSE,"[0,0.1]"
"Control","TTC17",264,"QKI",-0.000604960677555959,FALSE,NA
"Control","TTC17",264,"RAB10",0.0006426735218509,FALSE,"[0,0.1]"
"Control","TTC17",264,"RAPGEF6",0.000274197970935015,FALSE,"[0,0.1]"
"Control","TTC17",264,"RBMS1",0.000264900662251656,FALSE,"[0,0.1]"
"Control","TTC17",264,"RCSD1",-0.000685871056241427,FALSE,NA
"Control","TTC17",264,"RGL1",0.000264690312334569,FALSE,"[0,0.1]"
"Control","TTC17",264,"RICTOR",0.000248077400148846,FALSE,"[0,0.1]"
"Control","TTC17",264,"RNF144B",-0.000456204379562044,FALSE,NA
"Control","TTC17",264,"RNF149",0.00103950103950104,FALSE,"[0,0.1]"
"Control","TTC17",264,"RTN4",0.000871080139372822,FALSE,"[0,0.1]"
"Control","TTC17",264,"SAMD12",0.000308451573103023,FALSE,"[0,0.1]"
"Control","TTC17",264,"SEC14L1",-0.000413052457662123,FALSE,NA
"Control","TTC17",264,"SGK3",0.000224064530584808,FALSE,"[0,0.1]"
"Control","TTC17",264,"SGMS1",0.000297885016383676,FALSE,"[0,0.1]"
"Control","TTC17",264,"SHTN1",0.000367917586460633,FALSE,"[0,0.1]"
"Control","TTC17",264,"SIK3",0.000235432607416127,FALSE,"[0,0.1]"
"Control","TTC17",264,"SKAP2",0.0833333333333333,FALSE,"[0,0.1]"
"Control","TTC17",264,"SLC44A1",0.000274197970935015,FALSE,"[0,0.1]"
"Control","TTC17",264,"SLC9A9",0.000193798449612403,FALSE,"[0,0.1]"
"Control","TTC17",264,"SMAP2",-0.00104166666666667,FALSE,NA
"Control","TTC17",264,"SNCA",0.000626959247648903,FALSE,"[0,0.1]"
"Control","TTC17",264,"SORT1",0.000181061017562919,FALSE,"[0,0.1]"
"Control","TTC17",264,"SPTLC2",0.00116009280742459,FALSE,"[0,0.1]"
"Control","TTC17",264,"SRGAP1",0.000339789330615019,FALSE,"[0,0.1]"
"Control","TTC17",264,"ST18",0.00026048450117218,FALSE,"[0,0.1]"
"Control","TTC17",264,"STARD13",0.00019669551534225,FALSE,"[0,0.1]"
"Control","TTC17",264,"SYK",0.000536768652710682,FALSE,"[0,0.1]"
"Control","TTC17",264,"TANC2",-0.00137551581843191,FALSE,NA
"Control","TTC17",264,"TBC1D5",0.000396510705789056,FALSE,"[0,0.1]"
"Control","TTC17",264,"TGFBR2",0.000969932104752667,FALSE,"[0,0.1]"
"Control","TTC17",264,"TMTC2",0.000237699072973615,FALSE,"[0,0.1]"
"Control","TTC17",264,"TNRC6B",-0.00189035916824197,FALSE,NA
"Control","TTC17",264,"TXNIP",-0.00258397932816538,FALSE,NA
"Control","TTC17",264,"UBXN2B",-0.00343642611683849,FALSE,NA
"Control","TTC17",264,"WNK1",0.00069060773480663,FALSE,"[0,0.1]"
"Control","TTC17",264,"WSB1",0.000213766566908935,FALSE,"[0,0.1]"
"Control","TTC17",264,"ZBTB20",0.000225275963054742,FALSE,"[0,0.1]"
"Control","TTC17",264,"ZEB2",0.00024627508927472,FALSE,"[0,0.1]"
"Control","TTC17",264,"ZFPM2-AS1",0.000659630606860158,FALSE,"[0,0.1]"
"Control","TTC17",264,"ZNF638",0.000260010400416017,FALSE,"[0,0.1]"
"Control","PHACTR2",277,"ADK",0.00176056338028169,FALSE,"[0,0.1]"
"Control","PHACTR2",277,"AKAP13",-0.0004516711833785,FALSE,NA
"Control","PHACTR2",277,"AL035446.2",-0.00465116279069767,FALSE,NA
"Control","PHACTR2",277,"AL163541.1",-0.0013531799729364,FALSE,NA
"Control","PHACTR2",277,"ANK2",-0.0017636684303351,FALSE,NA
"Control","PHACTR2",277,"ANKRD12",-0.000287191269385411,FALSE,NA
"Control","PHACTR2",277,"ARHGAP15",-0.000458715596330275,FALSE,NA
"Control","PHACTR2",277,"ARHGAP21",-0.000128386185646424,FALSE,NA
"Control","PHACTR2",277,"ARID4B",-0.0007627765064836,FALSE,NA
"Control","PHACTR2",277,"ATF6",-0.00161290322580645,FALSE,NA
"Control","PHACTR2",277,"BAZ2B",-0.000207296849087894,FALSE,NA
"Control","PHACTR2",277,"BBS9",0.000318572793883402,FALSE,"[0,0.1]"
"Control","PHACTR2",277,"BBX",-0.000523012552301255,FALSE,NA
"Control","PHACTR2",277,"BCAS3",-0.000248262164846078,FALSE,NA
"Control","PHACTR2",277,"BTBD9",-0.000744047619047619,FALSE,NA
"Control","PHACTR2",277,"C1QB",0.00151515151515152,FALSE,"[0,0.1]"
"Control","PHACTR2",277,"CADM1",0.000236630383341221,FALSE,"[0,0.1]"
"Control","PHACTR2",277,"CCDC88A",-0.000142714428428714,FALSE,NA
"Control","PHACTR2",277,"CCND3",0.000380083618396047,FALSE,"[0,0.1]"
"Control","PHACTR2",277,"CCNH",-0.000485201358563804,FALSE,NA
"Control","PHACTR2",277,"CD163",-0.0001998001998002,FALSE,NA
"Control","PHACTR2",277,"CELF2",-0.000449640287769784,FALSE,NA
"Control","PHACTR2",277,"CHSY3",-0.000819672131147541,FALSE,NA
"Control","PHACTR2",277,"CLASP2",-0.000117508813160987,FALSE,NA
"Control","PHACTR2",277,"CRADD",-0.000909090909090909,FALSE,NA
"Control","PHACTR2",277,"CSGALNACT1",-0.00020259319286872,FALSE,NA
"Control","PHACTR2",277,"CTTNBP2",-0.00122100122100122,FALSE,NA
"Control","PHACTR2",277,"DDX5",-0.000322372662798195,FALSE,NA
"Control","PHACTR2",277,"DLEU2",-0.000234852043212776,FALSE,NA
"Control","PHACTR2",277,"DLG1",-0.000121388686574411,FALSE,NA
"Control","PHACTR2",277,"DOCK5",-0.000110180696342001,FALSE,NA
"Control","PHACTR2",277,"DPYD",-0.000124409056979348,FALSE,NA
"Control","PHACTR2",277,"DST",-0.000106986198780357,FALSE,NA
"Control","PHACTR2",277,"DTNA",-0.000359324469996407,FALSE,NA
"Control","PHACTR2",277,"EEF1A1",0.00675675675675676,FALSE,"[0,0.1]"
"Control","PHACTR2",277,"EIF4G3",-0.000579542161692263,FALSE,NA
"Control","PHACTR2",277,"ELMO1",-0.00044404973357016,FALSE,NA
"Control","PHACTR2",277,"EPS15",-0.000164853280580284,FALSE,NA
"Control","PHACTR2",277,"ERBIN",-0.000112007168458781,FALSE,NA
"Control","PHACTR2",277,"FAF1",-0.000587199060481503,FALSE,NA
"Control","PHACTR2",277,"FAM13A",-0.000296296296296296,FALSE,NA
"Control","PHACTR2",277,"FAM49A",-0.000859106529209622,FALSE,NA
"Control","PHACTR2",277,"FKBP5",-0.00027359781121751,FALSE,NA
"Control","PHACTR2",277,"FMN1",-0.000258197779499096,FALSE,NA
"Control","PHACTR2",277,"FRMD4B",-0.000136165577342048,FALSE,NA
"Control","PHACTR2",277,"FTX",-0.000216122757726389,FALSE,NA
"Control","PHACTR2",277,"GAB1",-0.000125596583772921,FALSE,NA
"Control","PHACTR2",277,"GOLGA4",-0.0202020202020202,FALSE,NA
"Control","PHACTR2",277,"GPHN",-0.000177022481855196,FALSE,NA
"Control","PHACTR2",277,"GPNMB",0.00374531835205993,FALSE,"[0,0.1]"
"Control","PHACTR2",277,"GRID2",0.00373134328358209,FALSE,"[0,0.1]"
"Control","PHACTR2",277,"GTDC1",-0.000188893086513034,FALSE,NA
"Control","PHACTR2",277,"HNRNPA2B1",-0.000758725341426404,FALSE,NA
"Control","PHACTR2",277,"HNRNPU",-0.0004151100041511,FALSE,NA
"Control","PHACTR2",277,"HS3ST4",0.000471475719000471,FALSE,"[0,0.1]"
"Control","PHACTR2",277,"IFNGR1",0.00410677618069815,FALSE,"[0,0.1]"
"Control","PHACTR2",277,"ITPR2",-0.00258397932816537,FALSE,NA
"Control","PHACTR2",277,"KANSL1",0.00135135135135135,FALSE,"[0,0.1]"
"Control","PHACTR2",277,"KCNMA1",0.00235849056603774,FALSE,"[0,0.1]"
"Control","PHACTR2",277,"LINC00278",0.000560538116591928,FALSE,"[0,0.1]"
"Control","PHACTR2",277,"MACF1",-0.000203128173877717,FALSE,NA
"Control","PHACTR2",277,"MACROD2",-0.000577367205542725,FALSE,NA
"Control","PHACTR2",277,"MAF",0.000511247443762781,FALSE,"[0,0.1]"
"Control","PHACTR2",277,"MALAT1",-0.00161987041036717,FALSE,NA
"Control","PHACTR2",277,"MAML2",-0.000635727908455181,FALSE,NA
"Control","PHACTR2",277,"MAN1A1",-0.000208724692131079,FALSE,NA
"Control","PHACTR2",277,"MAP4K4",0.000963391136801541,FALSE,"[0,0.1]"
"Control","PHACTR2",277,"MARCH1",-0.000983606557377049,FALSE,NA
"Control","PHACTR2",277,"MBD5",-0.000629722921914358,FALSE,NA
"Control","PHACTR2",277,"MBP",-0.000112688753662384,FALSE,NA
"Control","PHACTR2",277,"MIR181A1HG",-0.00448430493273543,FALSE,NA
"Control","PHACTR2",277,"MIR99AHG",-0.000448028673835126,FALSE,NA
"Control","PHACTR2",277,"MKLN1",0.0019047619047619,FALSE,"[0,0.1]"
"Control","PHACTR2",277,"MSI2",-0.00102145045965271,FALSE,NA
"Control","PHACTR2",277,"MVB12B",-0.000396196513470681,FALSE,NA
"Control","PHACTR2",277,"N4BP2L2",-0.000127502231289048,FALSE,NA
"Control","PHACTR2",277,"NAV2",-0.0027027027027027,FALSE,NA
"Control","PHACTR2",277,"NBEA",-0.00053475935828877,FALSE,NA
"Control","PHACTR2",277,"NCKAP5",-0.000471364600518501,FALSE,NA
"Control","PHACTR2",277,"NCOA2",0.00212765957446809,FALSE,"[0,0.1]"
"Control","PHACTR2",277,"NCOA3",0.000558347292015634,FALSE,"[0,0.1]"
"Control","PHACTR2",277,"NFIA",-0.000158478605388273,FALSE,NA
"Control","PHACTR2",277,"NPL",0.0075187969924812,FALSE,"[0,0.1]"
"Control","PHACTR2",277,"OSBPL1A",0.00120409391932571,FALSE,"[0,0.1]"
"Control","PHACTR2",277,"P4HA1",-0.000440917107583774,FALSE,NA
"Control","PHACTR2",277,"PCDH9",-0.00311526479750779,FALSE,NA
"Control","PHACTR2",277,"PCM1",-0.000263019463440295,FALSE,NA
"Control","PHACTR2",277,"PDE4B",-0.00144300144300144,FALSE,NA
"Control","PHACTR2",277,"PDE8A",-0.000419991600167997,FALSE,NA
"Control","PHACTR2",277,"PEAK1",-0.000230627306273063,FALSE,NA
"Control","PHACTR2",277,"PELI1",-0.0114942528735632,FALSE,NA
"Control","PHACTR2",277,"PICALM",0.000536193029490617,FALSE,"[0,0.1]"
"Control","PHACTR2",277,"PIP4K2A",-0.000124131082423039,FALSE,NA
"Control","PHACTR2",277,"PLCL1",-0.000284090909090909,FALSE,NA
"Control","PHACTR2",277,"PTK2",-0.000328623069339468,FALSE,NA
"Control","PHACTR2",277,"QKI",-0.000604960677555959,FALSE,NA
"Control","PHACTR2",277,"RAPGEF6",-0.000274197970935015,FALSE,NA
"Control","PHACTR2",277,"RBPJ",-0.000290782204129107,FALSE,NA
"Control","PHACTR2",277,"RIN2",0.00078740157480315,FALSE,"[0,0.1]"
"Control","PHACTR2",277,"RNF13",0.00163398692810458,FALSE,"[0,0.1]"
"Control","PHACTR2",277,"RNF144B",-0.000456204379562044,FALSE,NA
"Control","PHACTR2",277,"RNF149",-0.00103950103950104,FALSE,NA
"Control","PHACTR2",277,"SAMD12",-0.000308451573103023,FALSE,NA
"Control","PHACTR2",277,"SGK1",-0.000152788388082506,FALSE,NA
"Control","PHACTR2",277,"SHTN1",-0.000122639195486878,FALSE,NA
"Control","PHACTR2",277,"SIK3",-0.000117716303708064,FALSE,NA
"Control","PHACTR2",277,"SLC25A13",-0.000452693526482571,FALSE,NA
"Control","PHACTR2",277,"SLC9A9",-0.000193798449612403,FALSE,NA
"Control","PHACTR2",277,"SNX13",0.000666222518321119,FALSE,"[0,0.1]"
"Control","PHACTR2",277,"SORT1",-0.000181061017562919,FALSE,NA
"Control","PHACTR2",277,"SPTLC2",0.000580046403712297,FALSE,"[0,0.1]"
"Control","PHACTR2",277,"SRGAP1",-0.000339789330615019,FALSE,NA
"Control","PHACTR2",277,"SRGAP2B",-0.000777000777000777,FALSE,NA
"Control","PHACTR2",277,"ST6GALNAC3",-0.00108932461873638,FALSE,NA
"Control","PHACTR2",277,"TGFBR2",0.000969932104752667,FALSE,"[0,0.1]"
"Control","PHACTR2",277,"TNRC6B",0.00189035916824197,FALSE,"[0,0.1]"
"Control","PHACTR2",277,"TTC3",-0.000232937339855579,FALSE,NA
"Control","PHACTR2",277,"TXNIP",0.00258397932816538,FALSE,"[0,0.1]"
"Control","PHACTR2",277,"UTY",0.000508646998982706,FALSE,"[0,0.1]"
"Control","PHACTR2",277,"VPS13C",-0.000574052812858783,FALSE,NA
"Control","PHACTR2",277,"WSB1",-0.000213766566908935,FALSE,NA
"Control","PHACTR2",277,"WWOX",-0.000997008973080758,FALSE,NA
"Control","PHACTR2",277,"ZBTB20",-0.000112637981527371,FALSE,NA
"Control","PHACTR2",277,"ZFPM2-AS1",0.000659630606860158,FALSE,"[0,0.1]"
"Control","PHACTR2",277,"ZNF609",0.00197628458498024,FALSE,"[0,0.1]"
"Control","PHACTR2",277,"ZNF638",-0.000130005200208008,FALSE,NA
"Control","PHACTR2",277,"ZSWIM6",-0.00421052631578947,FALSE,NA
"Control","ALDH1A2",284,"ABCA1",-0.000421940928270042,FALSE,NA
"Control","ALDH1A2",284,"AC007262.2",-0.000483792936623125,FALSE,NA
"Control","ALDH1A2",284,"ACYP2",-0.000337268128161889,FALSE,NA
"Control","ALDH1A2",284,"ADK",-0.00176056338028169,FALSE,NA
"Control","ALDH1A2",284,"AFF1",-0.000793021411578113,FALSE,NA
"Control","ALDH1A2",284,"AKAP13",-0.0004516711833785,FALSE,NA
"Control","ALDH1A2",284,"AKT3",-0.00192307692307692,FALSE,NA
"Control","ALDH1A2",284,"AL163541.1",0.0006765899864682,FALSE,"[0,0.1]"
"Control","ALDH1A2",284,"ALCAM",-0.000201572263656521,FALSE,NA
"Control","ALDH1A2",284,"ANKRD12",-0.000143595634692705,FALSE,NA
"Control","ALDH1A2",284,"ANKRD44",-0.000806451612903226,FALSE,NA
"Control","ALDH1A2",284,"APOE",-0.00383141762452107,FALSE,NA
"Control","ALDH1A2",284,"ARHGAP18",-0.000389256520046711,FALSE,NA
"Control","ALDH1A2",284,"ARHGAP21",-0.000256772371292849,FALSE,NA
"Control","ALDH1A2",284,"ARHGAP6",-0.000547945205479452,FALSE,NA
"Control","ALDH1A2",284,"ATG7",-0.000376222723852521,FALSE,NA
"Control","ALDH1A2",284,"BAZ2B",-0.000207296849087894,FALSE,NA
"Control","ALDH1A2",284,"BBS9",-0.000318572793883402,FALSE,NA
"Control","ALDH1A2",284,"BCAS3",-0.000248262164846078,FALSE,NA
"Control","ALDH1A2",284,"C1QB",-0.00151515151515152,FALSE,NA
"Control","ALDH1A2",284,"C20orf194",-0.000450450450450451,FALSE,NA
"Control","ALDH1A2",284,"CADM1",-0.000473260766682442,FALSE,NA
"Control","ALDH1A2",284,"CCDC88A",-0.000142714428428714,FALSE,NA
"Control","ALDH1A2",284,"CCND3",-0.000760167236792094,FALSE,NA
"Control","ALDH1A2",284,"CD163",-0.0001998001998002,FALSE,NA
"Control","ALDH1A2",284,"CD86",-0.00037593984962406,FALSE,NA
"Control","ALDH1A2",284,"CDK19",-0.000326477309826967,FALSE,NA
"Control","ALDH1A2",284,"CELF2",-0.000449640287769784,FALSE,NA
"Control","ALDH1A2",284,"CFLAR",-0.000627746390458255,FALSE,NA
"Control","ALDH1A2",284,"CLASP2",-0.000235017626321974,FALSE,NA
"Control","ALDH1A2",284,"CR1",-0.000417536534446764,FALSE,NA
"Control","ALDH1A2",284,"CSGALNACT1",-0.00020259319286872,FALSE,NA
"Control","ALDH1A2",284,"DDX17",-0.000186497575531518,FALSE,NA
"Control","ALDH1A2",284,"DDX5",-0.000322372662798195,FALSE,NA
"Control","ALDH1A2",284,"DIRC3",-0.000278473962684489,FALSE,NA
"Control","ALDH1A2",284,"DISP1",-0.000387446726075165,FALSE,NA
"Control","ALDH1A2",284,"DLEU2",-0.000234852043212776,FALSE,NA
"Control","ALDH1A2",284,"DLG1",-0.000242777373148823,FALSE,NA
"Control","ALDH1A2",284,"DLG2",-0.000298596595998806,FALSE,NA
"Control","ALDH1A2",284,"DOCK10",-0.0002910784456411,FALSE,NA
"Control","ALDH1A2",284,"DOCK5",-0.000220361392684002,FALSE,NA
"Control","ALDH1A2",284,"DPYD",-0.000248818113958696,FALSE,NA
"Control","ALDH1A2",284,"DST",-0.000213972397560715,FALSE,NA
"Control","ALDH1A2",284,"ELMO1",-0.00044404973357016,FALSE,NA
"Control","ALDH1A2",284,"EPS15",-0.000329706561160567,FALSE,NA
"Control","ALDH1A2",284,"ERBIN",-0.000224014336917563,FALSE,NA
"Control","ALDH1A2",284,"EVI5",-0.000909090909090909,FALSE,NA
"Control","ALDH1A2",284,"EXOC6B",-0.000300120048019208,FALSE,NA
"Control","ALDH1A2",284,"F13A1",-0.000260078023407022,FALSE,NA
"Control","ALDH1A2",284,"FAM13A",-0.000296296296296296,FALSE,NA
"Control","ALDH1A2",284,"FAM49A",-0.000859106529209622,FALSE,NA
"Control","ALDH1A2",284,"FKBP5",-0.000136798905608755,FALSE,NA
"Control","ALDH1A2",284,"FMN1",-0.000258197779499096,FALSE,NA
"Control","ALDH1A2",284,"FMNL2",-0.000368595650571323,FALSE,NA
"Control","ALDH1A2",284,"FNIP1",-0.000544365813826892,FALSE,NA
"Control","ALDH1A2",284,"FOXO3",-0.000859475719810915,FALSE,NA
"Control","ALDH1A2",284,"FOXP1",-0.00101574403250381,FALSE,NA
"Control","ALDH1A2",284,"FRMD4B",-0.000136165577342048,FALSE,NA
"Control","ALDH1A2",284,"FRYL",-0.000295770482105886,FALSE,NA
"Control","ALDH1A2",284,"FTH1",-0.000513874614594039,FALSE,NA
"Control","ALDH1A2",284,"FTX",-0.000216122757726389,FALSE,NA
"Control","ALDH1A2",284,"GAB1",-0.000251193167545843,FALSE,NA
"Control","ALDH1A2",284,"GOLGA4",0.0202020202020202,FALSE,"[0,0.1]"
"Control","ALDH1A2",284,"GPHN",-0.000177022481855196,FALSE,NA
"Control","ALDH1A2",284,"GPNMB",-0.00374531835205993,FALSE,NA
"Control","ALDH1A2",284,"GPRIN3",-0.000778816199376947,FALSE,NA
"Control","ALDH1A2",284,"GRID2",-0.00373134328358209,FALSE,NA
"Control","ALDH1A2",284,"GTDC1",-0.000188893086513034,FALSE,NA
"Control","ALDH1A2",284,"HDAC9",-0.000319897632757518,FALSE,NA
"Control","ALDH1A2",284,"HS3ST4",-0.000471475719000471,FALSE,NA
"Control","ALDH1A2",284,"IFNGR1",-0.00205338809034908,FALSE,NA
"Control","ALDH1A2",284,"IGF1R",-0.000700770847932726,FALSE,NA
"Control","ALDH1A2",284,"IL10RA",-0.000619195046439629,FALSE,NA
"Control","ALDH1A2",284,"IQGAP2",-0.000509164969450102,FALSE,NA
"Control","ALDH1A2",284,"ITPR2",0.00258397932816537,FALSE,"[0,0.1]"
"Control","ALDH1A2",284,"JAK1",-0.00154083204930663,FALSE,NA
"Control","ALDH1A2",284,"JARID2",-0.00193423597678917,FALSE,NA
"Control","ALDH1A2",284,"KANSL1",-0.00135135135135135,FALSE,NA
"Control","ALDH1A2",284,"KCNMA1",-0.00235849056603774,FALSE,NA
"Control","ALDH1A2",284,"KDM4C",-0.000503018108651912,FALSE,NA
"Control","ALDH1A2",284,"LINC00278",-0.00112107623318386,FALSE,NA
"Control","ALDH1A2",284,"LINC01473",-0.000664893617021277,FALSE,NA
"Control","ALDH1A2",284,"LRRK2",-0.00124069478908189,FALSE,NA
"Control","ALDH1A2",284,"MAF",-0.000511247443762781,FALSE,NA
"Control","ALDH1A2",284,"MALAT1",0.00107991360691145,FALSE,"[0,0.1]"
"Control","ALDH1A2",284,"MAN1A1",-0.000417449384262158,FALSE,NA
"Control","ALDH1A2",284,"MAN2A1",-0.00024804663276696,FALSE,NA
"Control","ALDH1A2",284,"MANBA",-0.0624999999999998,FALSE,NA
"Control","ALDH1A2",284,"MAP4K4",-0.000963391136801541,FALSE,NA
"Control","ALDH1A2",284,"MARCH1",0.000655737704918033,FALSE,"[0,0.1]"
"Control","ALDH1A2",284,"MBNL2",-0.000228128208052926,FALSE,NA
"Control","ALDH1A2",284,"MBP",-0.000225377507324769,FALSE,NA
"Control","ALDH1A2",284,"MERTK",-0.000368731563421829,FALSE,NA
"Control","ALDH1A2",284,"MIR181A1HG",0.00224215246636771,FALSE,"[0,0.1]"
"Control","ALDH1A2",284,"MITF",-0.000371747211895911,FALSE,NA
"Control","ALDH1A2",284,"MKLN1",-0.0019047619047619,FALSE,NA
"Control","ALDH1A2",284,"MS4A4A",-0.000313381385145722,FALSE,NA
"Control","ALDH1A2",284,"MS4A6A",-0.000327868852459016,FALSE,NA
"Control","ALDH1A2",284,"MSR1",-0.000650618087182824,FALSE,NA
"Control","ALDH1A2",284,"MTSS1",-0.000355808574986657,FALSE,NA
"Control","ALDH1A2",284,"MVB12B",-0.000198098256735341,FALSE,NA
"Control","ALDH1A2",284,"MYO1D",-0.000320102432778489,FALSE,NA
"Control","ALDH1A2",284,"MYO5A",-0.000275292498279422,FALSE,NA
"Control","ALDH1A2",284,"N4BP2L2",-0.000255004462578095,FALSE,NA
"Control","ALDH1A2",284,"NCOA2",-0.00212765957446809,FALSE,NA
"Control","ALDH1A2",284,"NCOA3",-0.000558347292015634,FALSE,NA
"Control","ALDH1A2",284,"NFIA",-0.000316957210776545,FALSE,NA
"Control","ALDH1A2",284,"NHSL1",-0.000419991600167997,FALSE,NA
"Control","ALDH1A2",284,"NLK",-0.000154942671211652,FALSE,NA
"Control","ALDH1A2",284,"NPAS3",-0.000295072292711714,FALSE,NA
"Control","ALDH1A2",284,"OSBPL1A",-0.000602046959662854,FALSE,NA
"Control","ALDH1A2",284,"PCDH9",0.00311526479750779,FALSE,"[0,0.1]"
"Control","ALDH1A2",284,"PCM1",-0.000263019463440295,FALSE,NA
"Control","ALDH1A2",284,"PDE3B",-0.000437636761487965,FALSE,NA
"Control","ALDH1A2",284,"PDE4B",0.000962000962000962,FALSE,"[0,0.1]"
"Control","ALDH1A2",284,"PDE8A",-0.000209995800083998,FALSE,NA
"Control","ALDH1A2",284,"PDGFC",-0.000402090872537193,FALSE,NA
"Control","ALDH1A2",284,"PEAK1",-0.000230627306273063,FALSE,NA
"Control","ALDH1A2",284,"PELI1",0.0114942528735632,FALSE,"[0,0.1]"
"Control","ALDH1A2",284,"PELI2",-0.000727802037845706,FALSE,NA
"Control","ALDH1A2",284,"PICALM",-0.000536193029490617,FALSE,NA
"Control","ALDH1A2",284,"PIP4K2A",-0.000248262164846078,FALSE,NA
"Control","ALDH1A2",284,"PLCL1",-0.000284090909090909,FALSE,NA
"Control","ALDH1A2",284,"PLCL2",-0.00092678405931418,FALSE,NA
"Control","ALDH1A2",284,"PRKAG2",-0.000839630562552477,FALSE,NA
"Control","ALDH1A2",284,"PTK2",-0.000164311534669734,FALSE,NA
"Control","ALDH1A2",284,"RBMS1",-0.000264900662251656,FALSE,NA
"Control","ALDH1A2",284,"RBPJ",-0.000290782204129107,FALSE,NA
"Control","ALDH1A2",284,"RCSD1",-0.000685871056241427,FALSE,NA
"Control","ALDH1A2",284,"RERE",-0.00032478077297824,FALSE,NA
"Control","ALDH1A2",284,"REV3L",-0.000404203718674212,FALSE,NA
"Control","ALDH1A2",284,"RGL1",-0.000264690312334569,FALSE,NA
"Control","ALDH1A2",284,"RICTOR",-0.000248077400148846,FALSE,NA
"Control","ALDH1A2",284,"RIN2",-0.00078740157480315,FALSE,NA
"Control","ALDH1A2",284,"RNF13",-0.00163398692810458,FALSE,NA
"Control","ALDH1A2",284,"RNF144B",-0.000456204379562044,FALSE,NA
"Control","ALDH1A2",284,"SAMD12",-0.000308451573103023,FALSE,NA
"Control","ALDH1A2",284,"SDCCAG8",-0.000431406384814495,FALSE,NA
"Control","ALDH1A2",284,"SEC14L1",-0.000413052457662123,FALSE,NA
"Control","ALDH1A2",284,"SGK1",-0.000305576776165011,FALSE,NA
"Control","ALDH1A2",284,"SGK3",-0.000224064530584808,FALSE,NA
"Control","ALDH1A2",284,"SGMS1",-0.000297885016383676,FALSE,NA
"Control","ALDH1A2",284,"SHTN1",-0.000245278390973755,FALSE,NA
"Control","ALDH1A2",284,"SIK3",-0.000235432607416127,FALSE,NA
"Control","ALDH1A2",284,"SLC22A23",-0.000266453503863576,FALSE,NA
"Control","ALDH1A2",284,"SLC39A11",-0.000458085203847916,FALSE,NA
"Control","ALDH1A2",284,"SLC44A1",-0.000274197970935015,FALSE,NA
"Control","ALDH1A2",284,"SLC9A9",-0.000193798449612403,FALSE,NA
"Control","ALDH1A2",284,"SMAP2",-0.00104166666666667,FALSE,NA
"Control","ALDH1A2",284,"SNX13",-0.000666222518321119,FALSE,NA
"Control","ALDH1A2",284,"SORT1",-0.000181061017562919,FALSE,NA
"Control","ALDH1A2",284,"SPIRE1",-0.0005249343832021,FALSE,NA
"Control","ALDH1A2",284,"SSBP2",-0.000438404208680403,FALSE,NA
"Control","ALDH1A2",284,"ST18",-0.00026048450117218,FALSE,NA
"Control","ALDH1A2",284,"STARD13",-0.00019669551534225,FALSE,NA
"Control","ALDH1A2",284,"TANC2",-0.00137551581843191,FALSE,NA
"Control","ALDH1A2",284,"TBC1D5",-0.000396510705789056,FALSE,NA
"Control","ALDH1A2",284,"TMTC2",-0.000237699072973615,FALSE,NA
"Control","ALDH1A2",284,"TNRC6B",-0.00189035916824197,FALSE,NA
"Control","ALDH1A2",284,"TRPS1",-0.000725163161711385,FALSE,NA
"Control","ALDH1A2",284,"TTC3",-0.000232937339855579,FALSE,NA
"Control","ALDH1A2",284,"TXNIP",-0.00258397932816538,FALSE,NA
"Control","ALDH1A2",284,"USP34",-0.000956937799043062,FALSE,NA
"Control","ALDH1A2",284,"UTRN",-0.000985221674876847,FALSE,NA
"Control","ALDH1A2",284,"UTY",-0.00101729399796541,FALSE,NA
"Control","ALDH1A2",284,"WSB1",-0.000213766566908935,FALSE,NA
"Control","ALDH1A2",284,"ZBTB16",-0.000288933834151979,FALSE,NA
"Control","ALDH1A2",284,"ZBTB20",-0.000225275963054742,FALSE,NA
"Control","ALDH1A2",284,"ZEB2",-0.00024627508927472,FALSE,NA
"Control","ALDH1A2",284,"ZFPM2-AS1",-0.000659630606860158,FALSE,NA
"Control","ALDH1A2",284,"ZNF609",-0.00197628458498024,FALSE,NA
"Control","ALDH1A2",284,"ZNF638",-0.000260010400416017,FALSE,NA
"Control","ALDH1A2",284,"ZSWIM6",0.00210526315789474,FALSE,"[0,0.1]"
"Control","SCFD2",287,"AC007262.2",-0.000483792936623125,FALSE,NA
"Control","SCFD2",287,"ACYP2",-0.000337268128161889,FALSE,NA
"Control","SCFD2",287,"AKAP13",-0.0004516711833785,FALSE,NA
"Control","SCFD2",287,"AL163541.1",-0.0013531799729364,FALSE,NA
"Control","SCFD2",287,"ALCAM",-0.000201572263656521,FALSE,NA
"Control","SCFD2",287,"ANK2",-0.0017636684303351,FALSE,NA
"Control","SCFD2",287,"ANKRD12",-0.000430786904078116,FALSE,NA
"Control","SCFD2",287,"ANKRD17",-0.000588235294117647,FALSE,NA
"Control","SCFD2",287,"ARHGAP15",-0.000458715596330275,FALSE,NA
"Control","SCFD2",287,"ARHGAP18",-0.000389256520046711,FALSE,NA
"Control","SCFD2",287,"ARHGAP21",-0.000385158556939273,FALSE,NA
"Control","SCFD2",287,"ARHGAP6",-0.000547945205479452,FALSE,NA
"Control","SCFD2",287,"ARID4B",-0.0007627765064836,FALSE,NA
"Control","SCFD2",287,"ASAP1",-0.000539956803455724,FALSE,NA
"Control","SCFD2",287,"ATF6",-0.00161290322580645,FALSE,NA
"Control","SCFD2",287,"ATG7",-0.000376222723852521,FALSE,NA
"Control","SCFD2",287,"ATXN1",-0.000564652738565782,FALSE,NA
"Control","SCFD2",287,"BAZ2B",-0.000414593698175788,FALSE,NA
"Control","SCFD2",287,"BBX",-0.000523012552301255,FALSE,NA
"Control","SCFD2",287,"BCAS3",-0.000496524329692155,FALSE,NA
"Control","SCFD2",287,"BPTF",-0.000500250125062531,FALSE,NA
"Control","SCFD2",287,"BTBD9",-0.000744047619047619,FALSE,NA
"Control","SCFD2",287,"CADM1",-0.000236630383341221,FALSE,NA
"Control","SCFD2",287,"CCDC88A",-0.000428143285286142,FALSE,NA
"Control","SCFD2",287,"CCNH",-0.000485201358563804,FALSE,NA
"Control","SCFD2",287,"CD163",-0.0003996003996004,FALSE,NA
"Control","SCFD2",287,"CD86",-0.00037593984962406,FALSE,NA
"Control","SCFD2",287,"CDK19",-0.000326477309826967,FALSE,NA
"Control","SCFD2",287,"CELF2",-0.000449640287769784,FALSE,NA
"Control","SCFD2",287,"CHST15",-0.000473484848484848,FALSE,NA
"Control","SCFD2",287,"CHSY3",-0.000819672131147541,FALSE,NA
"Control","SCFD2",287,"CLASP2",-0.000352526439482961,FALSE,NA
"Control","SCFD2",287,"CPED1",-0.00074019245003701,FALSE,NA
"Control","SCFD2",287,"CR1",-0.000417536534446764,FALSE,NA
"Control","SCFD2",287,"CRADD",-0.000909090909090909,FALSE,NA
"Control","SCFD2",287,"CSGALNACT1",-0.000405186385737439,FALSE,NA
"Control","SCFD2",287,"CTTNBP2",-0.00122100122100122,FALSE,NA
"Control","SCFD2",287,"DDX17",-0.000186497575531518,FALSE,NA
"Control","SCFD2",287,"DDX5",-0.000322372662798195,FALSE,NA
"Control","SCFD2",287,"DIP2B",-0.000354233085370174,FALSE,NA
"Control","SCFD2",287,"DIRC3",-0.000278473962684489,FALSE,NA
"Control","SCFD2",287,"DISP1",-0.000387446726075165,FALSE,NA
"Control","SCFD2",287,"DLEU2",-0.000469704086425552,FALSE,NA
"Control","SCFD2",287,"DLG1",-0.000364166059723234,FALSE,NA
"Control","SCFD2",287,"DLG2",-0.000298596595998806,FALSE,NA
"Control","SCFD2",287,"DOCK10",-0.0002910784456411,FALSE,NA
"Control","SCFD2",287,"DOCK5",-0.000330542089026003,FALSE,NA
"Control","SCFD2",287,"DPYD",-0.000373227170938044,FALSE,NA
"Control","SCFD2",287,"DST",-0.000320958596341072,FALSE,NA
"Control","SCFD2",287,"DTNA",-0.000359324469996407,FALSE,NA
"Control","SCFD2",287,"EIF4G3",-0.000579542161692263,FALSE,NA
"Control","SCFD2",287,"ELMO1",-0.00044404973357016,FALSE,NA
"Control","SCFD2",287,"EPS15",-0.000329706561160567,FALSE,NA
"Control","SCFD2",287,"ERBIN",-0.000336021505376344,FALSE,NA
"Control","SCFD2",287,"EXOC6B",-0.000300120048019208,FALSE,NA
"Control","SCFD2",287,"F13A1",-0.000260078023407022,FALSE,NA
"Control","SCFD2",287,"FAF1",-0.000587199060481503,FALSE,NA
"Control","SCFD2",287,"FAM13A",-0.000592592592592593,FALSE,NA
"Control","SCFD2",287,"FAM49A",-0.000859106529209622,FALSE,NA
"Control","SCFD2",287,"FCHO2",-0.00073909830007391,FALSE,NA
"Control","SCFD2",287,"FKBP5",-0.000410396716826265,FALSE,NA
"Control","SCFD2",287,"FMN1",-0.000258197779499096,FALSE,NA
"Control","SCFD2",287,"FMNL2",-0.000368595650571323,FALSE,NA
"Control","SCFD2",287,"FRMD4B",-0.000408496732026144,FALSE,NA
"Control","SCFD2",287,"FRYL",-0.000295770482105886,FALSE,NA
"Control","SCFD2",287,"FTH1",-0.000513874614594039,FALSE,NA
"Control","SCFD2",287,"FTX",-0.000432245515452777,FALSE,NA
"Control","SCFD2",287,"GAB1",-0.000251193167545843,FALSE,NA
"Control","SCFD2",287,"GOLGA4",-0.0202020202020202,FALSE,NA
"Control","SCFD2",287,"GPHN",-0.000354044963710391,FALSE,NA
"Control","SCFD2",287,"GPNMB",0.00374531835205993,FALSE,"[0,0.1]"
"Control","SCFD2",287,"GTDC1",-0.000377786173026067,FALSE,NA
"Control","SCFD2",287,"HDAC9",-0.000319897632757518,FALSE,NA
"Control","SCFD2",287,"HNRNPA2B1",-0.000758725341426404,FALSE,NA
"Control","SCFD2",287,"HNRNPU",-0.0008302200083022,FALSE,NA
"Control","SCFD2",287,"IFI44L",-0.000968992248062015,FALSE,NA
"Control","SCFD2",287,"IFNGR1",0.00205338809034908,FALSE,"[0,0.1]"
"Control","SCFD2",287,"ITPR2",-0.00258397932816537,FALSE,NA
"Control","SCFD2",287,"KDM4C",-0.000503018108651912,FALSE,NA
"Control","SCFD2",287,"MACF1",-0.000406256347755434,FALSE,NA
"Control","SCFD2",287,"MACROD2",-0.000577367205542725,FALSE,NA
"Control","SCFD2",287,"MALAT1",-0.00161987041036717,FALSE,NA
"Control","SCFD2",287,"MAML2",-0.000635727908455181,FALSE,NA
"Control","SCFD2",287,"MAN1A1",-0.000417449384262158,FALSE,NA
"Control","SCFD2",287,"MAN2A1",-0.00024804663276696,FALSE,NA
"Control","SCFD2",287,"MARCH1",-0.000983606557377049,FALSE,NA
"Control","SCFD2",287,"MBD5",-0.000629722921914358,FALSE,NA
"Control","SCFD2",287,"MBNL2",-0.000342192312079389,FALSE,NA
"Control","SCFD2",287,"MBP",-0.000338066260987153,FALSE,NA
"Control","SCFD2",287,"MERTK",-0.000368731563421829,FALSE,NA
"Control","SCFD2",287,"MIR181A1HG",-0.00224215246636771,FALSE,NA
"Control","SCFD2",287,"MIR99AHG",-0.000448028673835126,FALSE,NA
"Control","SCFD2",287,"MS4A4A",-0.000313381385145722,FALSE,NA
"Control","SCFD2",287,"MS4A6A",-0.000327868852459016,FALSE,NA
"Control","SCFD2",287,"MSI2",-0.00102145045965271,FALSE,NA
"Control","SCFD2",287,"MSR1",-0.000325309043591412,FALSE,NA
"Control","SCFD2",287,"MTSS1",-0.000177904287493329,FALSE,NA
"Control","SCFD2",287,"MVB12B",-0.000396196513470681,FALSE,NA
"Control","SCFD2",287,"MYO1D",-0.000320102432778489,FALSE,NA
"Control","SCFD2",287,"MYO5A",-0.000275292498279422,FALSE,NA
"Control","SCFD2",287,"N4BP2L2",-0.000382506693867143,FALSE,NA
"Control","SCFD2",287,"NBEA",-0.00053475935828877,FALSE,NA
"Control","SCFD2",287,"NCKAP5",-0.000471364600518501,FALSE,NA
"Control","SCFD2",287,"NFIA",-0.000316957210776545,FALSE,NA
"Control","SCFD2",287,"NLK",-0.000309885342423303,FALSE,NA
"Control","SCFD2",287,"NPAS3",-0.000295072292711714,FALSE,NA
"Control","SCFD2",287,"P4HA1",-0.000440917107583774,FALSE,NA
"Control","SCFD2",287,"PCDH9",-0.00311526479750779,FALSE,NA
"Control","SCFD2",287,"PCM1",-0.000263019463440295,FALSE,NA
"Control","SCFD2",287,"PDE3B",-0.000437636761487965,FALSE,NA
"Control","SCFD2",287,"PDE4B",-0.00144300144300144,FALSE,NA
"Control","SCFD2",287,"PDE8A",-0.000419991600167997,FALSE,NA
"Control","SCFD2",287,"PEAK1",-0.000230627306273063,FALSE,NA
"Control","SCFD2",287,"PELI1",-0.0114942528735632,FALSE,NA
"Control","SCFD2",287,"PIP4K2A",-0.000372393247269116,FALSE,NA
"Control","SCFD2",287,"PLCL1",-0.000284090909090909,FALSE,NA
"Control","SCFD2",287,"PTK2",-0.000492934604009201,FALSE,NA
"Control","SCFD2",287,"QKI",-0.000604960677555959,FALSE,NA
"Control","SCFD2",287,"RAPGEF6",-0.00054839594187003,FALSE,NA
"Control","SCFD2",287,"RBMS1",-0.000264900662251656,FALSE,NA
"Control","SCFD2",287,"RBPJ",-0.000290782204129107,FALSE,NA
"Control","SCFD2",287,"RERE",-0.00032478077297824,FALSE,NA
"Control","SCFD2",287,"REV3L",-0.000202101859337106,FALSE,NA
"Control","SCFD2",287,"RGL1",-0.000264690312334569,FALSE,NA
"Control","SCFD2",287,"RICTOR",-0.000248077400148846,FALSE,NA
"Control","SCFD2",287,"RNF144B",-0.000456204379562044,FALSE,NA
"Control","SCFD2",287,"RNF149",-0.00103950103950104,FALSE,NA
"Control","SCFD2",287,"RTN4",-0.000435540069686411,FALSE,NA
"Control","SCFD2",287,"SAMD12",-0.000308451573103023,FALSE,NA
"Control","SCFD2",287,"SDCCAG8",-0.000431406384814495,FALSE,NA
"Control","SCFD2",287,"SEC14L1",-0.000413052457662123,FALSE,NA
"Control","SCFD2",287,"SGK1",-0.000305576776165011,FALSE,NA
"Control","SCFD2",287,"SGK3",-0.000224064530584808,FALSE,NA
"Control","SCFD2",287,"SGMS1",-0.000297885016383676,FALSE,NA
"Control","SCFD2",287,"SHTN1",-0.000367917586460633,FALSE,NA
"Control","SCFD2",287,"SIK3",-0.000353148911124191,FALSE,NA
"Control","SCFD2",287,"SLC22A23",-0.000266453503863576,FALSE,NA
"Control","SCFD2",287,"SLC25A13",-0.000452693526482571,FALSE,NA
"Control","SCFD2",287,"SLC39A11",-0.000458085203847916,FALSE,NA
"Control","SCFD2",287,"SLC44A1",-0.000274197970935015,FALSE,NA
"Control","SCFD2",287,"SLC9A9",-0.000387596899224806,FALSE,NA
"Control","SCFD2",287,"SORT1",-0.000362122035125837,FALSE,NA
"Control","SCFD2",287,"SPIDR",-0.000793021411578113,FALSE,NA
"Control","SCFD2",287,"SRGAP1",-0.000339789330615019,FALSE,NA
"Control","SCFD2",287,"SRGAP2B",-0.000777000777000777,FALSE,NA
"Control","SCFD2",287,"ST18",-0.00026048450117218,FALSE,NA
"Control","SCFD2",287,"ST6GALNAC3",-0.00108932461873638,FALSE,NA
"Control","SCFD2",287,"STARD13",-0.00019669551534225,FALSE,NA
"Control","SCFD2",287,"SYK",-0.000536768652710682,FALSE,NA
"Control","SCFD2",287,"TBC1D5",-0.000396510705789056,FALSE,NA
"Control","SCFD2",287,"TMTC2",-0.000237699072973615,FALSE,NA
"Control","SCFD2",287,"TNRC6B",0.00189035916824197,FALSE,"[0,0.1]"
"Control","SCFD2",287,"TTC3",-0.000465874679711158,FALSE,NA
"Control","SCFD2",287,"VPS13C",-0.000574052812858783,FALSE,NA
"Control","SCFD2",287,"WNK1",-0.00069060773480663,FALSE,NA
"Control","SCFD2",287,"WSB1",-0.000427533133817871,FALSE,NA
"Control","SCFD2",287,"WWOX",-0.000997008973080758,FALSE,NA
"Control","SCFD2",287,"ZBTB16",-0.000288933834151979,FALSE,NA
"Control","SCFD2",287,"ZBTB20",-0.000337913944582113,FALSE,NA
"Control","SCFD2",287,"ZEB2",-0.00024627508927472,FALSE,NA
"Control","SCFD2",287,"ZNF609",0.00197628458498024,FALSE,"[0,0.1]"
"Control","SCFD2",287,"ZNF638",-0.000260010400416017,FALSE,NA
"Control","SCFD2",287,"ZSWIM6",-0.00421052631578947,FALSE,NA
"Control","GMDS",305,"ACYP2",0.000337268128161889,FALSE,"[0,0.1]"
"Control","GMDS",305,"ADK",-0.00176056338028169,FALSE,NA
"Control","GMDS",305,"AKAP13",0.0004516711833785,FALSE,"[0,0.1]"
"Control","GMDS",305,"AL035446.2",0.00465116279069767,FALSE,"[0,0.1]"
"Control","GMDS",305,"AL163541.1",0.0013531799729364,FALSE,"[0,0.1]"
"Control","GMDS",305,"ALCAM",0.000201572263656521,FALSE,"[0,0.1]"
"Control","GMDS",305,"ANK2",0.0017636684303351,FALSE,"[0,0.1]"
"Control","GMDS",305,"ANKRD12",0.000287191269385411,FALSE,"[0,0.1]"
"Control","GMDS",305,"ARHGAP15",0.000458715596330275,FALSE,"[0,0.1]"
"Control","GMDS",305,"ARHGAP21",0.000256772371292849,FALSE,"[0,0.1]"
"Control","GMDS",305,"ARID4B",0.0007627765064836,FALSE,"[0,0.1]"
"Control","GMDS",305,"ATF6",0.00161290322580645,FALSE,"[0,0.1]"
"Control","GMDS",305,"ATXN1",0.000564652738565782,FALSE,"[0,0.1]"
"Control","GMDS",305,"BAZ2B",0.000207296849087894,FALSE,"[0,0.1]"
"Control","GMDS",305,"BBX",0.000523012552301255,FALSE,"[0,0.1]"
"Control","GMDS",305,"BCAS3",0.000248262164846078,FALSE,"[0,0.1]"
"Control","GMDS",305,"BTBD9",0.000744047619047619,FALSE,"[0,0.1]"
"Control","GMDS",305,"C1QB",-0.00151515151515152,FALSE,NA
"Control","GMDS",305,"CCDC88A",0.000142714428428714,FALSE,"[0,0.1]"
"Control","GMDS",305,"CCND3",-0.000380083618396047,FALSE,NA
"Control","GMDS",305,"CCNH",0.000485201358563804,FALSE,"[0,0.1]"
"Control","GMDS",305,"CD163",0.0001998001998002,FALSE,"[0,0.1]"
"Control","GMDS",305,"CELF2",0.000449640287769784,FALSE,"[0,0.1]"
"Control","GMDS",305,"CHSY3",0.000819672131147541,FALSE,"[0,0.1]"
"Control","GMDS",305,"CLASP2",0.000117508813160987,FALSE,"[0,0.1]"
"Control","GMDS",305,"CRADD",0.000909090909090909,FALSE,"[0,0.1]"
"Control","GMDS",305,"CSGALNACT1",0.00020259319286872,FALSE,"[0,0.1]"
"Control","GMDS",305,"CTTNBP2",0.00122100122100122,FALSE,"[0,0.1]"
"Control","GMDS",305,"DDX5",0.000322372662798195,FALSE,"[0,0.1]"
"Control","GMDS",305,"DIRC3",0.000278473962684489,FALSE,"[0,0.1]"
"Control","GMDS",305,"DLEU2",0.000234852043212776,FALSE,"[0,0.1]"
"Control","GMDS",305,"DLG1",0.000121388686574411,FALSE,"[0,0.1]"
"Control","GMDS",305,"DOCK5",0.000110180696342001,FALSE,"[0,0.1]"
"Control","GMDS",305,"DPYD",0.000248818113958696,FALSE,"[0,0.1]"
"Control","GMDS",305,"DST",0.000106986198780357,FALSE,"[0,0.1]"
"Control","GMDS",305,"DTNA",0.000359324469996407,FALSE,"[0,0.1]"
"Control","GMDS",305,"EEF1A1",-0.00675675675675676,FALSE,NA
"Control","GMDS",305,"EIF4G3",0.000579542161692263,FALSE,"[0,0.1]"
"Control","GMDS",305,"ELMO1",0.00044404973357016,FALSE,"[0,0.1]"
"Control","GMDS",305,"EPS15",0.000164853280580284,FALSE,"[0,0.1]"
"Control","GMDS",305,"ERBIN",0.000112007168458781,FALSE,"[0,0.1]"
"Control","GMDS",305,"EXOC6B",0.000300120048019208,FALSE,"[0,0.1]"
"Control","GMDS",305,"F13A1",0.000260078023407022,FALSE,"[0,0.1]"
"Control","GMDS",305,"FAF1",0.000587199060481503,FALSE,"[0,0.1]"
"Control","GMDS",305,"FAM13A",0.000592592592592593,FALSE,"[0,0.1]"
"Control","GMDS",305,"FAM49A",0.00171821305841924,FALSE,"[0,0.1]"
"Control","GMDS",305,"FKBP5",0.00027359781121751,FALSE,"[0,0.1]"
"Control","GMDS",305,"FMN1",0.000258197779499096,FALSE,"[0,0.1]"
"Control","GMDS",305,"FRMD4B",0.000272331154684096,FALSE,"[0,0.1]"
"Control","GMDS",305,"FTH1",0.000513874614594039,FALSE,"[0,0.1]"
"Control","GMDS",305,"FTX",0.000216122757726389,FALSE,"[0,0.1]"
"Control","GMDS",305,"GAB1",0.000125596583772921,FALSE,"[0,0.1]"
"Control","GMDS",305,"GOLGA4",0.0202020202020202,FALSE,"[0,0.1]"
"Control","GMDS",305,"GPHN",0.000177022481855196,FALSE,"[0,0.1]"
"Control","GMDS",305,"GPNMB",-0.00374531835205993,FALSE,NA
"Control","GMDS",305,"GRID2",-0.00373134328358209,FALSE,NA
"Control","GMDS",305,"GTDC1",0.000188893086513034,FALSE,"[0,0.1]"
"Control","GMDS",305,"HNRNPA2B1",0.000758725341426404,FALSE,"[0,0.1]"
"Control","GMDS",305,"HNRNPU",0.0008302200083022,FALSE,"[0,0.1]"
"Control","GMDS",305,"HS3ST4",-0.000471475719000471,FALSE,NA
"Control","GMDS",305,"IFNGR1",-0.00410677618069815,FALSE,NA
"Control","GMDS",305,"ITPR2",0.00258397932816537,FALSE,"[0,0.1]"
"Control","GMDS",305,"KANSL1",-0.00135135135135135,FALSE,NA
"Control","GMDS",305,"LINC00278",-0.000560538116591928,FALSE,NA
"Control","GMDS",305,"LRCH1",-0.0625000000000001,FALSE,NA
"Control","GMDS",305,"MACF1",0.000406256347755434,FALSE,"[0,0.1]"
"Control","GMDS",305,"MACROD2",0.000577367205542725,FALSE,"[0,0.1]"
"Control","GMDS",305,"MAF",-0.000511247443762781,FALSE,NA
"Control","GMDS",305,"MALAT1",0.00161987041036717,FALSE,"[0,0.1]"
"Control","GMDS",305,"MAML2",0.000635727908455181,FALSE,"[0,0.1]"
"Control","GMDS",305,"MAN1A1",0.000208724692131079,FALSE,"[0,0.1]"
"Control","GMDS",305,"MAN2A1",0.00012402331638348,FALSE,"[0,0.1]"
"Control","GMDS",305,"MAP4K4",-0.000963391136801541,FALSE,NA
"Control","GMDS",305,"MARCH1",0.000983606557377049,FALSE,"[0,0.1]"
"Control","GMDS",305,"MBD5",0.000629722921914358,FALSE,"[0,0.1]"
"Control","GMDS",305,"MBNL2",0.000114064104026463,FALSE,"[0,0.1]"
"Control","GMDS",305,"MBP",0.000112688753662384,FALSE,"[0,0.1]"
"Control","GMDS",305,"MERTK",0.000368731563421829,FALSE,"[0,0.1]"
"Control","GMDS",305,"MIR181A1HG",0.00448430493273543,FALSE,"[0,0.1]"
"Control","GMDS",305,"MIR99AHG",0.000672043010752688,FALSE,"[0,0.1]"
"Control","GMDS",305,"MKLN1",-0.0019047619047619,FALSE,NA
"Control","GMDS",305,"MSI2",0.00102145045965271,FALSE,"[0,0.1]"
"Control","GMDS",305,"MVB12B",0.000396196513470681,FALSE,"[0,0.1]"
"Control","GMDS",305,"MYO5A",0.000137646249139711,FALSE,"[0,0.1]"
"Control","GMDS",305,"N4BP2L2",0.000127502231289048,FALSE,"[0,0.1]"
"Control","GMDS",305,"NAV2",0.0027027027027027,FALSE,"[0,0.1]"
"Control","GMDS",305,"NBEA",0.00053475935828877,FALSE,"[0,0.1]"
"Control","GMDS",305,"NCKAP5",0.000471364600518501,FALSE,"[0,0.1]"
"Control","GMDS",305,"NCOA3",-0.000558347292015634,FALSE,NA
"Control","GMDS",305,"NFIA",0.000158478605388273,FALSE,"[0,0.1]"
"Control","GMDS",305,"NLK",0.000154942671211652,FALSE,"[0,0.1]"
"Control","GMDS",305,"NPL",-0.0075187969924812,FALSE,NA
"Control","GMDS",305,"OSBPL1A",-0.00120409391932571,FALSE,NA
"Control","GMDS",305,"P4HA1",0.000440917107583774,FALSE,"[0,0.1]"
"Control","GMDS",305,"PCDH9",0.00311526479750779,FALSE,"[0,0.1]"
"Control","GMDS",305,"PCM1",0.000263019463440295,FALSE,"[0,0.1]"
"Control","GMDS",305,"PDE3B",0.000437636761487965,FALSE,"[0,0.1]"
"Control","GMDS",305,"PDE4B",0.00144300144300144,FALSE,"[0,0.1]"
"Control","GMDS",305,"PDE8A",0.000419991600167997,FALSE,"[0,0.1]"
"Control","GMDS",305,"PEAK1",0.000230627306273063,FALSE,"[0,0.1]"
"Control","GMDS",305,"PELI1",0.0114942528735632,FALSE,"[0,0.1]"
"Control","GMDS",305,"PICALM",-0.000536193029490617,FALSE,NA
"Control","GMDS",305,"PIP4K2A",0.000124131082423039,FALSE,"[0,0.1]"
"Control","GMDS",305,"PLCL1",0.000284090909090909,FALSE,"[0,0.1]"
"Control","GMDS",305,"PLSCR1",0.00332225913621262,FALSE,"[0,0.1]"
"Control","GMDS",305,"PRKAG2",0.000839630562552477,FALSE,"[0,0.1]"
"Control","GMDS",305,"PTK2",0.000328623069339468,FALSE,"[0,0.1]"
"Control","GMDS",305,"QKI",0.00120992135511192,FALSE,"[0,0.1]"
"Control","GMDS",305,"RAPGEF6",0.000274197970935015,FALSE,"[0,0.1]"
"Control","GMDS",305,"RBPJ",0.000290782204129107,FALSE,"[0,0.1]"
"Control","GMDS",305,"RERE",0.00032478077297824,FALSE,"[0,0.1]"
"Control","GMDS",305,"REV3L",0.000202101859337106,FALSE,"[0,0.1]"
"Control","GMDS",305,"RFX3",0.00104166666666667,FALSE,"[0,0.1]"
"Control","GMDS",305,"RGL1",0.000132345156167284,FALSE,"[0,0.1]"
"Control","GMDS",305,"RICTOR",0.000248077400148846,FALSE,"[0,0.1]"
"Control","GMDS",305,"RIN2",-0.00078740157480315,FALSE,NA
"Control","GMDS",305,"RNF13",-0.00163398692810458,FALSE,NA
"Control","GMDS",305,"RNF144B",0.000456204379562044,FALSE,"[0,0.1]"
"Control","GMDS",305,"RNF149",0.00103950103950104,FALSE,"[0,0.1]"
"Control","GMDS",305,"SAMD12",0.000308451573103023,FALSE,"[0,0.1]"
"Control","GMDS",305,"SEC14L1",0.000413052457662123,FALSE,"[0,0.1]"
"Control","GMDS",305,"SGK1",0.000152788388082506,FALSE,"[0,0.1]"
"Control","GMDS",305,"SGK3",0.000224064530584808,FALSE,"[0,0.1]"
"Control","GMDS",305,"SHTN1",0.000122639195486878,FALSE,"[0,0.1]"
"Control","GMDS",305,"SIK3",0.000117716303708064,FALSE,"[0,0.1]"
"Control","GMDS",305,"SLC22A23",0.000266453503863576,FALSE,"[0,0.1]"
"Control","GMDS",305,"SLC25A13",0.000452693526482571,FALSE,"[0,0.1]"
"Control","GMDS",305,"SLC9A9",0.000193798449612403,FALSE,"[0,0.1]"
"Control","GMDS",305,"SORT1",0.000181061017562919,FALSE,"[0,0.1]"
"Control","GMDS",305,"SPTLC2",-0.000580046403712297,FALSE,NA
"Control","GMDS",305,"SRGAP1",0.000339789330615019,FALSE,"[0,0.1]"
"Control","GMDS",305,"SRGAP2B",0.000777000777000777,FALSE,"[0,0.1]"
"Control","GMDS",305,"ST6GALNAC3",0.00108932461873638,FALSE,"[0,0.1]"
"Control","GMDS",305,"STARD13",0.00019669551534225,FALSE,"[0,0.1]"
"Control","GMDS",305,"TGFBR2",-0.000969932104752667,FALSE,NA
"Control","GMDS",305,"TNRC6B",-0.00189035916824197,FALSE,NA
"Control","GMDS",305,"TTC3",0.000465874679711158,FALSE,"[0,0.1]"
"Control","GMDS",305,"TXNIP",-0.00258397932816538,FALSE,NA
"Control","GMDS",305,"UBXN2B",0.00343642611683849,FALSE,"[0,0.1]"
"Control","GMDS",305,"UTY",-0.000508646998982706,FALSE,NA
"Control","GMDS",305,"VPS13C",0.000574052812858783,FALSE,"[0,0.1]"
"Control","GMDS",305,"WSB1",0.000213766566908935,FALSE,"[0,0.1]"
"Control","GMDS",305,"WWOX",0.000997008973080758,FALSE,"[0,0.1]"
"Control","GMDS",305,"ZBTB16",0.000288933834151979,FALSE,"[0,0.1]"
"Control","GMDS",305,"ZBTB20",0.000225275963054742,FALSE,"[0,0.1]"
"Control","GMDS",305,"ZEB2",0.00012313754463736,FALSE,"[0,0.1]"
"Control","GMDS",305,"ZFPM2-AS1",-0.000659630606860158,FALSE,NA
"Control","GMDS",305,"ZNF609",-0.00197628458498024,FALSE,NA
"Control","GMDS",305,"ZNF638",0.000130005200208008,FALSE,"[0,0.1]"
"Control","GMDS",305,"ZSWIM6",0.00421052631578947,FALSE,"[0,0.1]"
"Control","VPS13B",330,"ADK",0.00176056338028169,FALSE,"[0,0.1]"
"Control","VPS13B",330,"AKAP13",-0.0004516711833785,FALSE,NA
"Control","VPS13B",330,"AL035446.2",-0.00465116279069767,FALSE,NA
"Control","VPS13B",330,"AL163541.1",-0.0013531799729364,FALSE,NA
"Control","VPS13B",330,"ANK2",-0.0017636684303351,FALSE,NA
"Control","VPS13B",330,"ANKRD12",-0.000143595634692705,FALSE,NA
"Control","VPS13B",330,"ANKRD44",0.000806451612903226,FALSE,"[0,0.1]"
"Control","VPS13B",330,"AOAH",-0.00157728706624606,FALSE,NA
"Control","VPS13B",330,"ARHGAP15",-0.000458715596330275,FALSE,NA
"Control","VPS13B",330,"ARHGAP21",-0.000128386185646424,FALSE,NA
"Control","VPS13B",330,"ARID4B",-0.0007627765064836,FALSE,NA
"Control","VPS13B",330,"ATF6",-0.0032258064516129,FALSE,NA
"Control","VPS13B",330,"BAZ2B",-0.000207296849087894,FALSE,NA
"Control","VPS13B",330,"BBS9",0.000318572793883402,FALSE,"[0,0.1]"
"Control","VPS13B",330,"BBX",-0.000523012552301255,FALSE,NA
"Control","VPS13B",330,"BCAS3",-0.000248262164846078,FALSE,NA
"Control","VPS13B",330,"BTBD9",-0.000744047619047619,FALSE,NA
"Control","VPS13B",330,"C1QB",0.00151515151515152,FALSE,"[0,0.1]"
"Control","VPS13B",330,"C20orf194",0.000450450450450451,FALSE,"[0,0.1]"
"Control","VPS13B",330,"CADM1",0.000236630383341221,FALSE,"[0,0.1]"
"Control","VPS13B",330,"CCND3",0.000380083618396047,FALSE,"[0,0.1]"
"Control","VPS13B",330,"CCNH",-0.000485201358563804,FALSE,NA
"Control","VPS13B",330,"CCNY",-0.0037037037037037,FALSE,NA
"Control","VPS13B",330,"CDK19",0.000163238654913484,FALSE,"[0,0.1]"
"Control","VPS13B",330,"CELF2",-0.000899280575539568,FALSE,NA
"Control","VPS13B",330,"CHSY3",-0.000819672131147541,FALSE,NA
"Control","VPS13B",330,"CRADD",-0.000909090909090909,FALSE,NA
"Control","VPS13B",330,"CSGALNACT1",-0.00020259319286872,FALSE,NA
"Control","VPS13B",330,"CTTNBP2",-0.00122100122100122,FALSE,NA
"Control","VPS13B",330,"DDX5",-0.000322372662798195,FALSE,NA
"Control","VPS13B",330,"DLEU2",-0.000234852043212776,FALSE,NA
"Control","VPS13B",330,"DLG2",0.000298596595998806,FALSE,"[0,0.1]"
"Control","VPS13B",330,"DOCK10",0.00014553922282055,FALSE,"[0,0.1]"
"Control","VPS13B",330,"DPYD",-0.000124409056979348,FALSE,NA
"Control","VPS13B",330,"DTNA",-0.000359324469996407,FALSE,NA
"Control","VPS13B",330,"EEF1A1",0.00675675675675676,FALSE,"[0,0.1]"
"Control","VPS13B",330,"EIF4G3",-0.000579542161692263,FALSE,NA
"Control","VPS13B",330,"ELMO1",-0.00044404973357016,FALSE,NA
"Control","VPS13B",330,"EVI5",0.000909090909090909,FALSE,"[0,0.1]"
"Control","VPS13B",330,"FAF1",-0.000587199060481503,FALSE,NA
"Control","VPS13B",330,"FAM13A",-0.000592592592592593,FALSE,NA
"Control","VPS13B",330,"FAM149A",-0.00157728706624606,FALSE,NA
"Control","VPS13B",330,"FAM49A",-0.00257731958762887,FALSE,NA
"Control","VPS13B",330,"FKBP5",-0.00027359781121751,FALSE,NA
"Control","VPS13B",330,"FMN1",-0.000258197779499096,FALSE,NA
"Control","VPS13B",330,"FRMD4B",-0.000136165577342048,FALSE,NA
"Control","VPS13B",330,"FRYL",0.000147885241052943,FALSE,"[0,0.1]"
"Control","VPS13B",330,"FTH1",-0.000513874614594039,FALSE,NA
"Control","VPS13B",330,"FTX",-0.000216122757726389,FALSE,NA
"Control","VPS13B",330,"GLDN",0.000716332378223496,FALSE,"[0,0.1]"
"Control","VPS13B",330,"GNAQ",0.00297619047619048,FALSE,"[0,0.1]"
"Control","VPS13B",330,"GOLGA4",-0.0303030303030303,FALSE,NA
"Control","VPS13B",330,"GPNMB",0.00374531835205993,FALSE,"[0,0.1]"
"Control","VPS13B",330,"GRID2",0.00373134328358209,FALSE,"[0,0.1]"
"Control","VPS13B",330,"GTDC1",-0.000188893086513034,FALSE,NA
"Control","VPS13B",330,"HDAC9",0.000319897632757518,FALSE,"[0,0.1]"
"Control","VPS13B",330,"HNRNPA2B1",-0.000758725341426404,FALSE,NA
"Control","VPS13B",330,"HNRNPU",-0.0008302200083022,FALSE,NA
"Control","VPS13B",330,"HS3ST4",0.000471475719000471,FALSE,"[0,0.1]"
"Control","VPS13B",330,"IFNGR1",0.00410677618069815,FALSE,"[0,0.1]"
"Control","VPS13B",330,"IRS2",-0.000744047619047619,FALSE,NA
"Control","VPS13B",330,"ITPR2",-0.00258397932816537,FALSE,NA
"Control","VPS13B",330,"KANSL1",0.00135135135135135,FALSE,"[0,0.1]"
"Control","VPS13B",330,"KCNK13",0.00129533678756477,FALSE,"[0,0.1]"
"Control","VPS13B",330,"LCOR",0.0151515151515151,FALSE,"[0,0.1]"
"Control","VPS13B",330,"LINC00278",0.000560538116591928,FALSE,"[0,0.1]"
"Control","VPS13B",330,"LRCH1",0.0625000000000001,FALSE,"[0,0.1]"
"Control","VPS13B",330,"LRRC8D",0.00564971751412429,FALSE,"[0,0.1]"
"Control","VPS13B",330,"MACF1",-0.000203128173877717,FALSE,NA
"Control","VPS13B",330,"MACROD2",-0.000577367205542725,FALSE,NA
"Control","VPS13B",330,"MAF",0.00102249488752556,FALSE,"[0,0.1]"
"Control","VPS13B",330,"MALAT1",-0.00215982721382289,FALSE,NA
"Control","VPS13B",330,"MAML2",-0.000635727908455181,FALSE,NA
"Control","VPS13B",330,"MAN1A1",-0.000208724692131079,FALSE,NA
"Control","VPS13B",330,"MAN2A1",0.00012402331638348,FALSE,"[0,0.1]"
"Control","VPS13B",330,"MAP3K5",0.00115340253748558,FALSE,"[0,0.1]"
"Control","VPS13B",330,"MAP4K4",0.00192678227360308,FALSE,"[0,0.1]"
"Control","VPS13B",330,"MARCH1",-0.000983606557377049,FALSE,NA
"Control","VPS13B",330,"MBD5",-0.000629722921914358,FALSE,NA
"Control","VPS13B",330,"MIR181A1HG",-0.00672645739910314,FALSE,NA
"Control","VPS13B",330,"MIR99AHG",-0.000672043010752688,FALSE,NA
"Control","VPS13B",330,"MITF",0.000371747211895911,FALSE,"[0,0.1]"
"Control","VPS13B",330,"MKLN1",0.0019047619047619,FALSE,"[0,0.1]"
"Control","VPS13B",330,"MSI2",-0.00102145045965271,FALSE,NA
"Control","VPS13B",330,"MTSS1",0.000177904287493329,FALSE,"[0,0.1]"
"Control","VPS13B",330,"MVB12B",-0.000396196513470681,FALSE,NA
"Control","VPS13B",330,"MYCBP2",0.00221238938053097,FALSE,"[0,0.1]"
"Control","VPS13B",330,"NAV2",-0.0027027027027027,FALSE,NA
"Control","VPS13B",330,"NBEA",-0.00053475935828877,FALSE,NA
"Control","VPS13B",330,"NCKAP5",-0.000471364600518501,FALSE,NA
"Control","VPS13B",330,"NCOA2",0.00212765957446809,FALSE,"[0,0.1]"
"Control","VPS13B",330,"NCOA3",0.000558347292015634,FALSE,"[0,0.1]"
"Control","VPS13B",330,"NPL",0.0075187969924812,FALSE,"[0,0.1]"
"Control","VPS13B",330,"OSBPL1A",0.00120409391932571,FALSE,"[0,0.1]"
"Control","VPS13B",330,"P4HA1",-0.000440917107583774,FALSE,NA
"Control","VPS13B",330,"PCCA",0.00184842883548983,FALSE,"[0,0.1]"
"Control","VPS13B",330,"PCDH9",-0.00623052959501558,FALSE,NA
"Control","VPS13B",330,"PCM1",-0.000263019463440295,FALSE,NA
"Control","VPS13B",330,"PDE3B",-0.000437636761487965,FALSE,NA
"Control","VPS13B",330,"PDE4B",-0.00144300144300144,FALSE,NA
"Control","VPS13B",330,"PDE8A",-0.000419991600167997,FALSE,NA
"Control","VPS13B",330,"PDGFC",0.000402090872537193,FALSE,"[0,0.1]"
"Control","VPS13B",330,"PEAK1",-0.000230627306273063,FALSE,NA
"Control","VPS13B",330,"PELI1",-0.0229885057471264,FALSE,NA
"Control","VPS13B",330,"PICALM",0.000536193029490617,FALSE,"[0,0.1]"
"Control","VPS13B",330,"PLCL1",-0.000284090909090909,FALSE,NA
"Control","VPS13B",330,"PLSCR1",-0.00332225913621262,FALSE,NA
"Control","VPS13B",330,"PNISR",0.00131406044678055,FALSE,"[0,0.1]"
"Control","VPS13B",330,"PRKAG2",-0.000839630562552477,FALSE,NA
"Control","VPS13B",330,"PTK2",-0.000328623069339468,FALSE,NA
"Control","VPS13B",330,"QKI",-0.00120992135511192,FALSE,NA
"Control","VPS13B",330,"RAB10",0.0006426735218509,FALSE,"[0,0.1]"
"Control","VPS13B",330,"RAPGEF6",-0.000274197970935015,FALSE,NA
"Control","VPS13B",330,"RBMS1",0.000264900662251656,FALSE,"[0,0.1]"
"Control","VPS13B",330,"RBPJ",-0.000290782204129107,FALSE,NA
"Control","VPS13B",330,"RERE",-0.00032478077297824,FALSE,NA
"Control","VPS13B",330,"RFX3",-0.00104166666666667,FALSE,NA
"Control","VPS13B",330,"RIN2",0.00078740157480315,FALSE,"[0,0.1]"
"Control","VPS13B",330,"RNF13",0.00163398692810458,FALSE,"[0,0.1]"
"Control","VPS13B",330,"RNF144B",-0.000912408759124088,FALSE,NA
"Control","VPS13B",330,"RNF149",-0.00103950103950104,FALSE,NA
"Control","VPS13B",330,"SEC14L1",-0.000413052457662123,FALSE,NA
"Control","VPS13B",330,"SGK1",-0.000152788388082506,FALSE,NA
"Control","VPS13B",330,"SLC22A23",-0.000266453503863576,FALSE,NA
"Control","VPS13B",330,"SLC25A13",-0.000452693526482571,FALSE,NA
"Control","VPS13B",330,"SLC9A9",-0.000193798449612403,FALSE,NA
"Control","VPS13B",330,"SNX13",0.000666222518321119,FALSE,"[0,0.1]"
"Control","VPS13B",330,"SPTLC2",0.000580046403712297,FALSE,"[0,0.1]"
"Control","VPS13B",330,"SRGAP1",-0.000339789330615019,FALSE,NA
"Control","VPS13B",330,"SRGAP2B",-0.000777000777000777,FALSE,NA
"Control","VPS13B",330,"ST6GALNAC3",-0.00108932461873638,FALSE,NA
"Control","VPS13B",330,"TBC1D4",0.00136612021857923,FALSE,"[0,0.1]"
"Control","VPS13B",330,"TET2",-0.000989119683481701,FALSE,NA
"Control","VPS13B",330,"TGFBR2",0.000969932104752667,FALSE,"[0,0.1]"
"Control","VPS13B",330,"TNRC6B",0.00189035916824197,FALSE,"[0,0.1]"
"Control","VPS13B",330,"TTC3",-0.000465874679711158,FALSE,NA
"Control","VPS13B",330,"TXNIP",0.00258397932816538,FALSE,"[0,0.1]"
"Control","VPS13B",330,"UBXN2B",-0.00343642611683849,FALSE,NA
"Control","VPS13B",330,"USP34",0.000956937799043062,FALSE,"[0,0.1]"
"Control","VPS13B",330,"UTY",0.00101729399796541,FALSE,"[0,0.1]"
"Control","VPS13B",330,"VPS13C",-0.000574052812858783,FALSE,NA
"Control","VPS13B",330,"WSB1",-0.000213766566908935,FALSE,NA
"Control","VPS13B",330,"WWOX",-0.000997008973080758,FALSE,NA
"Control","VPS13B",330,"ZBTB16",-0.000288933834151979,FALSE,NA
"Control","VPS13B",330,"ZBTB20",-0.000112637981527371,FALSE,NA
"Control","VPS13B",330,"ZFPM2-AS1",0.000659630606860158,FALSE,"[0,0.1]"
"Control","VPS13B",330,"ZMAT3",0.0021551724137931,FALSE,"[0,0.1]"
"Control","VPS13B",330,"ZNF609",0.00197628458498024,FALSE,"[0,0.1]"
"Control","VPS13B",330,"ZSWIM6",-0.00631578947368421,FALSE,NA
"Control","CLASP1",745,"AAK1",0.0044004400440044,FALSE,"[0,0.1]"
"Control","CLASP1",745,"ABCA1",0.00126582278481013,FALSE,"[0,0.1]"
"Control","CLASP1",745,"AC007262.2",0.00241896468311563,FALSE,"[0,0.1]"
"Control","CLASP1",745,"ACSL4",-0.0136054421768707,FALSE,NA
"Control","CLASP1",745,"ACYP2",-0.00236087689713322,FALSE,NA
"Control","CLASP1",745,"ADK",0.028169014084507,FALSE,"[0,0.1]"
"Control","CLASP1",745,"AKAP13",-0.00632339656729901,FALSE,NA
"Control","CLASP1",745,"AKT3",-0.00769230769230769,FALSE,NA
"Control","CLASP1",745,"AL035446.2",-0.0558139534883721,FALSE,NA
"Control","CLASP1",745,"AL163541.1",-0.0223274695534506,FALSE,NA
"Control","CLASP1",745,"AL392172.2",0.00173310225303293,FALSE,"[0,0.1]"
"Control","CLASP1",745,"ALCAM",-0.000806289054626083,FALSE,NA
"Control","CLASP1",745,"ANK2",-0.037037037037037,FALSE,NA
"Control","CLASP1",745,"ANKRD12",-0.00387708213670304,FALSE,NA
"Control","CLASP1",745,"ANKRD17",0.00235294117647059,FALSE,"[0,0.1]"
"Control","CLASP1",745,"ANKRD44",0.00725806451612903,FALSE,"[0,0.1]"
"Control","CLASP1",745,"AOAH",-0.0173501577287066,FALSE,NA
"Control","CLASP1",745,"AP001977.1",0.00154559505409583,FALSE,"[0,0.1]"
"Control","CLASP1",745,"AP3B1",-0.00390625,FALSE,NA
"Control","CLASP1",745,"APOE",-0.0306513409961686,FALSE,NA
"Control","CLASP1",745,"ARHGAP15",-0.0110091743119266,FALSE,NA
"Control","CLASP1",745,"ARHGAP18",-0.00233553912028026,FALSE,NA
"Control","CLASP1",745,"ARHGAP21",-0.00269610989857491,FALSE,NA
"Control","CLASP1",745,"ARHGAP22",-0.00444444444444444,FALSE,NA
"Control","CLASP1",745,"ARHGAP6",-0.00383561643835616,FALSE,NA
"Control","CLASP1",745,"ARID2",0.0526315789473684,FALSE,"[0,0.1]"
"Control","CLASP1",745,"ARID4B",-0.0137299771167048,FALSE,NA
"Control","CLASP1",745,"ARL15",-0.00263852242744063,FALSE,NA
"Control","CLASP1",745,"ASAP1",-0.00107991360691145,FALSE,NA
"Control","CLASP1",745,"ASCC3",0.003125,FALSE,"[0,0.1]"
"Control","CLASP1",745,"ASH1L",0.00405679513184584,FALSE,"[0,0.1]"
"Control","CLASP1",745,"ASTN2",-0.00332225913621262,FALSE,NA
"Control","CLASP1",745,"ATF6",-0.0467741935483871,FALSE,NA
"Control","CLASP1",745,"ATG7",0.0018811136192626,FALSE,"[0,0.1]"
"Control","CLASP1",745,"ATM",0.0238095238095238,FALSE,"[0,0.1]"
"Control","CLASP1",745,"ATRX",0.0138248847926267,FALSE,"[0,0.1]"
"Control","CLASP1",745,"ATXN1",-0.00508187464709204,FALSE,NA
"Control","CLASP1",745,"BAZ2B",-0.00269485903814262,FALSE,NA
"Control","CLASP1",745,"BBS9",0.00541573749601784,FALSE,"[0,0.1]"
"Control","CLASP1",745,"BBX",-0.00993723849372385,FALSE,NA
"Control","CLASP1",745,"BCAS3",-0.00372393247269116,FALSE,NA
"Control","CLASP1",745,"BIRC6",-0.00363636363636364,FALSE,NA
"Control","CLASP1",745,"BLNK",-0.0015552099533437,FALSE,NA
"Control","CLASP1",745,"BNC2",0.00343642611683849,FALSE,"[0,0.1]"
"Control","CLASP1",745,"BPTF",-0.00250125062531266,FALSE,NA
"Control","CLASP1",745,"BRAF",-0.00106609808102345,FALSE,NA
"Control","CLASP1",745,"BRWD1",0.00185701021355617,FALSE,"[0,0.1]"
"Control","CLASP1",745,"BTBD9",-0.0119047619047619,FALSE,NA
"Control","CLASP1",745,"C1QB",0.0318181818181818,FALSE,"[0,0.1]"
"Control","CLASP1",745,"C20orf194",0.00405405405405405,FALSE,"[0,0.1]"
"Control","CLASP1",745,"CAB39",-0.00576923076923077,FALSE,NA
"Control","CLASP1",745,"CADM1",0.00425934690014198,FALSE,"[0,0.1]"
"Control","CLASP1",745,"CAMK2D",0.00980392156862745,FALSE,"[0,0.1]"
"Control","CLASP1",745,"CAMKMT",0.0555555555555556,FALSE,"[0,0.1]"
"Control","CLASP1",745,"CCDC26",0.00704225352112676,FALSE,"[0,0.1]"
"Control","CLASP1",745,"CCDC88A",-0.00171257314114457,FALSE,NA
"Control","CLASP1",745,"CCND3",0.0064614215127328,FALSE,"[0,0.1]"
"Control","CLASP1",745,"CCNH",-0.00921882581271228,FALSE,NA
"Control","CLASP1",745,"CCNY",-0.0444444444444444,FALSE,NA
"Control","CLASP1",745,"CD163",-0.0017982017982018,FALSE,NA
"Control","CLASP1",745,"CD86",-0.00225563909774436,FALSE,NA
"Control","CLASP1",745,"CDK14",-0.000696378830083565,FALSE,NA
"Control","CLASP1",745,"CDK19",0.00114267058439438,FALSE,"[0,0.1]"
"Control","CLASP1",745,"CDK6",0.00735294117647059,FALSE,"[0,0.1]"
"Control","CLASP1",745,"CDKAL1",0.0238095238095238,FALSE,"[0,0.1]"
"Control","CLASP1",745,"CELF2",-0.0143884892086331,FALSE,NA
"Control","CLASP1",745,"CEP350",0.0102739726027397,FALSE,"[0,0.1]"
"Control","CLASP1",745,"CFLAR",0.000627746390458255,FALSE,"[0,0.1]"
"Control","CLASP1",745,"CHD2",0.00193798449612403,FALSE,"[0,0.1]"
"Control","CLASP1",745,"CHST15",-0.000473484848484848,FALSE,NA
"Control","CLASP1",745,"CHSY3",-0.0114754098360656,FALSE,NA
"Control","CLASP1",745,"CLASP2",-0.000705052878965922,FALSE,NA
"Control","CLASP1",745,"COG5",0.121212121212121,FALSE,"(0.1,0.2]"
"Control","CLASP1",745,"COP1",0.0374331550802139,FALSE,"[0,0.1]"
"Control","CLASP1",745,"CPED1",-0.00074019245003701,FALSE,NA
"Control","CLASP1",745,"CPM",0.00174825174825175,FALSE,"[0,0.1]"
"Control","CLASP1",745,"CPQ",0.00277008310249307,FALSE,"[0,0.1]"
"Control","CLASP1",745,"CR1",-0.000417536534446764,FALSE,NA
"Control","CLASP1",745,"CRADD",-0.0163636363636364,FALSE,NA
"Control","CLASP1",745,"CSGALNACT1",-0.00405186385737439,FALSE,NA
"Control","CLASP1",745,"CSNK1A1",0.0116279069767442,FALSE,"[0,0.1]"
"Control","CLASP1",745,"CTTNBP2",-0.0207570207570208,FALSE,NA
"Control","CLASP1",745,"DCAF6",0.0666666666666667,FALSE,"[0,0.1]"
"Control","CLASP1",745,"DDX17",0.00111898545318911,FALSE,"[0,0.1]"
"Control","CLASP1",745,"DDX5",-0.00419084461637653,FALSE,NA
"Control","CLASP1",745,"DENND1A",0.00275103163686382,FALSE,"[0,0.1]"
"Control","CLASP1",745,"DENND4C",-0.00859291084854995,FALSE,NA
"Control","CLASP1",745,"DIAPH2",0.027027027027027,FALSE,"[0,0.1]"
"Control","CLASP1",745,"DIP2B",0.000708466170740347,FALSE,"[0,0.1]"
"Control","CLASP1",745,"DIRC3",-0.00139236981342245,FALSE,NA
"Control","CLASP1",745,"DISP1",-0.000387446726075165,FALSE,NA
"Control","CLASP1",745,"DLEU2",-0.00540159699389385,FALSE,NA
"Control","CLASP1",745,"DLG1",0.000121388686574411,FALSE,"[0,0.1]"
"Control","CLASP1",745,"DLG2",0.00298596595998806,FALSE,"[0,0.1]"
"Control","CLASP1",745,"DMXL2",0.00174216027874564,FALSE,"[0,0.1]"
"Control","CLASP1",745,"DOCK10",0.00247416678794935,FALSE,"[0,0.1]"
"Control","CLASP1",745,"DOCK2",0.00143884892086331,FALSE,"[0,0.1]"
"Control","CLASP1",745,"DOCK5",-0.000881445570736007,FALSE,NA
"Control","CLASP1",745,"DOCK8",0.00198019801980198,FALSE,"[0,0.1]"
"Control","CLASP1",745,"DPYD",-0.00348345359542175,FALSE,NA
"Control","CLASP1",745,"DST",-0.00106986198780357,FALSE,NA
"Control","CLASP1",745,"DTNA",-0.00467121810995329,FALSE,NA
"Control","CLASP1",745,"DYM",0.00462962962962963,FALSE,"[0,0.1]"
"Control","CLASP1",745,"EEF1A1",0.114864864864865,FALSE,"(0.1,0.2]"
"Control","CLASP1",745,"EIF4G3",-0.00898290350623008,FALSE,NA
"Control","CLASP1",745,"ELF1",-0.00185873605947955,FALSE,NA
"Control","CLASP1",745,"ELMO1",-0.00843694493783304,FALSE,NA
"Control","CLASP1",745,"EPS15",-0.00181338608638312,FALSE,NA
"Control","CLASP1",745,"EPSTI1",-0.00350262697022767,FALSE,NA
"Control","CLASP1",745,"ERBIN",0.000336021505376344,FALSE,"[0,0.1]"
"Control","CLASP1",745,"ERC1",0.00267022696929239,FALSE,"[0,0.1]"
"Control","CLASP1",745,"EVI5",0.0127272727272727,FALSE,"[0,0.1]"
"Control","CLASP1",745,"EVL",0.0476190476190476,FALSE,"[0,0.1]"
"Control","CLASP1",745,"EXOC4",0.00646551724137931,FALSE,"[0,0.1]"
"Control","CLASP1",745,"EXOC6B",-0.00120048019207683,FALSE,NA
"Control","CLASP1",745,"F13A1",-0.00130039011703511,FALSE,NA
"Control","CLASP1",745,"FAF1",-0.00939518496770405,FALSE,NA
"Control","CLASP1",745,"FAM135A",0.0217391304347826,FALSE,"[0,0.1]"
"Control","CLASP1",745,"FAM13A",-0.0118518518518519,FALSE,NA
"Control","CLASP1",745,"FAM149A",-0.0173501577287066,FALSE,NA
"Control","CLASP1",745,"FAM168A",0.00646203554119548,FALSE,"[0,0.1]"
"Control","CLASP1",745,"FAM49A",-0.0412371134020619,FALSE,NA
"Control","CLASP1",745,"FAR2",-0.00526315789473684,FALSE,NA
"Control","CLASP1",745,"FARS2",0.00865800865800866,FALSE,"[0,0.1]"
"Control","CLASP1",745,"FBXO11",0.0347826086956522,FALSE,"[0,0.1]"
"Control","CLASP1",745,"FCHO2",-0.00443458980044346,FALSE,NA
"Control","CLASP1",745,"FCHSD2",0.00229357798165138,FALSE,"[0,0.1]"
"Control","CLASP1",745,"FHIT",-0.0097799511002445,FALSE,NA
"Control","CLASP1",745,"FKBP5",-0.00478796169630643,FALSE,NA
"Control","CLASP1",745,"FMN1",-0.00387296669248644,FALSE,NA
"Control","CLASP1",745,"FMNL2",-0.00147438260228529,FALSE,NA
"Control","CLASP1",745,"FNDC3A",-0.00327868852459016,FALSE,NA
"Control","CLASP1",745,"FNIP1",0.00272182906913446,FALSE,"[0,0.1]"
"Control","CLASP1",745,"FOXN3",0.0143112701252236,FALSE,"[0,0.1]"
"Control","CLASP1",745,"FOXO3",0.00257842715943275,FALSE,"[0,0.1]"
"Control","CLASP1",745,"FOXP1",0.00152361604875571,FALSE,"[0,0.1]"
"Control","CLASP1",745,"FRMD4B",-0.00299564270152505,FALSE,NA
"Control","CLASP1",745,"FRYL",0.00192250813368826,FALSE,"[0,0.1]"
"Control","CLASP1",745,"FTH1",-0.0092497430626927,FALSE,NA
"Control","CLASP1",745,"FTO",0.0253164556962025,FALSE,"[0,0.1]"
"Control","CLASP1",745,"FTX",-0.00367408688134861,FALSE,NA
"Control","CLASP1",745,"GAB1",-0.000627982918864607,FALSE,NA
"Control","CLASP1",745,"GALNT10",-0.049645390070922,FALSE,NA
"Control","CLASP1",745,"GLDN",0.0100286532951289,FALSE,"[0,0.1]"
"Control","CLASP1",745,"GMDS",-0.0204081632653061,FALSE,NA
"Control","CLASP1",745,"GNAQ",0.0327380952380952,FALSE,"[0,0.1]"
"Control","CLASP1",745,"GOLGA4",-0.515151515151515,FALSE,NA
"Control","CLASP1",745,"GPHN",-0.00141617985484156,FALSE,NA
"Control","CLASP1",745,"GPNMB",0.0823970037453184,FALSE,"[0,0.1]"
"Control","CLASP1",745,"GPRIN3",-0.00467289719626168,FALSE,NA
"Control","CLASP1",745,"GRID2",0.0895522388059701,FALSE,"[0,0.1]"
"Control","CLASP1",745,"GRK3",0.021551724137931,FALSE,"[0,0.1]"
"Control","CLASP1",745,"GSAP",0.00247524752475248,FALSE,"[0,0.1]"
"Control","CLASP1",745,"GSK3B",0.00883838383838384,FALSE,"[0,0.1]"
"Control","CLASP1",745,"GTDC1",-0.00340007555723461,FALSE,NA
"Control","CLASP1",745,"HCLS1",-0.00191570881226054,FALSE,NA
"Control","CLASP1",745,"HDAC8",-0.0119047619047619,FALSE,NA
"Control","CLASP1",745,"HDAC9",0.00639795265515035,FALSE,"[0,0.1]"
"Control","CLASP1",745,"HELZ",0.00224719101123596,FALSE,"[0,0.1]"
"Control","CLASP1",745,"HERC1",-0.00179533213644524,FALSE,NA
"Control","CLASP1",745,"HNRNPA2B1",-0.0106221547799697,FALSE,NA
"Control","CLASP1",745,"HNRNPC",0.03125,FALSE,"[0,0.1]"
"Control","CLASP1",745,"HNRNPU",-0.0128684101286841,FALSE,NA
"Control","CLASP1",745,"HS3ST4",0.00848656294200849,FALSE,"[0,0.1]"
"Control","CLASP1",745,"HSP90AA1",0.00551724137931035,FALSE,"[0,0.1]"
"Control","CLASP1",745,"IFI44L",-0.00581395348837209,FALSE,NA
"Control","CLASP1",745,"IFNGR1",0.0780287474332649,FALSE,"[0,0.1]"
"Control","CLASP1",745,"IFNGR2",0.00662251655629139,FALSE,"[0,0.1]"
"Control","CLASP1",745,"IL10RA",-0.00371517027863777,FALSE,NA
"Control","CLASP1",745,"IQCJ-SCHIP1",-0.0031055900621118,FALSE,NA
"Control","CLASP1",745,"IRAK3",-0.00293901542983101,FALSE,NA
"Control","CLASP1",745,"IRS2",-0.00744047619047619,FALSE,NA
"Control","CLASP1",745,"ITFG1",-0.0087173100871731,FALSE,NA
"Control","CLASP1",745,"ITPR1",0.24,FALSE,"(0.2,0.3]"
"Control","CLASP1",745,"ITPR2",-0.041343669250646,FALSE,NA
"Control","CLASP1",745,"JAK1",0.00924499229583975,FALSE,"[0,0.1]"
"Control","CLASP1",745,"JARID2",0.00580270793036751,FALSE,"[0,0.1]"
"Control","CLASP1",745,"JMJD1C",0.00190839694656489,FALSE,"[0,0.1]"
"Control","CLASP1",745,"KANSL1",0.0202702702702703,FALSE,"[0,0.1]"
"Control","CLASP1",745,"KCNK13",0.016839378238342,FALSE,"[0,0.1]"
"Control","CLASP1",745,"KCNMA1",0.0188679245283019,FALSE,"[0,0.1]"
"Control","CLASP1",745,"KDM2A",0.0177514792899408,FALSE,"[0,0.1]"
"Control","CLASP1",745,"KDM4C",-0.000503018108651912,FALSE,NA
"Control","CLASP1",745,"KMT2E",-0.00467289719626168,FALSE,NA
"Control","CLASP1",745,"KYNU",-0.00878048780487805,FALSE,NA
"Control","CLASP1",745,"L3MBTL4",0.00570125427594071,FALSE,"[0,0.1]"
"Control","CLASP1",745,"LCOR",0.166666666666667,FALSE,"(0.1,0.2]"
"Control","CLASP1",745,"LCORL",0.00696864111498258,FALSE,"[0,0.1]"
"Control","CLASP1",745,"LINC00278",0.0117713004484305,FALSE,"[0,0.1]"
"Control","CLASP1",745,"LINC01473",-0.00132978723404255,FALSE,NA
"Control","CLASP1",745,"LNCAROD",0.00574712643678161,FALSE,"[0,0.1]"
"Control","CLASP1",745,"LPP",0.00143266475644699,FALSE,"[0,0.1]"
"Control","CLASP1",745,"LRBA",0.0416666666666667,FALSE,"[0,0.1]"
"Control","CLASP1",745,"LRCH1",0.937500000000001,FALSE,"(0.9,1]"
"Control","CLASP1",745,"LRRC8D",0.0564971751412429,FALSE,"[0,0.1]"
"Control","CLASP1",745,"LRRK2",0.00124069478908189,FALSE,"[0,0.1]"
"Control","CLASP1",745,"LYST",0.00560747663551402,FALSE,"[0,0.1]"
"Control","CLASP1",745,"MACF1",-0.0048750761730652,FALSE,NA
"Control","CLASP1",745,"MACROD2",-0.0069284064665127,FALSE,NA
"Control","CLASP1",745,"MAF",0.0158486707566462,FALSE,"[0,0.1]"
"Control","CLASP1",745,"MALAT1",-0.0345572354211663,FALSE,NA
"Control","CLASP1",745,"MAML2",-0.0114431023521933,FALSE,NA
"Control","CLASP1",745,"MAML3",-0.00869565217391304,FALSE,NA
"Control","CLASP1",745,"MAN1A1",-0.00354831976622834,FALSE,NA
"Control","CLASP1",745,"MAN1C1",0.0108225108225108,FALSE,"[0,0.1]"
"Control","CLASP1",745,"MAN2A1",0.000744139898300881,FALSE,"[0,0.1]"
"Control","CLASP1",745,"MANBA",-0.187499999999999,FALSE,NA
"Control","CLASP1",745,"MAP3K5",0.0173010380622837,FALSE,"[0,0.1]"
"Control","CLASP1",745,"MAP4K4",0.0250481695568401,FALSE,"[0,0.1]"
"Control","CLASP1",745,"MARCH1",-0.0154098360655738,FALSE,NA
"Control","CLASP1",745,"MARK3",-0.00654817586529467,FALSE,NA
"Control","CLASP1",745,"MBD5",-0.00881612090680101,FALSE,NA
"Control","CLASP1",745,"MBNL1",0.00683060109289618,FALSE,"[0,0.1]"
"Control","CLASP1",745,"MBNL2",-0.000456256416105852,FALSE,NA
"Control","CLASP1",745,"MBP",-0.000563443768311922,FALSE,NA
"Control","CLASP1",745,"MED13L",0.00987306064880113,FALSE,"[0,0.1]"
"Control","CLASP1",745,"MEF2C",-0.00202839756592292,FALSE,NA
"Control","CLASP1",745,"MERTK",-0.00294985250737463,FALSE,NA
"Control","CLASP1",745,"MIR181A1HG",-0.0986547085201794,FALSE,NA
"Control","CLASP1",745,"MIR99AHG",-0.0118727598566308,FALSE,NA
"Control","CLASP1",745,"MITF",0.00297397769516729,FALSE,"[0,0.1]"
"Control","CLASP1",745,"MKLN1",0.0266666666666667,FALSE,"[0,0.1]"
"Control","CLASP1",745,"MS4A4A",-0.000626762770291445,FALSE,NA
"Control","CLASP1",745,"MS4A6A",0.000983606557377049,FALSE,"[0,0.1]"
"Control","CLASP1",745,"MSI2",-0.0204290091930541,FALSE,NA
"Control","CLASP1",745,"MSR1",-0.000650618087182824,FALSE,NA
"Control","CLASP1",745,"MTHFD1L",0.0091324200913242,FALSE,"[0,0.1]"
"Control","CLASP1",745,"MTSS1",0.00177904287493329,FALSE,"[0,0.1]"
"Control","CLASP1",745,"MVB12B",-0.00732963549920761,FALSE,NA
"Control","CLASP1",745,"MYCBP2",0.0199115044247788,FALSE,"[0,0.1]"
"Control","CLASP1",745,"MYO1D",0.00224071702944942,FALSE,"[0,0.1]"
"Control","CLASP1",745,"MYO1E",0.00125234815278647,FALSE,"[0,0.1]"
"Control","CLASP1",745,"MYO5A",0.000550584996558844,FALSE,"[0,0.1]"
"Control","CLASP1",745,"N4BP2L2",-0.00114752008160143,FALSE,NA
"Control","CLASP1",745,"NAV2",-0.0324324324324324,FALSE,NA
"Control","CLASP1",745,"NBEA",-0.00962566844919786,FALSE,NA
"Control","CLASP1",745,"NCKAP5",-0.0101343389111478,FALSE,NA
"Control","CLASP1",745,"NCOA2",0.0234042553191489,FALSE,"[0,0.1]"
"Control","CLASP1",745,"NCOA3",0.0117252931323283,FALSE,"[0,0.1]"
"Control","CLASP1",745,"NEDD4L",0.00615006150061501,FALSE,"[0,0.1]"
"Control","CLASP1",745,"NEK7",-0.00742574257425743,FALSE,NA
"Control","CLASP1",745,"NFAT5",-0.00231481481481481,FALSE,NA
"Control","CLASP1",745,"NFIA",-0.00126782884310618,FALSE,NA
"Control","CLASP1",745,"NFKB1",-0.0121951219512195,FALSE,NA
"Control","CLASP1",745,"NHSL1",0.00293994120117598,FALSE,"[0,0.1]"
"Control","CLASP1",745,"NIPBL",-0.0046583850931677,FALSE,NA
"Control","CLASP1",745,"NPAS3",0.00118028917084686,FALSE,"[0,0.1]"
"Control","CLASP1",745,"NPL",0.0902255639097745,FALSE,"[0,0.1]"
"Control","CLASP1",745,"NR3C1",0.0124069478908189,FALSE,"[0,0.1]"
"Control","CLASP1",745,"NR3C2",0.0490196078431373,FALSE,"[0,0.1]"
"Control","CLASP1",745,"NSMCE2",0.0033112582781457,FALSE,"[0,0.1]"
"Control","CLASP1",745,"NUMB",7.00000000000003,FALSE,NA
"Control","CLASP1",745,"OSBPL1A",0.0240818783865141,FALSE,"[0,0.1]"
"Control","CLASP1",745,"OSBPL8",0.0121212121212121,FALSE,"[0,0.1]"
"Control","CLASP1",745,"OXR1",0.00747663551401869,FALSE,"[0,0.1]"
"Control","CLASP1",745,"P4HA1",-0.00837742504409171,FALSE,NA
"Control","CLASP1",745,"PACS1",-0.0163265306122449,FALSE,NA
"Control","CLASP1",745,"PAN3",0.0625,FALSE,"[0,0.1]"
"Control","CLASP1",745,"PARP8",0.00146305779078274,FALSE,"[0,0.1]"
"Control","CLASP1",745,"PBX3",0.0104529616724739,FALSE,"[0,0.1]"
"Control","CLASP1",745,"PCCA",0.0166358595194085,FALSE,"[0,0.1]"
"Control","CLASP1",745,"PCDH9",-0.0841121495327103,FALSE,NA
"Control","CLASP1",745,"PCM1",-0.0049973698053656,FALSE,NA
"Control","CLASP1",745,"PDE3B",-0.00612691466083151,FALSE,NA
"Control","CLASP1",745,"PDE4B",-0.0269360269360269,FALSE,NA
"Control","CLASP1",745,"PDE8A",-0.00944981100377992,FALSE,NA
"Control","CLASP1",745,"PDGFC",0.00321672698029755,FALSE,"[0,0.1]"
"Control","CLASP1",745,"PDS5B",0.00689655172413793,FALSE,"[0,0.1]"
"Control","CLASP1",745,"PEAK1",-0.00299815498154982,FALSE,NA
"Control","CLASP1",745,"PECAM1",0.0136054421768707,FALSE,"[0,0.1]"
"Control","CLASP1",745,"PELI1",-0.32183908045977,FALSE,NA
"Control","CLASP1",745,"PELI2",-0.00145560407569141,FALSE,NA
"Control","CLASP1",745,"PHC2",0.00293685756240822,FALSE,"[0,0.1]"
"Control","CLASP1",745,"PHC3",0.0177514792899408,FALSE,"[0,0.1]"
"Control","CLASP1",745,"PHF21A",0.00657894736842105,FALSE,"[0,0.1]"
"Control","CLASP1",745,"PIAS1",0.00642398286937901,FALSE,"[0,0.1]"
"Control","CLASP1",745,"PICALM",0.0096514745308311,FALSE,"[0,0.1]"
"Control","CLASP1",745,"PIK3R5",0.00909090909090909,FALSE,"[0,0.1]"
"Control","CLASP1",745,"PIP4K2A",-0.000620655412115194,FALSE,NA
"Control","CLASP1",745,"PLCL1",-0.00340909090909091,FALSE,NA
"Control","CLASP1",745,"PLCL2",0.00741427247451344,FALSE,"[0,0.1]"
"Control","CLASP1",745,"PLSCR1",-0.0365448504983389,FALSE,NA
"Control","CLASP1",745,"PNISR",0.011826544021025,FALSE,"[0,0.1]"
"Control","CLASP1",745,"PPP1R12A",0.0055452865064695,FALSE,"[0,0.1]"
"Control","CLASP1",745,"PPP3CA",0.00394088669950739,FALSE,"[0,0.1]"
"Control","CLASP1",745,"PRKAG2",-0.017632241813602,FALSE,NA
"Control","CLASP1",745,"PRKCE",-0.00267379679144385,FALSE,NA
"Control","CLASP1",745,"PSMA1",-0.00630517023959647,FALSE,NA
"Control","CLASP1",745,"PTK2",-0.00509365757476175,FALSE,NA
"Control","CLASP1",745,"PTPRG",0.000648088139987038,FALSE,"[0,0.1]"
"Control","CLASP1",745,"PTPRM",-0.00671140939597316,FALSE,NA
"Control","CLASP1",745,"QKI",-0.0217785843920145,FALSE,NA
"Control","CLASP1",745,"RAB10",0.0051413881748072,FALSE,"[0,0.1]"
"Control","CLASP1",745,"RABGAP1L",0.5,FALSE,"(0.5,0.6]"
"Control","CLASP1",745,"RALGAPA2",0.0192307692307692,FALSE,"[0,0.1]"
"Control","CLASP1",745,"RAP1A",-0.00469483568075117,FALSE,NA
"Control","CLASP1",745,"RAPGEF2",0.024390243902439,FALSE,"[0,0.1]"
"Control","CLASP1",745,"RAPGEF6",-0.00603235536057033,FALSE,NA
"Control","CLASP1",745,"RBMS1",0.00211920529801325,FALSE,"[0,0.1]"
"Control","CLASP1",745,"RBPJ",-0.00494329747019482,FALSE,NA
"Control","CLASP1",745,"RCSD1",-0.000685871056241427,FALSE,NA
"Control","CLASP1",745,"RERE",-0.00357258850276064,FALSE,NA
"Control","CLASP1",745,"REV3L",-0.00202101859337106,FALSE,NA
"Control","CLASP1",745,"RFX3",-0.0114583333333333,FALSE,NA
"Control","CLASP1",745,"RICTOR",-0.00173654180104193,FALSE,NA
"Control","CLASP1",745,"RIN2",0.0173228346456693,FALSE,"[0,0.1]"
"Control","CLASP1",745,"RNF13",0.0245098039215686,FALSE,"[0,0.1]"
"Control","CLASP1",745,"RNF144B",-0.0132299270072993,FALSE,NA
"Control","CLASP1",745,"RNF149",-0.0166320166320166,FALSE,NA
"Control","CLASP1",745,"ROCK1",0.00786369593709043,FALSE,"[0,0.1]"
"Control","CLASP1",745,"RTN4",0.000871080139372822,FALSE,"[0,0.1]"
"Control","CLASP1",745,"SAMD12",-0.00277606415792721,FALSE,NA
"Control","CLASP1",745,"SBF2",-0.00404448938321537,FALSE,NA
"Control","CLASP1",745,"SCAF11",-0.0134228187919463,FALSE,NA
"Control","CLASP1",745,"SDCCAG8",-0.000862812769628991,FALSE,NA
"Control","CLASP1",745,"SDK1",-0.0416666666666667,FALSE,NA
"Control","CLASP1",745,"SEC14L1",-0.00826104915324246,FALSE,NA
"Control","CLASP1",745,"SENP6",0.0288461538461539,FALSE,"[0,0.1]"
"Control","CLASP1",745,"SGK1",-0.00351413292589763,FALSE,NA
"Control","CLASP1",745,"SGK3",-0.00156845171409366,FALSE,NA
"Control","CLASP1",745,"SGMS1",0.00178731009830206,FALSE,"[0,0.1]"
"Control","CLASP1",745,"SH3KBP1",0.0333333333333333,FALSE,"[0,0.1]"
"Control","CLASP1",745,"SIK3",-0.00141259564449676,FALSE,NA
"Control","CLASP1",745,"SKAP2",0.416666666666666,FALSE,"(0.4,0.5]"
"Control","CLASP1",745,"SLC22A23",-0.00373034905409006,FALSE,NA
"Control","CLASP1",745,"SLC25A13",-0.00543232231779086,FALSE,NA
"Control","CLASP1",745,"SLC39A11",-0.00274851122308749,FALSE,NA
"Control","CLASP1",745,"SLC44A1",0.000274197970935015,FALSE,"[0,0.1]"
"Control","CLASP1",745,"SLC4A7",0.0576923076923077,FALSE,"[0,0.1]"
"Control","CLASP1",745,"SLC8A1",0.00317460317460317,FALSE,"[0,0.1]"
"Control","CLASP1",745,"SLC9A9",-0.00251937984496124,FALSE,NA
"Control","CLASP1",745,"SMAD2",0.235294117647059,FALSE,"(0.2,0.3]"
"Control","CLASP1",745,"SMAP2",-0.00416666666666667,FALSE,NA
"Control","CLASP1",745,"SMCHD1",-0.0126782884310618,FALSE,NA
"Control","CLASP1",745,"SMYD3",0.00144508670520231,FALSE,"[0,0.1]"
"Control","CLASP1",745,"SNCA",0.00188087774294671,FALSE,"[0,0.1]"
"Control","CLASP1",745,"SND1",0.000902527075812274,FALSE,"[0,0.1]"
"Control","CLASP1",745,"SNX13",0.00866089273817455,FALSE,"[0,0.1]"
"Control","CLASP1",745,"SORT1",-0.00108636610537751,FALSE,NA
"Control","CLASP1",745,"SOS1",0.0650406504065041,FALSE,"[0,0.1]"
"Control","CLASP1",745,"SPECC1",0.025830258302583,FALSE,"[0,0.1]"
"Control","CLASP1",745,"SPIDR",-0.00713719270420301,FALSE,NA
"Control","CLASP1",745,"SPIRE1",0.0010498687664042,FALSE,"[0,0.1]"
"Control","CLASP1",745,"SPPL3",0.00671140939597315,FALSE,"[0,0.1]"
"Control","CLASP1",745,"SPTLC2",0.0133410672853828,FALSE,"[0,0.1]"
"Control","CLASP1",745,"SRGAP1",-0.00611620795107034,FALSE,NA
"Control","CLASP1",745,"SRGAP2B",-0.0147630147630148,FALSE,NA
"Control","CLASP1",745,"SRPK2",-0.00168350168350168,FALSE,NA
"Control","CLASP1",745,"SSBP2",0.00175361683472161,FALSE,"[0,0.1]"
"Control","CLASP1",745,"ST18",0.0013024225058609,FALSE,"[0,0.1]"
"Control","CLASP1",745,"ST6GALNAC3",-0.0152505446623094,FALSE,NA
"Control","CLASP1",745,"ST8SIA4",0.00499500499500499,FALSE,"[0,0.1]"
"Control","CLASP1",745,"STARD13",-0.000983477576711251,FALSE,NA
"Control","CLASP1",745,"STAU2",0.00808314087759815,FALSE,"[0,0.1]"
"Control","CLASP1",745,"STK3",-0.0103092783505155,FALSE,NA
"Control","CLASP1",745,"STX7",-0.00689655172413793,FALSE,NA
"Control","CLASP1",745,"SUCLG2",0.00576368876080692,FALSE,"[0,0.1]"
"Control","CLASP1",745,"SUPT3H",-0.00647249190938511,FALSE,NA
"Control","CLASP1",745,"TAB2",0.0151515151515152,FALSE,"[0,0.1]"
"Control","CLASP1",745,"TANC2",0.00825309491059147,FALSE,"[0,0.1]"
"Control","CLASP1",745,"TANK",-0.00114942528735632,FALSE,NA
"Control","CLASP1",745,"TAOK3",0.0280373831775701,FALSE,"[0,0.1]"
"Control","CLASP1",745,"TBC1D1",0.0137524557956778,FALSE,"[0,0.1]"
"Control","CLASP1",745,"TBC1D4",0.0177595628415301,FALSE,"[0,0.1]"
"Control","CLASP1",745,"TBC1D5",0.00277557494052339,FALSE,"[0,0.1]"
"Control","CLASP1",745,"TBL1XR1",4.99999999999997,FALSE,NA
"Control","CLASP1",745,"TCF12",-0.00610997963340122,FALSE,NA
"Control","CLASP1",745,"TET2",-0.00890207715133531,FALSE,NA
"Control","CLASP1",745,"TFEC",0.0019723865877712,FALSE,"[0,0.1]"
"Control","CLASP1",745,"TGFBR2",0.0184287099903007,FALSE,"[0,0.1]"
"Control","CLASP1",745,"TLR2",0.00099304865938431,FALSE,"[0,0.1]"
"Control","CLASP1",745,"TMEM65",0.00343642611683849,FALSE,"[0,0.1]"
"Control","CLASP1",745,"TMTC2",0.000713097218920846,FALSE,"[0,0.1]"
"Control","CLASP1",745,"TNRC6B",0.0378071833648393,FALSE,"[0,0.1]"
"Control","CLASP1",745,"TPRG1",0.00348432055749129,FALSE,"[0,0.1]"
"Control","CLASP1",745,"TRAPPC9",0.00869565217391304,FALSE,"[0,0.1]"
"Control","CLASP1",745,"TRIO",0.0028169014084507,FALSE,"[0,0.1]"
"Control","CLASP1",745,"TRIP12",-0.00591715976331361,FALSE,NA
"Control","CLASP1",745,"TRPS1",0.000725163161711385,FALSE,"[0,0.1]"
"Control","CLASP1",745,"TTC3",-0.00698812019566736,FALSE,NA
"Control","CLASP1",745,"TXNIP",0.0439276485788114,FALSE,"[0,0.1]"
"Control","CLASP1",745,"UBE2E1",-0.0175438596491228,FALSE,NA
"Control","CLASP1",745,"UBE2E2",0.0043859649122807,FALSE,"[0,0.1]"
"Control","CLASP1",745,"UBR5",-0.00210526315789474,FALSE,NA
"Control","CLASP1",745,"UBXN2B",-0.0549828178694158,FALSE,NA
"Control","CLASP1",745,"UMAD1",0.00943396226415094,FALSE,"[0,0.1]"
"Control","CLASP1",745,"USP15",-0.00532859680284192,FALSE,NA
"Control","CLASP1",745,"USP34",0.00861244019138756,FALSE,"[0,0.1]"
"Control","CLASP1",745,"USP53",0.000862812769628991,FALSE,"[0,0.1]"
"Control","CLASP1",745,"UTRN",0.00689655172413793,FALSE,"[0,0.1]"
"Control","CLASP1",745,"UTY",0.0157680569684639,FALSE,"[0,0.1]"
"Control","CLASP1",745,"VMP1",0.00464037122969838,FALSE,"[0,0.1]"
"Control","CLASP1",745,"VPS13C",-0.00746268656716418,FALSE,NA
"Control","CLASP1",745,"VPS8",0.00338600451467269,FALSE,"[0,0.1]"
"Control","CLASP1",745,"VTI1A",-0.043859649122807,FALSE,NA
"Control","CLASP1",745,"WDFY2",0.05,FALSE,"[0,0.1]"
"Control","CLASP1",745,"WIPF1",0.00645161290322581,FALSE,"[0,0.1]"
"Control","CLASP1",745,"WNK1",-0.00138121546961326,FALSE,NA
"Control","CLASP1",745,"WSB1",-0.00235143223599829,FALSE,NA
"Control","CLASP1",745,"WWOX",-0.0119641076769691,FALSE,NA
"Control","CLASP1",745,"XPR1",0.01171875,FALSE,"[0,0.1]"
"Control","CLASP1",745,"ZBTB16",-0.00288933834151979,FALSE,NA
"Control","CLASP1",745,"ZBTB20",-0.00191484568596531,FALSE,NA
"Control","CLASP1",745,"ZEB2",0.00036941263391208,FALSE,"[0,0.1]"
"Control","CLASP1",745,"ZFPM2-AS1",0.0145118733509235,FALSE,"[0,0.1]"
"Control","CLASP1",745,"ZMAT3",0.0258620689655172,FALSE,"[0,0.1]"
"Control","CLASP1",745,"ZNF148",0.00943396226415094,FALSE,"[0,0.1]"
"Control","CLASP1",745,"ZNF292",-0.00390625,FALSE,NA
"Control","CLASP1",745,"ZNF609",0.0454545454545454,FALSE,"[0,0.1]"
"Control","CLASP1",745,"ZNF638",-0.000910036401456058,FALSE,NA
"Control","CLASP1",745,"ZSWIM6",-0.107368421052632,FALSE,NA
"Control","GRB2",745,"AAK1",-0.0066006600660066,FALSE,NA
"Control","GRB2",745,"ABCA1",-0.00886075949367089,FALSE,NA
"Control","GRB2",745,"AC007262.2",-0.0058055152394775,FALSE,NA
"Control","GRB2",745,"ACSL4",0.00680272108843537,FALSE,"[0,0.1]"
"Control","GRB2",745,"ACYP2",-0.003035413153457,FALSE,NA
"Control","GRB2",745,"ADK",-0.0246478873239437,FALSE,NA
"Control","GRB2",745,"AFF1",-0.00713719270420301,FALSE,NA
"Control","GRB2",745,"AKAP13",-0.0031616982836495,FALSE,NA
"Control","GRB2",745,"AKT3",-0.0153846153846154,FALSE,NA
"Control","GRB2",745,"AL035446.2",0.0511627906976744,FALSE,"[0,0.1]"
"Control","GRB2",745,"AL163541.1",0.0175913396481732,FALSE,"[0,0.1]"
"Control","GRB2",745,"AL392172.2",-0.00866551126516465,FALSE,NA
"Control","GRB2",745,"ALCAM",-0.00463616206409998,FALSE,NA
"Control","GRB2",745,"ANK2",0.0246913580246914,FALSE,"[0,0.1]"
"Control","GRB2",745,"ANKRD12",-0.00143595634692705,FALSE,NA
"Control","GRB2",745,"ANKRD17",-0.00411764705882353,FALSE,NA
"Control","GRB2",745,"ANKRD44",-0.0129032258064516,FALSE,NA
"Control","GRB2",745,"AOAH",0.00473186119873817,FALSE,"[0,0.1]"
"Control","GRB2",745,"AP001977.1",-0.00463678516228748,FALSE,NA
"Control","GRB2",745,"AP3B1",-0.0009765625,FALSE,NA
"Control","GRB2",745,"APOE",-0.0421455938697318,FALSE,NA
"Control","GRB2",745,"ARHGAP15",0.000458715596330275,FALSE,"[0,0.1]"
"Control","GRB2",745,"ARHGAP18",-0.00506033476060724,FALSE,NA
"Control","GRB2",745,"ARHGAP21",-0.00333804082680704,FALSE,NA
"Control","GRB2",745,"ARHGAP24",-0.0158730158730159,FALSE,NA
"Control","GRB2",745,"ARHGAP6",-0.00493150684931507,FALSE,NA
"Control","GRB2",745,"ARID2",-0.0526315789473684,FALSE,NA
"Control","GRB2",745,"ARID4B",0.0061022120518688,FALSE,"[0,0.1]"
"Control","GRB2",745,"ARL15",-0.00263852242744063,FALSE,NA
"Control","GRB2",745,"ASAP1",-0.00377969762419006,FALSE,NA
"Control","GRB2",745,"ASCC3",-0.00625,FALSE,NA
"Control","GRB2",745,"ASH1L",-0.00405679513184584,FALSE,NA
"Control","GRB2",745,"ASTN2",-0.00332225913621262,FALSE,NA
"Control","GRB2",745,"ATF6",0.0258064516129032,FALSE,"[0,0.1]"
"Control","GRB2",745,"ATG7",-0.00790067720090293,FALSE,NA
"Control","GRB2",745,"ATM",-0.0714285714285714,FALSE,NA
"Control","GRB2",745,"ATRX",-0.0184331797235023,FALSE,NA
"Control","GRB2",745,"ATXN1",-0.00225861095426313,FALSE,NA
"Control","GRB2",745,"BAZ2B",-0.00186567164179104,FALSE,NA
"Control","GRB2",745,"BBS9",-0.00892003822873527,FALSE,NA
"Control","GRB2",745,"BBX",-0.00104602510460251,FALSE,NA
"Control","GRB2",745,"BCAS3",-0.00198609731876862,FALSE,NA
"Control","GRB2",745,"BLNK",-0.0015552099533437,FALSE,NA
"Control","GRB2",745,"BNC2",-0.0103092783505155,FALSE,NA
"Control","GRB2",745,"BPTF",-0.00100050025012506,FALSE,NA
"Control","GRB2",745,"BRAF",-0.00319829424307036,FALSE,NA
"Control","GRB2",745,"BRWD1",-0.0074280408542247,FALSE,NA
"Control","GRB2",745,"BTBD9",0.0037202380952381,FALSE,"[0,0.1]"
"Control","GRB2",745,"C1QB",-0.0257575757575758,FALSE,NA
"Control","GRB2",745,"C20orf194",-0.00855855855855856,FALSE,NA
"Control","GRB2",745,"CAB39",0.00576923076923077,FALSE,"[0,0.1]"
"Control","GRB2",745,"CADM1",-0.00780880265026029,FALSE,NA
"Control","GRB2",745,"CAMK2D",-0.00980392156862745,FALSE,NA
"Control","GRB2",745,"CAMKMT",-0.0555555555555556,FALSE,NA
"Control","GRB2",745,"CCDC26",-0.00704225352112676,FALSE,NA
"Control","GRB2",745,"CCDC88A",-0.00228343085485943,FALSE,NA
"Control","GRB2",745,"CCND3",-0.0133029266438616,FALSE,NA
"Control","GRB2",745,"CCNH",0.00121300339640951,FALSE,"[0,0.1]"
"Control","GRB2",745,"CCNY",0.0148148148148148,FALSE,"[0,0.1]"
"Control","GRB2",745,"CD163",-0.0037962037962038,FALSE,NA
"Control","GRB2",745,"CD86",-0.00639097744360902,FALSE,NA
"Control","GRB2",745,"CDK14",-0.00278551532033426,FALSE,NA
"Control","GRB2",745,"CDK19",-0.00538687561214496,FALSE,NA
"Control","GRB2",745,"CDK6",-0.00857843137254902,FALSE,NA
"Control","GRB2",745,"CDKAL1",-0.0285714285714286,FALSE,NA
"Control","GRB2",745,"CELF2",-0.00314748201438849,FALSE,NA
"Control","GRB2",745,"CEP350",-0.0102739726027397,FALSE,NA
"Control","GRB2",745,"CFLAR",-0.0069052102950408,FALSE,NA
"Control","GRB2",745,"CHD2",-0.00581395348837209,FALSE,NA
"Control","GRB2",745,"CHST15",-0.00378787878787879,FALSE,NA
"Control","GRB2",745,"CHSY3",0.00819672131147541,FALSE,"[0,0.1]"
"Control","GRB2",745,"CLASP2",-0.00340775558166863,FALSE,NA
"Control","GRB2",745,"CMSS1",-0.0055045871559633,FALSE,NA
"Control","GRB2",745,"COG5",-0.121212121212121,FALSE,NA
"Control","GRB2",745,"COP1",-0.0374331550802139,FALSE,NA
"Control","GRB2",745,"CPED1",-0.00074019245003701,FALSE,NA
"Control","GRB2",745,"CPM",-0.00524475524475524,FALSE,NA
"Control","GRB2",745,"CPQ",-0.0138504155124654,FALSE,NA
"Control","GRB2",745,"CR1",-0.00375782881002088,FALSE,NA
"Control","GRB2",745,"CRADD",0.00727272727272727,FALSE,"[0,0.1]"
"Control","GRB2",745,"CSGALNACT1",-0.00344408427876823,FALSE,NA
"Control","GRB2",745,"CSNK1A1",-0.00830564784053156,FALSE,NA
"Control","GRB2",745,"CTTNBP2",0.00854700854700855,FALSE,"[0,0.1]"
"Control","GRB2",745,"CYBB",-0.00460829493087558,FALSE,NA
"Control","GRB2",745,"DCAF6",-0.0444444444444444,FALSE,NA
"Control","GRB2",745,"DDX17",-0.00522193211488251,FALSE,NA
"Control","GRB2",745,"DDX5",-0.00225660863958736,FALSE,NA
"Control","GRB2",745,"DENND1A",-0.0110041265474553,FALSE,NA
"Control","GRB2",745,"DIAPH2",-0.027027027027027,FALSE,NA
"Control","GRB2",745,"DIP2B",-0.00283386468296139,FALSE,NA
"Control","GRB2",745,"DIRC3",-0.00473405736563631,FALSE,NA
"Control","GRB2",745,"DISP1",-0.00581170089112747,FALSE,NA
"Control","GRB2",745,"DLEU2",-0.000939408172851104,FALSE,NA
"Control","GRB2",745,"DLG1",-0.00388443797038116,FALSE,NA
"Control","GRB2",745,"DLG2",-0.00597193191997611,FALSE,NA
"Control","GRB2",745,"DMXL2",-0.00696864111498258,FALSE,NA
"Control","GRB2",745,"DOCK10",-0.00553049046718091,FALSE,NA
"Control","GRB2",745,"DOCK2",-0.00431654676258993,FALSE,NA
"Control","GRB2",745,"DOCK5",-0.00429704715733803,FALSE,NA
"Control","GRB2",745,"DOCK8",-0.00594059405940594,FALSE,NA
"Control","GRB2",745,"DPYD",-0.00360786265240109,FALSE,NA
"Control","GRB2",745,"DST",-0.00320958596341072,FALSE,NA
"Control","GRB2",745,"DTNA",0.000359324469996407,FALSE,"[0,0.1]"
"Control","GRB2",745,"DYM",-0.00462962962962963,FALSE,NA
"Control","GRB2",745,"EDA",-0.00574712643678161,FALSE,NA
"Control","GRB2",745,"EEF1A1",-0.0675675675675676,FALSE,NA
"Control","GRB2",745,"EIF4G3",0.00289771080846132,FALSE,"[0,0.1]"
"Control","GRB2",745,"ELF1",-0.00371747211895911,FALSE,NA
"Control","GRB2",745,"ELMO1",-0.00310834813499112,FALSE,NA
"Control","GRB2",745,"EPS15",-0.00412133201450709,FALSE,NA
"Control","GRB2",745,"ERBIN",-0.00425627240143369,FALSE,NA
"Control","GRB2",745,"ERC1",-0.00801068090787717,FALSE,NA
"Control","GRB2",745,"EVI5",-0.0127272727272727,FALSE,NA
"Control","GRB2",745,"EVL",-0.0476190476190476,FALSE,NA
"Control","GRB2",745,"EXOC4",-0.0107758620689655,FALSE,NA
"Control","GRB2",745,"EXOC6B",-0.00360144057623049,FALSE,NA
"Control","GRB2",745,"F13A1",-0.00364109232769831,FALSE,NA
"Control","GRB2",745,"FAF1",0.00176159718144451,FALSE,"[0,0.1]"
"Control","GRB2",745,"FAM135A",-0.0271739130434783,FALSE,NA
"Control","GRB2",745,"FAM13A",-0.00177777777777778,FALSE,NA
"Control","GRB2",745,"FAM149A",-0.00315457413249211,FALSE,NA
"Control","GRB2",745,"FAM168A",-0.00807754442649435,FALSE,NA
"Control","GRB2",745,"FAM49A",0.00515463917525773,FALSE,"[0,0.1]"
"Control","GRB2",745,"FAR2",0.00526315789473684,FALSE,"[0,0.1]"
"Control","GRB2",745,"FARS2",-0.00865800865800866,FALSE,NA
"Control","GRB2",745,"FBXO11",-0.0173913043478261,FALSE,NA
"Control","GRB2",745,"FCHO2",-0.00221729490022173,FALSE,NA
"Control","GRB2",745,"FCHSD2",-0.00229357798165138,FALSE,NA
"Control","GRB2",745,"FER",-0.00476514635806671,FALSE,NA
"Control","GRB2",745,"FGD4",-0.00470588235294118,FALSE,NA
"Control","GRB2",745,"FHIT",-0.00244498777506112,FALSE,NA
"Control","GRB2",745,"FKBP5",-0.00136798905608755,FALSE,NA
"Control","GRB2",745,"FLI1",-0.0139664804469274,FALSE,NA
"Control","GRB2",745,"FMN1",-0.00206558223599277,FALSE,NA
"Control","GRB2",745,"FMNL2",-0.00331736085514191,FALSE,NA
"Control","GRB2",745,"FNDC3A",-0.0163934426229508,FALSE,NA
"Control","GRB2",745,"FNIP1",-0.00816548720740337,FALSE,NA
"Control","GRB2",745,"FOXN3",-0.00894454382826476,FALSE,NA
"Control","GRB2",745,"FOXO3",-0.0116029222174474,FALSE,NA
"Control","GRB2",745,"FOXP1",-0.0137125444388014,FALSE,NA
"Control","GRB2",745,"FRMD4B",-0.00285947712418301,FALSE,NA
"Control","GRB2",745,"FRYL",-0.005175983436853,FALSE,NA
"Control","GRB2",745,"FTH1",-0.00462487153134635,FALSE,NA
"Control","GRB2",745,"FTO",-0.0126582278481013,FALSE,NA
"Control","GRB2",745,"FTX",-0.00302571860816944,FALSE,NA
"Control","GRB2",745,"GAB1",-0.00427028384827933,FALSE,NA
"Control","GRB2",745,"GALNT10",0.0212765957446809,FALSE,"[0,0.1]"
"Control","GRB2",745,"GALNTL6",-0.00365853658536585,FALSE,NA
"Control","GRB2",745,"GLDN",-0.00859598853868195,FALSE,NA
"Control","GRB2",745,"GNAQ",-0.0208333333333333,FALSE,NA
"Control","GRB2",745,"GOLGA4",0.474747474747475,FALSE,"(0.4,0.5]"
"Control","GRB2",745,"GPHN",-0.00371747211895911,FALSE,NA
"Control","GRB2",745,"GPNMB",-0.0898876404494382,FALSE,NA
"Control","GRB2",745,"GPRIN3",-0.00623052959501558,FALSE,NA
"Control","GRB2",745,"GRID2",-0.0597014925373134,FALSE,NA
"Control","GRB2",745,"GRK3",-0.0387931034482759,FALSE,NA
"Control","GRB2",745,"GSAP",-0.0123762376237624,FALSE,NA
"Control","GRB2",745,"GSK3B",-0.0101010101010101,FALSE,NA
"Control","GRB2",745,"GTDC1",-0.00188893086513034,FALSE,NA
"Control","GRB2",745,"HCLS1",-0.00574712643678161,FALSE,NA
"Control","GRB2",745,"HDAC9",-0.00735764555342291,FALSE,NA
"Control","GRB2",745,"HELZ",-0.0052434456928839,FALSE,NA
"Control","GRB2",745,"HERC1",-0.00359066427289048,FALSE,NA
"Control","GRB2",745,"HNRNPA2B1",0.00379362670713202,FALSE,"[0,0.1]"
"Control","GRB2",745,"HNRNPC",-0.015625,FALSE,NA
"Control","GRB2",745,"HNRNPU",0.0058115400581154,FALSE,"[0,0.1]"
"Control","GRB2",745,"HS3ST4",-0.00942951438000943,FALSE,NA
"Control","GRB2",745,"HSP90AA1",-0.0124137931034483,FALSE,NA
"Control","GRB2",745,"IFI44L",0.00290697674418605,FALSE,"[0,0.1]"
"Control","GRB2",745,"IFNGR1",-0.0636550308008213,FALSE,NA
"Control","GRB2",745,"IFNGR2",-0.00772626931567329,FALSE,NA
"Control","GRB2",745,"IGF1R",-0.00700770847932726,FALSE,NA
"Control","GRB2",745,"IL10RA",-0.00681114551083591,FALSE,NA
"Control","GRB2",745,"IQCJ-SCHIP1",-0.0031055900621118,FALSE,NA
"Control","GRB2",745,"IQGAP2",-0.00712830957230143,FALSE,NA
"Control","GRB2",745,"IRAK3",-0.00440852314474651,FALSE,NA
"Control","GRB2",745,"IRS2",-0.0037202380952381,FALSE,NA
"Control","GRB2",745,"ITFG1",-0.0012453300124533,FALSE,NA
"Control","GRB2",745,"ITPR1",-0.16,FALSE,NA
"Control","GRB2",745,"ITPR2",0.0490956072351421,FALSE,"[0,0.1]"
"Control","GRB2",745,"JAK1",-0.0215716486902928,FALSE,NA
"Control","GRB2",745,"JARID2",-0.0193423597678917,FALSE,NA
"Control","GRB2",745,"JMJD1C",-0.0044529262086514,FALSE,NA
"Control","GRB2",745,"KANSL1",-0.0202702702702703,FALSE,NA
"Control","GRB2",745,"KCNK13",-0.0129533678756477,FALSE,NA
"Control","GRB2",745,"KCNMA1",-0.0495283018867925,FALSE,NA
"Control","GRB2",745,"KDM2A",-0.0177514792899408,FALSE,NA
"Control","GRB2",745,"KDM4C",-0.0045271629778672,FALSE,NA
"Control","GRB2",745,"KIAA1109",-0.005,FALSE,NA
"Control","GRB2",745,"KYNU",-0.0048780487804878,FALSE,NA
"Control","GRB2",745,"L3MBTL4",-0.0102622576966933,FALSE,NA
"Control","GRB2",745,"LCOR",-0.0909090909090909,FALSE,NA
"Control","GRB2",745,"LCORL",-0.0104529616724739,FALSE,NA
"Control","GRB2",745,"LINC00278",-0.0184977578475336,FALSE,NA
"Control","GRB2",745,"LINC01473",-0.00664893617021277,FALSE,NA
"Control","GRB2",745,"LNCAROD",-0.00191570881226054,FALSE,NA
"Control","GRB2",745,"LPP",-0.00286532951289398,FALSE,NA
"Control","GRB2",745,"LRBA",-0.0416666666666667,FALSE,NA
"Control","GRB2",745,"LRCH1",-0.437500000000001,FALSE,NA
"Control","GRB2",745,"LRRC8D",-0.0338983050847458,FALSE,NA
"Control","GRB2",745,"LRRK2",-0.011166253101737,FALSE,NA
"Control","GRB2",745,"LYST",-0.00560747663551402,FALSE,NA
"Control","GRB2",745,"MACF1",-0.000406256347755434,FALSE,NA
"Control","GRB2",745,"MACROD2",0.00173210161662818,FALSE,"[0,0.1]"
"Control","GRB2",745,"MAF",-0.0138036809815951,FALSE,NA
"Control","GRB2",745,"MALAT1",0.025377969762419,FALSE,"[0,0.1]"
"Control","GRB2",745,"MAML2",0.00445009535918627,FALSE,"[0,0.1]"
"Control","GRB2",745,"MAML3",-0.00434782608695652,FALSE,NA
"Control","GRB2",745,"MAN1A1",-0.00459194322688374,FALSE,NA
"Control","GRB2",745,"MAN1C1",-0.00865800865800866,FALSE,NA
"Control","GRB2",745,"MAN2A1",-0.00483690933895572,FALSE,NA
"Control","GRB2",745,"MANBA",-0.437499999999999,FALSE,NA
"Control","GRB2",745,"MAP3K5",-0.0126874279123414,FALSE,NA
"Control","GRB2",745,"MAP4K4",-0.0202312138728324,FALSE,NA
"Control","GRB2",745,"MARCH1",0.0144262295081967,FALSE,"[0,0.1]"
"Control","GRB2",745,"MBD5",0.00377833753148615,FALSE,"[0,0.1]"
"Control","GRB2",745,"MBNL1",-0.0122950819672131,FALSE,NA
"Control","GRB2",745,"MBNL2",-0.0049047564731379,FALSE,NA
"Control","GRB2",745,"MBP",-0.00428217263917061,FALSE,NA
"Control","GRB2",745,"MED13L",-0.00846262341325811,FALSE,NA
"Control","GRB2",745,"MERTK",-0.00294985250737463,FALSE,NA
"Control","GRB2",745,"MIR181A1HG",0.0493273542600897,FALSE,"[0,0.1]"
"Control","GRB2",745,"MIR99AHG",0.0017921146953405,FALSE,"[0,0.1]"
"Control","GRB2",745,"MITF",-0.00892193308550186,FALSE,NA
"Control","GRB2",745,"MKLN1",-0.0285714285714286,FALSE,NA
"Control","GRB2",745,"MS4A4A",-0.00501410216233156,FALSE,NA
"Control","GRB2",745,"MS4A6A",-0.00655737704918033,FALSE,NA
"Control","GRB2",745,"MSR1",-0.00845803513337671,FALSE,NA
"Control","GRB2",745,"MTHFD1L",-0.0091324200913242,FALSE,NA
"Control","GRB2",745,"MTSS1",-0.0062266500622665,FALSE,NA
"Control","GRB2",745,"MVB12B",0.000198098256735341,FALSE,"[0,0.1]"
"Control","GRB2",745,"MYCBP2",-0.0176991150442478,FALSE,NA
"Control","GRB2",745,"MYO1D",-0.00672215108834827,FALSE,NA
"Control","GRB2",745,"MYO1E",-0.00563556668753914,FALSE,NA
"Control","GRB2",745,"MYO5A",-0.00426703372333104,FALSE,NA
"Control","GRB2",745,"N4BP2L2",-0.00357006247609333,FALSE,NA
"Control","GRB2",745,"NAV2",0.0243243243243243,FALSE,"[0,0.1]"
"Control","GRB2",745,"NBEA",-0.00053475935828877,FALSE,NA
"Control","GRB2",745,"NCKAP5",0.00282818760311101,FALSE,"[0,0.1]"
"Control","GRB2",745,"NCOA2",-0.0276595744680851,FALSE,NA
"Control","GRB2",745,"NCOA3",-0.0122836404243439,FALSE,NA
"Control","GRB2",745,"NEDD4L",-0.00738007380073801,FALSE,NA
"Control","GRB2",745,"NEK7",-0.0123762376237624,FALSE,NA
"Control","GRB2",745,"NFAT5",-0.00231481481481481,FALSE,NA
"Control","GRB2",745,"NFIA",-0.00412044374009509,FALSE,NA
"Control","GRB2",745,"NFKB1",0.00609756097560976,FALSE,"[0,0.1]"
"Control","GRB2",745,"NHSL1",-0.00923981520369593,FALSE,NA
"Control","GRB2",745,"NIPBL",-0.0046583850931677,FALSE,NA
"Control","GRB2",745,"NLK",-0.00402850945150294,FALSE,NA
"Control","GRB2",745,"NPAS3",-0.00531130126881086,FALSE,NA
"Control","GRB2",745,"NPL",-0.0827067669172932,FALSE,NA
"Control","GRB2",745,"NR3C1",-0.0124069478908189,FALSE,NA
"Control","GRB2",745,"NR3C2",-0.0588235294117647,FALSE,NA
"Control","GRB2",745,"NSMCE2",-0.00662251655629139,FALSE,NA
"Control","GRB2",745,"NUMB",-5.00000000000002,FALSE,NA
"Control","GRB2",745,"OSBPL1A",-0.0222757375075256,FALSE,NA
"Control","GRB2",745,"OSBPL3",-0.0131291028446389,FALSE,NA
"Control","GRB2",745,"OSBPL8",-0.0181818181818182,FALSE,NA
"Control","GRB2",745,"OXR1",-0.00934579439252336,FALSE,NA
"Control","GRB2",745,"P4HA1",-0.000881834215167549,FALSE,NA
"Control","GRB2",745,"PACS1",0.00816326530612245,FALSE,"[0,0.1]"
"Control","GRB2",745,"PAN3",-0.075,FALSE,NA
"Control","GRB2",745,"PARP8",-0.00512070226773958,FALSE,NA
"Control","GRB2",745,"PBX3",-0.024390243902439,FALSE,NA
"Control","GRB2",745,"PCCA",-0.0166358595194085,FALSE,NA
"Control","GRB2",745,"PCDH9",0.0654205607476636,FALSE,"[0,0.1]"
"Control","GRB2",745,"PCM1",-0.00236717517096265,FALSE,NA
"Control","GRB2",745,"PDE3B",-0.00481400437636761,FALSE,NA
"Control","GRB2",745,"PDE4B",0.0216450216450216,FALSE,"[0,0.1]"
"Control","GRB2",745,"PDE8A",-0.00188996220075598,FALSE,NA
"Control","GRB2",745,"PDGFC",-0.00763972657820667,FALSE,NA
"Control","GRB2",745,"PDS5B",-0.0137931034482759,FALSE,NA
"Control","GRB2",745,"PEAK1",-0.00345940959409594,FALSE,NA
"Control","GRB2",745,"PECAM1",-0.0204081632653061,FALSE,NA
"Control","GRB2",745,"PELI1",0.218390804597701,FALSE,"(0.2,0.3]"
"Control","GRB2",745,"PELI2",-0.00655021834061135,FALSE,NA
"Control","GRB2",745,"PHC2",-0.00146842878120411,FALSE,NA
"Control","GRB2",745,"PHC3",-0.0236686390532544,FALSE,NA
"Control","GRB2",745,"PHF21A",-0.0115131578947368,FALSE,NA
"Control","GRB2",745,"PIAS1",-0.00856531049250535,FALSE,NA
"Control","GRB2",745,"PICALM",-0.0107238605898123,FALSE,NA
"Control","GRB2",745,"PIK3R5",-0.00909090909090909,FALSE,NA
"Control","GRB2",745,"PIP4K2A",-0.00372393247269116,FALSE,NA
"Control","GRB2",745,"PLCL1",-0.00255681818181818,FALSE,NA
"Control","GRB2",745,"PLCL2",-0.0111214087117702,FALSE,NA
"Control","GRB2",745,"PLSCR1",0.0232558139534884,FALSE,"[0,0.1]"
"Control","GRB2",745,"PNISR",-0.011826544021025,FALSE,NA
"Control","GRB2",745,"PPM1L",-0.00338983050847458,FALSE,NA
"Control","GRB2",745,"PPP1R12A",-0.00739371534195933,FALSE,NA
"Control","GRB2",745,"PPP3CA",-0.00788177339901478,FALSE,NA
"Control","GRB2",745,"PRKAG2",-0.00923593618807724,FALSE,NA
"Control","GRB2",745,"PRKCE",-0.00267379679144385,FALSE,NA
"Control","GRB2",745,"PSMA1",-0.00126103404791929,FALSE,NA
"Control","GRB2",745,"PTK2",-0.000657246138678935,FALSE,NA
"Control","GRB2",745,"PTPRG",-0.00453661697990927,FALSE,NA
"Control","GRB2",745,"PTPRM",-0.00167785234899329,FALSE,NA
"Control","GRB2",745,"QKI",0.00604960677555959,FALSE,"[0,0.1]"
"Control","GRB2",745,"RAB10",-0.0057840616966581,FALSE,NA
"Control","GRB2",745,"RABGAP1L",-0.416666666666667,FALSE,NA
"Control","GRB2",745,"RALGAPA2",-0.0192307692307692,FALSE,NA
"Control","GRB2",745,"RAP1A",0.00938967136150235,FALSE,"[0,0.1]"
"Control","GRB2",745,"RAPGEF6",0.00164518782561009,FALSE,"[0,0.1]"
"Control","GRB2",745,"RBM47",-0.00322234156820623,FALSE,NA
"Control","GRB2",745,"RBMS1",-0.00529801324503311,FALSE,NA
"Control","GRB2",745,"RBPJ",-0.00261703983716197,FALSE,NA
"Control","GRB2",745,"RCSD1",-0.0109739368998628,FALSE,NA
"Control","GRB2",745,"RERE",-0.00389736927573888,FALSE,NA
"Control","GRB2",745,"REV3L",-0.00485044462409054,FALSE,NA
"Control","GRB2",745,"RGL1",-0.00449973530968767,FALSE,NA
"Control","GRB2",745,"RICTOR",-0.00396923840238154,FALSE,NA
"Control","GRB2",745,"RIN2",-0.0204724409448819,FALSE,NA
"Control","GRB2",745,"RNF13",-0.0310457516339869,FALSE,NA
"Control","GRB2",745,"RNF144B",-0.00273722627737226,FALSE,NA
"Control","GRB2",745,"RNF149",0.0114345114345114,FALSE,"[0,0.1]"
"Control","GRB2",745,"ROCK1",-0.0104849279161206,FALSE,NA
"Control","GRB2",745,"RTN4",-0.00130662020905923,FALSE,NA
"Control","GRB2",745,"SAMD12",-0.00277606415792721,FALSE,NA
"Control","GRB2",745,"SBF2",-0.00303336703741153,FALSE,NA
"Control","GRB2",745,"SCAF11",0.0134228187919463,FALSE,"[0,0.1]"
"Control","GRB2",745,"SDCCAG8",-0.00474547023295945,FALSE,NA
"Control","GRB2",745,"SDK1",0.0277777777777778,FALSE,"[0,0.1]"
"Control","GRB2",745,"SEC14L1",-0.00578273440726972,FALSE,NA
"Control","GRB2",745,"SENP6",-0.00961538461538462,FALSE,NA
"Control","GRB2",745,"SGK1",-0.00488922841864018,FALSE,NA
"Control","GRB2",745,"SGK3",-0.00358503248935693,FALSE,NA
"Control","GRB2",745,"SGMS1",-0.00565981531128984,FALSE,NA
"Control","GRB2",745,"SH3KBP1",-0.0444444444444444,FALSE,NA
"Control","GRB2",745,"SHTN1",-0.00380181506009321,FALSE,NA
"Control","GRB2",745,"SIK3",-0.00341377280753384,FALSE,NA
"Control","GRB2",745,"SKAP2",0.0833333333333333,FALSE,"[0,0.1]"
"Control","GRB2",745,"SLC22A23",-0.00532907007727152,FALSE,NA
"Control","GRB2",745,"SLC25A13",-0.00135808057944771,FALSE,NA
"Control","GRB2",745,"SLC2A13",-0.0317460317460317,FALSE,NA
"Control","GRB2",745,"SLC39A11",-0.00366468163078333,FALSE,NA
"Control","GRB2",745,"SLC44A1",-0.00383877159309021,FALSE,NA
"Control","GRB2",745,"SLC4A7",-0.0961538461538461,FALSE,NA
"Control","GRB2",745,"SLC8A1",-0.0158730158730159,FALSE,NA
"Control","GRB2",745,"SLC9A9",-0.00329457364341085,FALSE,NA
"Control","GRB2",745,"SMAD2",-0.117647058823529,FALSE,NA
"Control","GRB2",745,"SMAP2",-0.009375,FALSE,NA
"Control","GRB2",745,"SMCHD1",0.00158478605388273,FALSE,"[0,0.1]"
"Control","GRB2",745,"SMYD3",-0.00722543352601156,FALSE,NA
"Control","GRB2",745,"SNCA",-0.00501567398119122,FALSE,NA
"Control","GRB2",745,"SND1",-0.00631768953068592,FALSE,NA
"Control","GRB2",745,"SNX13",-0.0119920053297801,FALSE,NA
"Control","GRB2",745,"SORT1",-0.00380228136882129,FALSE,NA
"Control","GRB2",745,"SOS1",-0.0569105691056911,FALSE,NA
"Control","GRB2",745,"SPECC1",-0.018450184501845,FALSE,NA
"Control","GRB2",745,"SPIRE1",-0.0068241469816273,FALSE,NA
"Control","GRB2",745,"SPPL3",-0.0134228187919463,FALSE,NA
"Control","GRB2",745,"SPTLC2",-0.00812064965197216,FALSE,NA
"Control","GRB2",745,"SRGAP1",0.00169894665307509,FALSE,"[0,0.1]"
"Control","GRB2",745,"SRGAP2B",0.00233100233100233,FALSE,"[0,0.1]"
"Control","GRB2",745,"SRPK2",-0.00336700336700337,FALSE,NA
"Control","GRB2",745,"SSBP2",-0.00745287154756686,FALSE,NA
"Control","GRB2",745,"ST18",-0.00494920552227142,FALSE,NA
"Control","GRB2",745,"ST6GALNAC3",0.00871459694989107,FALSE,"[0,0.1]"
"Control","GRB2",745,"ST8SIA4",-0.00799200799200799,FALSE,NA
"Control","GRB2",745,"STARD13",-0.00472069236821401,FALSE,NA
"Control","GRB2",745,"STAU2",-0.0092378752886836,FALSE,NA
"Control","GRB2",745,"STK3",0.0103092783505155,FALSE,"[0,0.1]"
"Control","GRB2",745,"STX7",-0.00689655172413793,FALSE,NA
"Control","GRB2",745,"SUCLG2",-0.00864553314121037,FALSE,NA
"Control","GRB2",745,"SYK",-0.00322061191626409,FALSE,NA
"Control","GRB2",745,"TAB2",-0.0151515151515152,FALSE,NA
"Control","GRB2",745,"TANC2",-0.0192572214580468,FALSE,NA
"Control","GRB2",745,"TANK",-0.00459770114942529,FALSE,NA
"Control","GRB2",745,"TAOK3",-0.00934579439252337,FALSE,NA
"Control","GRB2",745,"TBC1D1",-0.0117878192534381,FALSE,NA
"Control","GRB2",745,"TBC1D4",-0.0163934426229508,FALSE,NA
"Control","GRB2",745,"TBC1D5",-0.00713719270420301,FALSE,NA
"Control","GRB2",745,"TBL1XR1",-2.99999999999998,FALSE,NA
"Control","GRB2",745,"TBXAS1",-0.00625,FALSE,NA
"Control","GRB2",745,"TCF12",0.00203665987780041,FALSE,"[0,0.1]"
"Control","GRB2",745,"TCF4",-0.011844331641286,FALSE,NA
"Control","GRB2",745,"TFEC",-0.00394477317554241,FALSE,NA
"Control","GRB2",745,"TGFBR2",-0.0126091173617847,FALSE,NA
"Control","GRB2",745,"TLR2",-0.00297914597815293,FALSE,NA
"Control","GRB2",745,"TMEM65",-0.00687285223367698,FALSE,NA
"Control","GRB2",745,"TMTC2",-0.00451628238649869,FALSE,NA
"Control","GRB2",745,"TNRC6B",-0.0453686200378072,FALSE,NA
"Control","GRB2",745,"TPK1",-0.0101010101010101,FALSE,NA
"Control","GRB2",745,"TPRG1",-0.0104529616724739,FALSE,NA
"Control","GRB2",745,"TRAPPC9",-0.00869565217391304,FALSE,NA
"Control","GRB2",745,"TRHDE",-0.00645161290322581,FALSE,NA
"Control","GRB2",745,"TRIO",-0.00845070422535211,FALSE,NA
"Control","GRB2",745,"TRIP12",0.00591715976331361,FALSE,"[0,0.1]"
"Control","GRB2",745,"TRPS1",-0.00652646845540247,FALSE,NA
"Control","GRB2",745,"TTC3",-0.000465874679711158,FALSE,NA
"Control","GRB2",745,"TUT7",-0.0066079295154185,FALSE,NA
"Control","GRB2",745,"TXNIP",-0.0542635658914729,FALSE,NA
"Control","GRB2",745,"UBR5",-0.0126315789473684,FALSE,NA
"Control","GRB2",745,"UBXN2B",0.00343642611683849,FALSE,"[0,0.1]"
"Control","GRB2",745,"UMAD1",-0.0125786163522013,FALSE,NA
"Control","GRB2",745,"USP15",0.00177619893428064,FALSE,"[0,0.1]"
"Control","GRB2",745,"USP34",-0.0124401913875598,FALSE,NA
"Control","GRB2",745,"USP53",-0.00517687661777394,FALSE,NA
"Control","GRB2",745,"UTRN",-0.012807881773399,FALSE,NA
"Control","GRB2",745,"UTY",-0.0178026449643947,FALSE,NA
"Control","GRB2",745,"VMP1",-0.00812064965197216,FALSE,NA
"Control","GRB2",745,"VPS13C",0.00114810562571757,FALSE,"[0,0.1]"
"Control","GRB2",745,"VPS8",-0.0090293453724605,FALSE,NA
"Control","GRB2",745,"VTI1A",0.0350877192982456,FALSE,"[0,0.1]"
"Control","GRB2",745,"WDFY2",-0.05,FALSE,NA
"Control","GRB2",745,"WIPF1",-0.0116129032258065,FALSE,NA
"Control","GRB2",745,"WNK1",-0.00138121546961326,FALSE,NA
"Control","GRB2",745,"WSB1",-0.00342026507054297,FALSE,NA
"Control","GRB2",745,"WWOX",0.00199401794616152,FALSE,"[0,0.1]"
"Control","GRB2",745,"XPR1",-0.01171875,FALSE,NA
"Control","GRB2",745,"ZBTB16",-0.00491187518058365,FALSE,NA
"Control","GRB2",745,"ZBTB20",-0.00337913944582113,FALSE,NA
"Control","GRB2",745,"ZEB2",-0.00529491441940648,FALSE,NA
"Control","GRB2",745,"ZFPM2-AS1",-0.0112137203166227,FALSE,NA
"Control","GRB2",745,"ZMAT3",-0.0258620689655172,FALSE,NA
"Control","GRB2",745,"ZNF148",-0.0141509433962264,FALSE,NA
"Control","GRB2",745,"ZNF292",-0.0048828125,FALSE,NA
"Control","GRB2",745,"ZNF609",-0.0434782608695652,FALSE,NA
"Control","GRB2",745,"ZNF638",-0.00390015600624025,FALSE,NA
"Control","GRB2",745,"ZSWIM6",0.0778947368421053,FALSE,"[0,0.1]"
"Control","IFI44L",745,"AAK1",0.0044004400440044,FALSE,"[0,0.1]"
"Control","IFI44L",745,"ABCA1",-0.00421940928270042,FALSE,NA
"Control","IFI44L",745,"AC007262.2",0.00435413642960813,FALSE,"[0,0.1]"
"Control","IFI44L",745,"ACSL4",0.0136054421768707,FALSE,"[0,0.1]"
"Control","IFI44L",745,"ACYP2",0.00472175379426644,FALSE,"[0,0.1]"
"Control","IFI44L",745,"ADK",-0.00704225352112676,FALSE,NA
"Control","IFI44L",745,"AFF1",-0.00158604282315623,FALSE,NA
"Control","IFI44L",745,"AKAP13",-0.000903342366757001,FALSE,NA
"Control","IFI44L",745,"AKT3",-0.0326923076923077,FALSE,NA
"Control","IFI44L",745,"AL035446.2",0.0697674418604651,FALSE,"[0,0.1]"
"Control","IFI44L",745,"AL163541.1",0.0297699594046008,FALSE,"[0,0.1]"
"Control","IFI44L",745,"AL392172.2",-0.00519930675909879,FALSE,NA
"Control","IFI44L",745,"ALCAM",0.00282201169119129,FALSE,"[0,0.1]"
"Control","IFI44L",745,"ANK2",0.0264550264550265,FALSE,"[0,0.1]"
"Control","IFI44L",745,"ANKRD12",0.00689259046524986,FALSE,"[0,0.1]"
"Control","IFI44L",745,"ANKRD17",0.00882352941176471,FALSE,"[0,0.1]"
"Control","IFI44L",745,"ANKRD44",-0.00645161290322581,FALSE,NA
"Control","IFI44L",745,"AOAH",0.00315457413249211,FALSE,"[0,0.1]"
"Control","IFI44L",745,"AP001977.1",0.00463678516228748,FALSE,"[0,0.1]"
"Control","IFI44L",745,"AP3B1",0.0078125,FALSE,"[0,0.1]"
"Control","IFI44L",745,"APOE",-0.122605363984674,FALSE,NA
"Control","IFI44L",745,"ARHGAP15",0.00229357798165138,FALSE,"[0,0.1]"
"Control","IFI44L",745,"ARHGAP21",0.00385158556939273,FALSE,"[0,0.1]"
"Control","IFI44L",745,"ARHGAP22",0.0133333333333333,FALSE,"[0,0.1]"
"Control","IFI44L",745,"ARHGAP24",-0.0238095238095238,FALSE,NA
"Control","IFI44L",745,"ARHGAP6",-0.00164383561643836,FALSE,NA
"Control","IFI44L",745,"ARID4B",0.011441647597254,FALSE,"[0,0.1]"
"Control","IFI44L",745,"ARL15",0.00615655233069481,FALSE,"[0,0.1]"
"Control","IFI44L",745,"ASAP1",0.00485961123110151,FALSE,"[0,0.1]"
"Control","IFI44L",745,"ASCC3",0.003125,FALSE,"[0,0.1]"
"Control","IFI44L",745,"ASH1L",0.0121703853955375,FALSE,"[0,0.1]"
"Control","IFI44L",745,"ASTN2",0.00664451827242525,FALSE,"[0,0.1]"
"Control","IFI44L",745,"ATF6",0.0193548387096774,FALSE,"[0,0.1]"
"Control","IFI44L",745,"ATG7",-0.00112866817155756,FALSE,NA
"Control","IFI44L",745,"ATM",-0.119047619047619,FALSE,NA
"Control","IFI44L",745,"ATRX",-0.00921658986175115,FALSE,NA
"Control","IFI44L",745,"ATXN1",0.00282326369282891,FALSE,"[0,0.1]"
"Control","IFI44L",745,"BAZ2B",0.00746268656716418,FALSE,"[0,0.1]"
"Control","IFI44L",745,"BBS9",0.00159286396941701,FALSE,"[0,0.1]"
"Control","IFI44L",745,"BBX",-0.000523012552301255,FALSE,NA
"Control","IFI44L",745,"BCAS3",0.0054617676266137,FALSE,"[0,0.1]"
"Control","IFI44L",745,"BIRC6",0.0109090909090909,FALSE,"[0,0.1]"
"Control","IFI44L",745,"BLNK",0.00777604976671851,FALSE,"[0,0.1]"
"Control","IFI44L",745,"BNC2",-0.00343642611683849,FALSE,NA
"Control","IFI44L",745,"BPTF",0.00900450225112556,FALSE,"[0,0.1]"
"Control","IFI44L",745,"BRAF",0.00533049040511727,FALSE,"[0,0.1]"
"Control","IFI44L",745,"BRWD1",-0.000928505106778087,FALSE,NA
"Control","IFI44L",745,"BTBD9",0.00818452380952381,FALSE,"[0,0.1]"
"Control","IFI44L",745,"C1QB",-0.00606060606060606,FALSE,NA
"Control","IFI44L",745,"CAB39",0.0192307692307692,FALSE,"[0,0.1]"
"Control","IFI44L",745,"CADM1",0.00236630383341221,FALSE,"[0,0.1]"
"Control","IFI44L",745,"CAMK2D",-0.00980392156862745,FALSE,NA
"Control","IFI44L",745,"CCDC26",0.00704225352112676,FALSE,"[0,0.1]"
"Control","IFI44L",745,"CCDC88A",0.00799200799200799,FALSE,"[0,0.1]"
"Control","IFI44L",745,"CCND3",-0.00760167236792094,FALSE,NA
"Control","IFI44L",745,"CCNH",0.00606501698204755,FALSE,"[0,0.1]"
"Control","IFI44L",745,"CCNY",-0.00740740740740741,FALSE,NA
"Control","IFI44L",745,"CD163",0.003996003996004,FALSE,"[0,0.1]"
"Control","IFI44L",745,"CD86",-0.00338345864661654,FALSE,NA
"Control","IFI44L",745,"CDK14",0.00696378830083566,FALSE,"[0,0.1]"
"Control","IFI44L",745,"CDK19",0.0039177277179236,FALSE,"[0,0.1]"
"Control","IFI44L",745,"CDK6",0.00367647058823529,FALSE,"[0,0.1]"
"Control","IFI44L",745,"CDKAL1",-0.019047619047619,FALSE,NA
"Control","IFI44L",745,"CELF2",-0.010341726618705,FALSE,NA
"Control","IFI44L",745,"CEP350",0.00342465753424658,FALSE,"[0,0.1]"
"Control","IFI44L",745,"CFLAR",-0.000627746390458255,FALSE,NA
"Control","IFI44L",745,"CHD2",0.00581395348837209,FALSE,"[0,0.1]"
"Control","IFI44L",745,"CHST15",0.00473484848484848,FALSE,"[0,0.1]"
"Control","IFI44L",745,"CHSY3",0.0213114754098361,FALSE,"[0,0.1]"
"Control","IFI44L",745,"CLASP2",0.00646298472385429,FALSE,"[0,0.1]"
"Control","IFI44L",745,"CMSS1",0.0018348623853211,FALSE,"[0,0.1]"
"Control","IFI44L",745,"COG5",-0.0909090909090909,FALSE,NA
"Control","IFI44L",745,"COP1",-0.0213903743315508,FALSE,NA
"Control","IFI44L",745,"CPED1",0.0133234641006662,FALSE,"[0,0.1]"
"Control","IFI44L",745,"CPM",0.00524475524475524,FALSE,"[0,0.1]"
"Control","IFI44L",745,"CPQ",-0.0193905817174515,FALSE,NA
"Control","IFI44L",745,"CR1",0.00542797494780793,FALSE,"[0,0.1]"
"Control","IFI44L",745,"CRADD",0.0109090909090909,FALSE,"[0,0.1]"
"Control","IFI44L",745,"CSGALNACT1",0.00141815235008104,FALSE,"[0,0.1]"
"Control","IFI44L",745,"CSNK1A1",0.00996677740863787,FALSE,"[0,0.1]"
"Control","IFI44L",745,"CTTNBP2",0.00854700854700855,FALSE,"[0,0.1]"
"Control","IFI44L",745,"CYBB",0.00921658986175115,FALSE,"[0,0.1]"
"Control","IFI44L",745,"DCAF6",-0.0222222222222222,FALSE,NA
"Control","IFI44L",745,"DDX17",0.00428944423722492,FALSE,"[0,0.1]"
"Control","IFI44L",745,"DDX5",0.00419084461637653,FALSE,"[0,0.1]"
"Control","IFI44L",745,"DENND1A",-0.00687757909215956,FALSE,NA
"Control","IFI44L",745,"DENND4C",0.00322234156820623,FALSE,"[0,0.1]"
"Control","IFI44L",745,"DIAPH2",-0.0135135135135135,FALSE,NA
"Control","IFI44L",745,"DIP2B",0.00921006021962451,FALSE,"[0,0.1]"
"Control","IFI44L",745,"DIRC3",0.00194931773879142,FALSE,"[0,0.1]"
"Control","IFI44L",745,"DISP1",0.00116234017822549,FALSE,"[0,0.1]"
"Control","IFI44L",745,"DLEU2",0.00634100516674495,FALSE,"[0,0.1]"
"Control","IFI44L",745,"DLG1",0.00667637776159262,FALSE,"[0,0.1]"
"Control","IFI44L",745,"DLG2",0.00477754553598089,FALSE,"[0,0.1]"
"Control","IFI44L",745,"DMXL2",0.00174216027874564,FALSE,"[0,0.1]"
"Control","IFI44L",745,"DOCK10",0.00553049046718091,FALSE,"[0,0.1]"
"Control","IFI44L",745,"DOCK2",0.00575539568345324,FALSE,"[0,0.1]"
"Control","IFI44L",745,"DOCK5",0.00396650506831203,FALSE,"[0,0.1]"
"Control","IFI44L",745,"DOCK8",0.00396039603960396,FALSE,"[0,0.1]"
"Control","IFI44L",745,"DPYD",0.00223936302562827,FALSE,"[0,0.1]"
"Control","IFI44L",745,"DST",0.00663314432438216,FALSE,"[0,0.1]"
"Control","IFI44L",745,"DTNA",0.0100610851598994,FALSE,"[0,0.1]"
"Control","IFI44L",745,"EEF1A1",0.0135135135135135,FALSE,"[0,0.1]"
"Control","IFI44L",745,"EIF4G3",0.0107215299913069,FALSE,"[0,0.1]"
"Control","IFI44L",745,"ELF1",0.00464684014869888,FALSE,"[0,0.1]"
"Control","IFI44L",745,"ELMO1",-0.00266429840142096,FALSE,NA
"Control","IFI44L",745,"EPS15",0.00313221233102539,FALSE,"[0,0.1]"
"Control","IFI44L",745,"EPSTI1",0.00700525394045534,FALSE,"[0,0.1]"
"Control","IFI44L",745,"ERBIN",0.00582437275985663,FALSE,"[0,0.1]"
"Control","IFI44L",745,"ERC1",-0.00267022696929239,FALSE,NA
"Control","IFI44L",745,"EVI5",0.00181818181818182,FALSE,"[0,0.1]"
"Control","IFI44L",745,"EXOC4",-0.0021551724137931,FALSE,NA
"Control","IFI44L",745,"EXOC6B",0.00540216086434574,FALSE,"[0,0.1]"
"Control","IFI44L",745,"F13A1",0.00442132639791938,FALSE,"[0,0.1]"
"Control","IFI44L",745,"FAF1",0.00763358778625954,FALSE,"[0,0.1]"
"Control","IFI44L",745,"FAM135A",-0.0217391304347826,FALSE,NA
"Control","IFI44L",745,"FAM13A",-0.00414814814814815,FALSE,NA
"Control","IFI44L",745,"FAM149A",-0.0157728706624606,FALSE,NA
"Control","IFI44L",745,"FAM168A",0.00646203554119548,FALSE,"[0,0.1]"
"Control","IFI44L",745,"FAM49A",-0.0231958762886598,FALSE,NA
"Control","IFI44L",745,"FAR2",0.0210526315789474,FALSE,"[0,0.1]"
"Control","IFI44L",745,"FARS2",0.00865800865800866,FALSE,"[0,0.1]"
"Control","IFI44L",745,"FBXO11",0.0130434782608696,FALSE,"[0,0.1]"
"Control","IFI44L",745,"FCHO2",0.00369549150036955,FALSE,"[0,0.1]"
"Control","IFI44L",745,"FCHSD2",0.0160550458715596,FALSE,"[0,0.1]"
"Control","IFI44L",745,"FER",0.00340367597004765,FALSE,"[0,0.1]"
"Control","IFI44L",745,"FGD4",0.00470588235294118,FALSE,"[0,0.1]"
"Control","IFI44L",745,"FHIT",-0.00488997555012225,FALSE,NA
"Control","IFI44L",745,"FKBP5",0.00601915184678523,FALSE,"[0,0.1]"
"Control","IFI44L",745,"FLI1",-0.0167597765363128,FALSE,NA
"Control","IFI44L",745,"FMN1",0.00516395558998193,FALSE,"[0,0.1]"
"Control","IFI44L",745,"FMNL2",0.00516033910799853,FALSE,"[0,0.1]"
"Control","IFI44L",745,"FNDC3A",-0.0262295081967213,FALSE,NA
"Control","IFI44L",745,"FNIP1",-0.000544365813826892,FALSE,NA
"Control","IFI44L",745,"FOXN3",0.0125223613595707,FALSE,"[0,0.1]"
"Control","IFI44L",745,"FOXO3",-0.00859475719810915,FALSE,NA
"Control","IFI44L",745,"FOXP1",-0.0152361604875571,FALSE,NA
"Control","IFI44L",745,"FRMD4B",0.00476579520697168,FALSE,"[0,0.1]"
"Control","IFI44L",745,"FRYL",0.00561963916001183,FALSE,"[0,0.1]"
"Control","IFI44L",745,"FTH1",-0.00719424460431655,FALSE,NA
"Control","IFI44L",745,"FTX",0.00302571860816944,FALSE,"[0,0.1]"
"Control","IFI44L",745,"GAB1",0.00427028384827933,FALSE,"[0,0.1]"
"Control","IFI44L",745,"GALNT10",-0.00709219858156028,FALSE,NA
"Control","IFI44L",745,"GALNTL6",0.00609756097560976,FALSE,"[0,0.1]"
"Control","IFI44L",745,"GLDN",0.00931232091690544,FALSE,"[0,0.1]"
"Control","IFI44L",745,"GNAQ",0.0119047619047619,FALSE,"[0,0.1]"
"Control","IFI44L",745,"GOLGA4",0.505050505050505,FALSE,"(0.5,0.6]"
"Control","IFI44L",745,"GPHN",0.00460258452823509,FALSE,"[0,0.1]"
"Control","IFI44L",745,"GPNMB",-0.0936329588014981,FALSE,NA
"Control","IFI44L",745,"GPRIN3",-0.00545171339563863,FALSE,NA
"Control","IFI44L",745,"GRID2",-0.00746268656716418,FALSE,NA
"Control","IFI44L",745,"GRK3",-0.0474137931034483,FALSE,NA
"Control","IFI44L",745,"GSAP",-0.0123762376237624,FALSE,NA
"Control","IFI44L",745,"GSK3B",0.00126262626262626,FALSE,"[0,0.1]"
"Control","IFI44L",745,"GTDC1",0.00623347185493011,FALSE,"[0,0.1]"
"Control","IFI44L",745,"HDAC8",0.0238095238095238,FALSE,"[0,0.1]"
"Control","IFI44L",745,"HDAC9",0.00671785028790787,FALSE,"[0,0.1]"
"Control","IFI44L",745,"HELZ",0.00449438202247191,FALSE,"[0,0.1]"
"Control","IFI44L",745,"HERC1",0.00538599640933573,FALSE,"[0,0.1]"
"Control","IFI44L",745,"HNRNPA2B1",0.00986342943854325,FALSE,"[0,0.1]"
"Control","IFI44L",745,"HNRNPC",0.015625,FALSE,"[0,0.1]"
"Control","IFI44L",745,"HNRNPU",0.0132835201328352,FALSE,"[0,0.1]"
"Control","IFI44L",745,"HS3ST4",0.00424328147100424,FALSE,"[0,0.1]"
"Control","IFI44L",745,"HSP90AA1",-0.00551724137931035,FALSE,NA
"Control","IFI44L",745,"IFNGR1",-0.0308008213552361,FALSE,NA
"Control","IFI44L",745,"IFNGR2",0.00441501103752759,FALSE,"[0,0.1]"
"Control","IFI44L",745,"IGF1R",-0.00140154169586545,FALSE,NA
"Control","IFI44L",745,"IL10RA",-0.00681114551083591,FALSE,NA
"Control","IFI44L",745,"IQCJ-SCHIP1",0.0093167701863354,FALSE,"[0,0.1]"
"Control","IFI44L",745,"IQGAP2",-0.00203665987780041,FALSE,NA
"Control","IFI44L",745,"IRAK3",0.000734753857457752,FALSE,"[0,0.1]"
"Control","IFI44L",745,"IRS2",-0.0037202380952381,FALSE,NA
"Control","IFI44L",745,"ITFG1",0.0024906600249066,FALSE,"[0,0.1]"
"Control","IFI44L",745,"ITPR1",-0.04,FALSE,NA
"Control","IFI44L",745,"ITPR2",0.0801033591731266,FALSE,"[0,0.1]"
"Control","IFI44L",745,"JAK1",-0.024653312788906,FALSE,NA
"Control","IFI44L",745,"JAK2",0.166666666666667,FALSE,"(0.1,0.2]"
"Control","IFI44L",745,"JARID2",-0.02321083172147,FALSE,NA
"Control","IFI44L",745,"JMJD1C",0.00699745547073791,FALSE,"[0,0.1]"
"Control","IFI44L",745,"KANSL1",-0.00675675675675676,FALSE,NA
"Control","IFI44L",745,"KCNK13",0.00647668393782383,FALSE,"[0,0.1]"
"Control","IFI44L",745,"KCNMA1",-0.0754716981132075,FALSE,NA
"Control","IFI44L",745,"KDM2A",-0.0118343195266272,FALSE,NA
"Control","IFI44L",745,"KDM4C",0.00301810865191147,FALSE,"[0,0.1]"
"Control","IFI44L",745,"KIAA1109",0.0025,FALSE,"[0,0.1]"
"Control","IFI44L",745,"KMT2E",0.00467289719626168,FALSE,"[0,0.1]"
"Control","IFI44L",745,"KYNU",-0.00878048780487805,FALSE,NA
"Control","IFI44L",745,"L3MBTL4",-0.00228050171037628,FALSE,NA
"Control","IFI44L",745,"LCOR",0.0151515151515151,FALSE,"[0,0.1]"
"Control","IFI44L",745,"LINC00278",-0.0140134529147982,FALSE,NA
"Control","IFI44L",745,"LINC01473",-0.00265957446808511,FALSE,NA
"Control","IFI44L",745,"LNCAROD",0.0172413793103448,FALSE,"[0,0.1]"
"Control","IFI44L",745,"LPP",0.0114613180515759,FALSE,"[0,0.1]"
"Control","IFI44L",745,"LRBA",-0.03125,FALSE,NA
"Control","IFI44L",745,"LRCH1",0.125,FALSE,"(0.1,0.2]"
"Control","IFI44L",745,"LRRC8D",0.0112994350282486,FALSE,"[0,0.1]"
"Control","IFI44L",745,"LRRK2",-0.00992555831265509,FALSE,NA
"Control","IFI44L",745,"LYST",0.00934579439252336,FALSE,"[0,0.1]"
"Control","IFI44L",745,"MACF1",0.00812512695510867,FALSE,"[0,0.1]"
"Control","IFI44L",745,"MACROD2",0.0103926096997691,FALSE,"[0,0.1]"
"Control","IFI44L",745,"MAF",0.00357873210633947,FALSE,"[0,0.1]"
"Control","IFI44L",745,"MALAT1",0.0329373650107991,FALSE,"[0,0.1]"
"Control","IFI44L",745,"MAML2",0.0108073744437381,FALSE,"[0,0.1]"
"Control","IFI44L",745,"MAN1A1",-0.000208724692131079,FALSE,NA
"Control","IFI44L",745,"MAN1C1",0.00649350649350649,FALSE,"[0,0.1]"
"Control","IFI44L",745,"MAN2A1",0.00508495597172268,FALSE,"[0,0.1]"
"Control","IFI44L",745,"MANBA",-1.3125,FALSE,NA
"Control","IFI44L",745,"MAP3K5",0.00922722029988466,FALSE,"[0,0.1]"
"Control","IFI44L",745,"MAP4K4",0.00192678227360308,FALSE,"[0,0.1]"
"Control","IFI44L",745,"MARCH1",0.0327868852459016,FALSE,"[0,0.1]"
"Control","IFI44L",745,"MARK3",0.00841908325537886,FALSE,"[0,0.1]"
"Control","IFI44L",745,"MBD5",0.0132241813602015,FALSE,"[0,0.1]"
"Control","IFI44L",745,"MBNL1",-0.00546448087431694,FALSE,NA
"Control","IFI44L",745,"MBNL2",0.00296566670468803,FALSE,"[0,0.1]"
"Control","IFI44L",745,"MBP",0.00473292765382015,FALSE,"[0,0.1]"
"Control","IFI44L",745,"MED13L",0.00846262341325811,FALSE,"[0,0.1]"
"Control","IFI44L",745,"MEF2C",0.0121703853955375,FALSE,"[0,0.1]"
"Control","IFI44L",745,"MERTK",0.00405604719764012,FALSE,"[0,0.1]"
"Control","IFI44L",745,"MIR181A1HG",0.00672645739910314,FALSE,"[0,0.1]"
"Control","IFI44L",745,"MIR99AHG",0.00448028673835126,FALSE,"[0,0.1]"
"Control","IFI44L",745,"MITF",-0.00223048327137546,FALSE,NA
"Control","IFI44L",745,"MKLN1",-0.019047619047619,FALSE,NA
"Control","IFI44L",745,"MS4A4A",0.00188028831087433,FALSE,"[0,0.1]"
"Control","IFI44L",745,"MS4A6A",0.000983606557377049,FALSE,"[0,0.1]"
"Control","IFI44L",745,"MSI2",-0.0112359550561798,FALSE,NA
"Control","IFI44L",745,"MSR1",-0.00585556278464541,FALSE,NA
"Control","IFI44L",745,"MTHFD1L",0.0091324200913242,FALSE,"[0,0.1]"
"Control","IFI44L",745,"MTSS1",0.00284646859989326,FALSE,"[0,0.1]"
"Control","IFI44L",745,"MVB12B",0.00594294770206022,FALSE,"[0,0.1]"
"Control","IFI44L",745,"MYO1D",0.00224071702944942,FALSE,"[0,0.1]"
"Control","IFI44L",745,"MYO1E",0.00313087038196619,FALSE,"[0,0.1]"
"Control","IFI44L",745,"MYO5A",0.00591878871300757,FALSE,"[0,0.1]"
"Control","IFI44L",745,"N4BP2L2",0.00522759148285095,FALSE,"[0,0.1]"
"Control","IFI44L",745,"NAV2",0.0351351351351351,FALSE,"[0,0.1]"
"Control","IFI44L",745,"NBEA",0.00160427807486631,FALSE,"[0,0.1]"
"Control","IFI44L",745,"NCKAP5",0.00919160971011077,FALSE,"[0,0.1]"
"Control","IFI44L",745,"NCOA2",-0.0212765957446809,FALSE,NA
"Control","IFI44L",745,"NCOA3",0.00223338916806253,FALSE,"[0,0.1]"
"Control","IFI44L",745,"NEDD4L",0.00615006150061501,FALSE,"[0,0.1]"
"Control","IFI44L",745,"NEK7",-0.0222772277227723,FALSE,NA
"Control","IFI44L",745,"NFAT5",0.00694444444444444,FALSE,"[0,0.1]"
"Control","IFI44L",745,"NFIA",0.00396196513470681,FALSE,"[0,0.1]"
"Control","IFI44L",745,"NFKB1",0.00609756097560976,FALSE,"[0,0.1]"
"Control","IFI44L",745,"NHSL1",-0.00293994120117598,FALSE,NA
"Control","IFI44L",745,"NIPBL",-0.0015527950310559,FALSE,NA
"Control","IFI44L",745,"NLK",0.00573287883483111,FALSE,"[0,0.1]"
"Control","IFI44L",745,"NPAS3",0.004131012097964,FALSE,"[0,0.1]"
"Control","IFI44L",745,"NPL",-0.0676691729323308,FALSE,NA
"Control","IFI44L",745,"NR3C1",0.00496277915632754,FALSE,"[0,0.1]"
"Control","IFI44L",745,"NR3C2",-0.0686274509803921,FALSE,NA
"Control","IFI44L",745,"NUMB",-1,FALSE,NA
"Control","IFI44L",745,"OSBPL1A",-0.00541842263696568,FALSE,NA
"Control","IFI44L",745,"OSBPL3",-0.0175054704595186,FALSE,NA
"Control","IFI44L",745,"OSBPL8",-0.0121212121212121,FALSE,NA
"Control","IFI44L",745,"OXR1",0.00186915887850467,FALSE,"[0,0.1]"
"Control","IFI44L",745,"P4HA1",0.0017636684303351,FALSE,"[0,0.1]"
"Control","IFI44L",745,"PACS1",0.0122448979591837,FALSE,"[0,0.1]"
"Control","IFI44L",745,"PAN3",-0.0875,FALSE,NA
"Control","IFI44L",745,"PARP8",0.00438917337234821,FALSE,"[0,0.1]"
"Control","IFI44L",745,"PBX3",-0.0313588850174216,FALSE,NA
"Control","IFI44L",745,"PCCA",-0.00369685767097967,FALSE,NA
"Control","IFI44L",745,"PCDH9",0.0623052959501558,FALSE,"[0,0.1]"
"Control","IFI44L",745,"PCM1",0.00263019463440295,FALSE,"[0,0.1]"
"Control","IFI44L",745,"PDE3B",-0.00437636761487965,FALSE,NA
"Control","IFI44L",745,"PDE4B",0.0351130351130351,FALSE,"[0,0.1]"
"Control","IFI44L",745,"PDE8A",-0.00125997480050399,FALSE,NA
"Control","IFI44L",745,"PDGFC",0.00160836349014877,FALSE,"[0,0.1]"
"Control","IFI44L",745,"PDS5B",-0.0137931034482759,FALSE,NA
"Control","IFI44L",745,"PEAK1",0.00299815498154982,FALSE,"[0,0.1]"
"Control","IFI44L",745,"PECAM1",-0.0170068027210884,FALSE,NA
"Control","IFI44L",745,"PELI1",0.114942528735632,FALSE,"(0.1,0.2]"
"Control","IFI44L",745,"PELI2",-0.00218340611353712,FALSE,NA
"Control","IFI44L",745,"PHC2",0.0161527165932452,FALSE,"[0,0.1]"
"Control","IFI44L",745,"PHC3",-0.0177514792899408,FALSE,NA
"Control","IFI44L",745,"PHF21A",-0.00328947368421053,FALSE,NA
"Control","IFI44L",745,"PIAS1",0.00428265524625268,FALSE,"[0,0.1]"
"Control","IFI44L",745,"PICALM",0.00214477211796247,FALSE,"[0,0.1]"
"Control","IFI44L",745,"PIP4K2A",0.00571002979145978,FALSE,"[0,0.1]"
"Control","IFI44L",745,"PLCL1",0.00482954545454546,FALSE,"[0,0.1]"
"Control","IFI44L",745,"PLCL2",-0.00185356811862836,FALSE,NA
"Control","IFI44L",745,"PLSCR1",0.0232558139534884,FALSE,"[0,0.1]"
"Control","IFI44L",745,"PNISR",0.0026281208935611,FALSE,"[0,0.1]"
"Control","IFI44L",745,"PPM1L",0.00677966101694915,FALSE,"[0,0.1]"
"Control","IFI44L",745,"PPP1R12A",0.0055452865064695,FALSE,"[0,0.1]"
"Control","IFI44L",745,"PPP3CA",0.00197044334975369,FALSE,"[0,0.1]"
"Control","IFI44L",745,"PRKAG2",-0.0277078085642317,FALSE,NA
"Control","IFI44L",745,"PRKCE",0.00401069518716578,FALSE,"[0,0.1]"
"Control","IFI44L",745,"PSMA1",0.00126103404791929,FALSE,"[0,0.1]"
"Control","IFI44L",745,"PTK2",0.00739401906013802,FALSE,"[0,0.1]"
"Control","IFI44L",745,"PTPRG",0.00518470511989631,FALSE,"[0,0.1]"
"Control","IFI44L",745,"PTPRM",0.00335570469798658,FALSE,"[0,0.1]"
"Control","IFI44L",745,"QKI",0.00181488203266788,FALSE,"[0,0.1]"
"Control","IFI44L",745,"RAB10",0.0083547557840617,FALSE,"[0,0.1]"
"Control","IFI44L",745,"RABGAP1L",-0.25,FALSE,NA
"Control","IFI44L",745,"RALGAPA2",-0.00961538461538461,FALSE,NA
"Control","IFI44L",745,"RAP1A",0.0375586854460094,FALSE,"[0,0.1]"
"Control","IFI44L",745,"RAPGEF2",0.0609756097560976,FALSE,"[0,0.1]"
"Control","IFI44L",745,"RAPGEF6",0.0112421168083356,FALSE,"[0,0.1]"
"Control","IFI44L",745,"RBM47",0.0075187969924812,FALSE,"[0,0.1]"
"Control","IFI44L",745,"RBMS1",0.00529801324503311,FALSE,"[0,0.1]"
"Control","IFI44L",745,"RBPJ",0.00261703983716197,FALSE,"[0,0.1]"
"Control","IFI44L",745,"RCSD1",-0.0109739368998628,FALSE,NA
"Control","IFI44L",745,"RERE",0.00129912309191296,FALSE,"[0,0.1]"
"Control","IFI44L",745,"REV3L",0.000808407437348424,FALSE,"[0,0.1]"
"Control","IFI44L",745,"RGL1",0.00463208046585495,FALSE,"[0,0.1]"
"Control","IFI44L",745,"RICTOR",0.003225006201935,FALSE,"[0,0.1]"
"Control","IFI44L",745,"RIN2",-0.0110236220472441,FALSE,NA
"Control","IFI44L",745,"RNF13",-0.0277777777777778,FALSE,NA
"Control","IFI44L",745,"RNF144B",-0.00821167883211679,FALSE,NA
"Control","IFI44L",745,"RNF149",0.0207900207900208,FALSE,"[0,0.1]"
"Control","IFI44L",745,"RTN4",0.0143728222996516,FALSE,"[0,0.1]"
"Control","IFI44L",745,"SAMD12",0.00462677359654534,FALSE,"[0,0.1]"
"Control","IFI44L",745,"SBF2",0.00303336703741153,FALSE,"[0,0.1]"
"Control","IFI44L",745,"SCAF11",0.0268456375838926,FALSE,"[0,0.1]"
"Control","IFI44L",745,"SDCCAG8",0.00301984469370147,FALSE,"[0,0.1]"
"Control","IFI44L",745,"SDK1",0.0277777777777778,FALSE,"[0,0.1]"
"Control","IFI44L",745,"SEC14L1",-0.00908715406856671,FALSE,NA
"Control","IFI44L",745,"SENP6",0.0288461538461539,FALSE,"[0,0.1]"
"Control","IFI44L",745,"SGK1",-0.000916730328495034,FALSE,NA
"Control","IFI44L",745,"SGK3",0.00448129061169617,FALSE,"[0,0.1]"
"Control","IFI44L",745,"SGMS1",0.00417039022937146,FALSE,"[0,0.1]"
"Control","IFI44L",745,"SH3KBP1",-0.0444444444444444,FALSE,NA
"Control","IFI44L",745,"SHTN1",0.00674515575177827,FALSE,"[0,0.1]"
"Control","IFI44L",745,"SIK3",0.00529723366686286,FALSE,"[0,0.1]"
"Control","IFI44L",745,"SKAP2",0.833333333333333,FALSE,"(0.8,0.9]"
"Control","IFI44L",745,"SLC22A23",-0.00213162803090861,FALSE,NA
"Control","IFI44L",745,"SLC25A13",0.00407424173834314,FALSE,"[0,0.1]"
"Control","IFI44L",745,"SLC2A13",-0.0634920634920635,FALSE,NA
"Control","IFI44L",745,"SLC39A11",0.00320659642693541,FALSE,"[0,0.1]"
"Control","IFI44L",745,"SLC44A1",0.00603235536057033,FALSE,"[0,0.1]"
"Control","IFI44L",745,"SLC4A7",-0.115384615384615,FALSE,NA
"Control","IFI44L",745,"SLC8A1",-0.0222222222222222,FALSE,NA
"Control","IFI44L",745,"SLC9A9",0.00406976744186047,FALSE,"[0,0.1]"
"Control","IFI44L",745,"SMAP2",-0.0125,FALSE,NA
"Control","IFI44L",745,"SMYD3",-0.00144508670520231,FALSE,NA
"Control","IFI44L",745,"SNCA",0.00626959247648903,FALSE,"[0,0.1]"
"Control","IFI44L",745,"SND1",0.00180505415162455,FALSE,"[0,0.1]"
"Control","IFI44L",745,"SNX13",-0.00199866755496336,FALSE,NA
"Control","IFI44L",745,"SORT1",0.00506970849176172,FALSE,"[0,0.1]"
"Control","IFI44L",745,"SOS1",-0.032520325203252,FALSE,NA
"Control","IFI44L",745,"SPECC1",0.003690036900369,FALSE,"[0,0.1]"
"Control","IFI44L",745,"SPIDR",0.00555114988104679,FALSE,"[0,0.1]"
"Control","IFI44L",745,"SPPL3",-0.0134228187919463,FALSE,NA
"Control","IFI44L",745,"SPTLC2",0.015661252900232,FALSE,"[0,0.1]"
"Control","IFI44L",745,"SRGAP1",0.0115528372409106,FALSE,"[0,0.1]"
"Control","IFI44L",745,"SRGAP2B",0.000777000777000777,FALSE,"[0,0.1]"
"Control","IFI44L",745,"SRPK2",0.00420875420875421,FALSE,"[0,0.1]"
"Control","IFI44L",745,"SSBP2",-0.000438404208680403,FALSE,NA
"Control","IFI44L",745,"ST18",0.00520969002344361,FALSE,"[0,0.1]"
"Control","IFI44L",745,"ST6GALNAC3",0.0163398692810457,FALSE,"[0,0.1]"
"Control","IFI44L",745,"ST8SIA4",0.001998001998002,FALSE,"[0,0.1]"
"Control","IFI44L",745,"STARD13",0.00255704169944925,FALSE,"[0,0.1]"
"Control","IFI44L",745,"STAU2",0.0046189376443418,FALSE,"[0,0.1]"
"Control","IFI44L",745,"STK3",0.0257731958762887,FALSE,"[0,0.1]"
"Control","IFI44L",745,"STX7",-0.00689655172413793,FALSE,NA
"Control","IFI44L",745,"SUPT3H",0.00647249190938511,FALSE,"[0,0.1]"
"Control","IFI44L",745,"SYK",0.00751476113794954,FALSE,"[0,0.1]"
"Control","IFI44L",745,"TANC2",-0.0220082530949106,FALSE,NA
"Control","IFI44L",745,"TANK",0.00114942528735632,FALSE,"[0,0.1]"
"Control","IFI44L",745,"TAOK3",0.0280373831775701,FALSE,"[0,0.1]"
"Control","IFI44L",745,"TBC1D1",0.00589390962671906,FALSE,"[0,0.1]"
"Control","IFI44L",745,"TBC1D5",0.00198255352894528,FALSE,"[0,0.1]"
"Control","IFI44L",745,"TCF12",0.010183299389002,FALSE,"[0,0.1]"
"Control","IFI44L",745,"TCF4",-0.011844331641286,FALSE,NA
"Control","IFI44L",745,"TET2",0.00395647873392681,FALSE,"[0,0.1]"
"Control","IFI44L",745,"TFEC",0.00986193293885602,FALSE,"[0,0.1]"
"Control","IFI44L",745,"TGFBR2",0.00969932104752667,FALSE,"[0,0.1]"
"Control","IFI44L",745,"TLR2",0.00794438927507448,FALSE,"[0,0.1]"
"Control","IFI44L",745,"TMEM117",0.0340909090909091,FALSE,"[0,0.1]"
"Control","IFI44L",745,"TMEM65",0.00458190148911798,FALSE,"[0,0.1]"
"Control","IFI44L",745,"TMTC2",0.00522937960541954,FALSE,"[0,0.1]"
"Control","IFI44L",745,"TNRC6B",-0.0434782608695652,FALSE,NA
"Control","IFI44L",745,"TPK1",-0.0202020202020202,FALSE,NA
"Control","IFI44L",745,"TPRG1",-0.00348432055749129,FALSE,NA
"Control","IFI44L",745,"TRAPPC9",0.00434782608695652,FALSE,"[0,0.1]"
"Control","IFI44L",745,"TRHDE",0.00645161290322581,FALSE,"[0,0.1]"
"Control","IFI44L",745,"TRIO",-0.0028169014084507,FALSE,NA
"Control","IFI44L",745,"TRIP12",0.0236686390532544,FALSE,"[0,0.1]"
"Control","IFI44L",745,"TTC3",0.00489168413696716,FALSE,"[0,0.1]"
"Control","IFI44L",745,"TUT7",-0.00220264317180617,FALSE,NA
"Control","IFI44L",745,"TXNIP",-0.0542635658914729,FALSE,NA
"Control","IFI44L",745,"UBE2E2",0.0219298245614035,FALSE,"[0,0.1]"
"Control","IFI44L",745,"UBR5",-0.0210526315789474,FALSE,NA
"Control","IFI44L",745,"UBXN2B",-0.0515463917525773,FALSE,NA
"Control","IFI44L",745,"UMAD1",-0.00157232704402516,FALSE,NA
"Control","IFI44L",745,"USP15",0.0142095914742451,FALSE,"[0,0.1]"
"Control","IFI44L",745,"USP34",-0.00287081339712919,FALSE,NA
"Control","IFI44L",745,"USP53",0.00431406384814495,FALSE,"[0,0.1]"
"Control","IFI44L",745,"UTRN",-0.00689655172413793,FALSE,NA
"Control","IFI44L",745,"UTY",-0.00610376398779247,FALSE,NA
"Control","IFI44L",745,"VMP1",0.00348027842227378,FALSE,"[0,0.1]"
"Control","IFI44L",745,"VPS13C",0.00861079219288174,FALSE,"[0,0.1]"
"Control","IFI44L",745,"VPS8",-0.00225733634311512,FALSE,NA
"Control","IFI44L",745,"VTI1A",0.043859649122807,FALSE,"[0,0.1]"
"Control","IFI44L",745,"WDFY2",-0.05,FALSE,NA
"Control","IFI44L",745,"WIPF1",-0.00516129032258065,FALSE,NA
"Control","IFI44L",745,"WNK1",0.0117403314917127,FALSE,"[0,0.1]"
"Control","IFI44L",745,"WSB1",0.0036340316374519,FALSE,"[0,0.1]"
"Control","IFI44L",745,"WWOX",0.00498504486540379,FALSE,"[0,0.1]"
"Control","IFI44L",745,"ZBTB16",-0.000577867668303958,FALSE,NA
"Control","IFI44L",745,"ZBTB20",0.00461815724262221,FALSE,"[0,0.1]"
"Control","IFI44L",745,"ZEB2",0.00344785124984608,FALSE,"[0,0.1]"
"Control","IFI44L",745,"ZFPM2-AS1",0.0079155672823219,FALSE,"[0,0.1]"
"Control","IFI44L",745,"ZMAT3",-0.00862068965517241,FALSE,NA
"Control","IFI44L",745,"ZNF148",-0.00471698113207547,FALSE,NA
"Control","IFI44L",745,"ZNF609",-0.0276679841897233,FALSE,NA
"Control","IFI44L",745,"ZNF638",0.0046801872074883,FALSE,"[0,0.1]"
"Control","IFI44L",745,"ZSWIM6",0.0673684210526316,FALSE,"[0,0.1]"
"Control","JMJD1C",745,"AAK1",0.0088008800880088,FALSE,"[0,0.1]"
"Control","JMJD1C",745,"ABCA1",0.00168776371308017,FALSE,"[0,0.1]"
"Control","JMJD1C",745,"AC007262.2",0.00822447992259313,FALSE,"[0,0.1]"
"Control","JMJD1C",745,"ACSL4",0.00680272108843537,FALSE,"[0,0.1]"
"Control","JMJD1C",745,"ACYP2",0.00539629005059022,FALSE,"[0,0.1]"
"Control","JMJD1C",745,"ADK",0.0140845070422535,FALSE,"[0,0.1]"
"Control","JMJD1C",745,"AFF1",0.00237906423473434,FALSE,"[0,0.1]"
"Control","JMJD1C",745,"AKAP13",-0.0004516711833785,FALSE,NA
"Control","JMJD1C",745,"AKT3",-0.0230769230769231,FALSE,NA
"Control","JMJD1C",745,"AL035446.2",0.013953488372093,FALSE,"[0,0.1]"
"Control","JMJD1C",745,"AL163541.1",0.0108254397834912,FALSE,"[0,0.1]"
"Control","JMJD1C",745,"AL392172.2",0.00173310225303293,FALSE,"[0,0.1]"
"Control","JMJD1C",745,"ALCAM",0.00503930659141302,FALSE,"[0,0.1]"
"Control","JMJD1C",745,"ANKRD12",0.00617461229178633,FALSE,"[0,0.1]"
"Control","JMJD1C",745,"ANKRD17",0.0111764705882353,FALSE,"[0,0.1]"
"Control","JMJD1C",745,"ANKRD44",0.00403225806451613,FALSE,"[0,0.1]"
"Control","JMJD1C",745,"AOAH",-0.00473186119873817,FALSE,NA
"Control","JMJD1C",745,"AP001977.1",0.00772797527047913,FALSE,"[0,0.1]"
"Control","JMJD1C",745,"AP3B1",0.0068359375,FALSE,"[0,0.1]"
"Control","JMJD1C",745,"APOE",-0.0957854406130269,FALSE,NA
"Control","JMJD1C",745,"ARHGAP15",-0.000917431192660551,FALSE,NA
"Control","JMJD1C",745,"ARHGAP18",0.00233553912028026,FALSE,"[0,0.1]"
"Control","JMJD1C",745,"ARHGAP21",0.00487867505456413,FALSE,"[0,0.1]"
"Control","JMJD1C",745,"ARHGAP22",0.00888888888888889,FALSE,"[0,0.1]"
"Control","JMJD1C",745,"ARHGAP24",-0.0119047619047619,FALSE,NA
"Control","JMJD1C",745,"ARHGAP6",0.000547945205479452,FALSE,"[0,0.1]"
"Control","JMJD1C",745,"ARID4B",0.003813882532418,FALSE,"[0,0.1]"
"Control","JMJD1C",745,"ARL15",0.00615655233069481,FALSE,"[0,0.1]"
"Control","JMJD1C",745,"ASAP1",0.00647948164146868,FALSE,"[0,0.1]"
"Control","JMJD1C",745,"ASCC3",0.009375,FALSE,"[0,0.1]"
"Control","JMJD1C",745,"ASH1L",0.0141987829614604,FALSE,"[0,0.1]"
"Control","JMJD1C",745,"ASTN2",0.00664451827242525,FALSE,"[0,0.1]"
"Control","JMJD1C",745,"ATF6",-0.0112903225806452,FALSE,NA
"Control","JMJD1C",745,"ATG7",0.00413844996237773,FALSE,"[0,0.1]"
"Control","JMJD1C",745,"ATM",-0.0476190476190476,FALSE,NA
"Control","JMJD1C",745,"ATRX",0.00921658986175115,FALSE,"[0,0.1]"
"Control","JMJD1C",745,"ATXN1",0.00282326369282891,FALSE,"[0,0.1]"
"Control","JMJD1C",745,"BAZ2B",0.00725538971807629,FALSE,"[0,0.1]"
"Control","JMJD1C",745,"BBS9",0.00796431984708506,FALSE,"[0,0.1]"
"Control","JMJD1C",745,"BBX",-0.00261506276150628,FALSE,NA
"Control","JMJD1C",745,"BCAS3",0.00521350546176763,FALSE,"[0,0.1]"
"Control","JMJD1C",745,"BIRC6",0.00727272727272727,FALSE,"[0,0.1]"
"Control","JMJD1C",745,"BLNK",0.00777604976671851,FALSE,"[0,0.1]"
"Control","JMJD1C",745,"BNC2",0.00343642611683849,FALSE,"[0,0.1]"
"Control","JMJD1C",745,"BPTF",0.0080040020010005,FALSE,"[0,0.1]"
"Control","JMJD1C",745,"BRAF",0.00639658848614072,FALSE,"[0,0.1]"
"Control","JMJD1C",745,"BRWD1",0.00371402042711235,FALSE,"[0,0.1]"
"Control","JMJD1C",745,"BTBD9",0.00223214285714286,FALSE,"[0,0.1]"
"Control","JMJD1C",745,"C1QB",0.0196969696969697,FALSE,"[0,0.1]"
"Control","JMJD1C",745,"C20orf194",0.00630630630630631,FALSE,"[0,0.1]"
"Control","JMJD1C",745,"CAB39",0.0134615384615385,FALSE,"[0,0.1]"
"Control","JMJD1C",745,"CADM1",0.00780880265026029,FALSE,"[0,0.1]"
"Control","JMJD1C",745,"CAMK2D",0.00980392156862745,FALSE,"[0,0.1]"
"Control","JMJD1C",745,"CCDC26",0.0123239436619718,FALSE,"[0,0.1]"
"Control","JMJD1C",745,"CCDC88A",0.00813472242043671,FALSE,"[0,0.1]"
"Control","JMJD1C",745,"CCND3",0.00266058532877233,FALSE,"[0,0.1]"
"Control","JMJD1C",745,"CCNH",0.00242600679281902,FALSE,"[0,0.1]"
"Control","JMJD1C",745,"CCNY",-0.0296296296296296,FALSE,NA
"Control","JMJD1C",745,"CD163",0.00539460539460539,FALSE,"[0,0.1]"
"Control","JMJD1C",745,"CD86",0.00037593984962406,FALSE,"[0,0.1]"
"Control","JMJD1C",745,"CDK14",0.00766016713091922,FALSE,"[0,0.1]"
"Control","JMJD1C",745,"CDK19",0.00701926216127979,FALSE,"[0,0.1]"
"Control","JMJD1C",745,"CDK6",0.0110294117647059,FALSE,"[0,0.1]"
"Control","JMJD1C",745,"CDKAL1",0.00476190476190476,FALSE,"[0,0.1]"
"Control","JMJD1C",745,"CELF2",-0.0112410071942446,FALSE,NA
"Control","JMJD1C",745,"CEP350",0.0136986301369863,FALSE,"[0,0.1]"
"Control","JMJD1C",745,"CFLAR",0.00376647834274953,FALSE,"[0,0.1]"
"Control","JMJD1C",745,"CHD2",0.00775193798449612,FALSE,"[0,0.1]"
"Control","JMJD1C",745,"CHST15",0.00662878787878788,FALSE,"[0,0.1]"
"Control","JMJD1C",745,"CHSY3",0.0114754098360656,FALSE,"[0,0.1]"
"Control","JMJD1C",745,"CLASP2",0.00775558166862515,FALSE,"[0,0.1]"
"Control","JMJD1C",745,"CMSS1",0.0055045871559633,FALSE,"[0,0.1]"
"Control","JMJD1C",745,"COG5",0.0303030303030303,FALSE,"[0,0.1]"
"Control","JMJD1C",745,"COP1",0.0106951871657754,FALSE,"[0,0.1]"
"Control","JMJD1C",745,"CPED1",0.0125832716506292,FALSE,"[0,0.1]"
"Control","JMJD1C",745,"CPM",0.00874125874125874,FALSE,"[0,0.1]"
"Control","JMJD1C",745,"CPQ",-0.00831024930747922,FALSE,NA
"Control","JMJD1C",745,"CR1",0.00709812108559499,FALSE,"[0,0.1]"
"Control","JMJD1C",745,"CRADD",0.00181818181818182,FALSE,"[0,0.1]"
"Control","JMJD1C",745,"CSGALNACT1",0.00222852512155592,FALSE,"[0,0.1]"
"Control","JMJD1C",745,"CSNK1A1",0.0182724252491694,FALSE,"[0,0.1]"
"Control","JMJD1C",745,"CTTNBP2",-0.00366300366300366,FALSE,NA
"Control","JMJD1C",745,"CYBB",0.00921658986175115,FALSE,"[0,0.1]"
"Control","JMJD1C",745,"DCAF6",0.0222222222222222,FALSE,"[0,0.1]"
"Control","JMJD1C",745,"DDX17",0.00727340544572921,FALSE,"[0,0.1]"
"Control","JMJD1C",745,"DDX5",0.00419084461637653,FALSE,"[0,0.1]"
"Control","JMJD1C",745,"DENND4C",0.00107411385606874,FALSE,"[0,0.1]"
"Control","JMJD1C",745,"DIAPH2",0.0135135135135135,FALSE,"[0,0.1]"
"Control","JMJD1C",745,"DIP2B",0.010272759475735,FALSE,"[0,0.1]"
"Control","JMJD1C",745,"DIRC3",0.00445558340295182,FALSE,"[0,0.1]"
"Control","JMJD1C",745,"DISP1",0.00426191398682681,FALSE,"[0,0.1]"
"Control","JMJD1C",745,"DLEU2",0.0049318929074683,FALSE,"[0,0.1]"
"Control","JMJD1C",745,"DLG1",0.00837581937363438,FALSE,"[0,0.1]"
"Control","JMJD1C",745,"DLG2",0.00865930128396536,FALSE,"[0,0.1]"
"Control","JMJD1C",745,"DMXL2",0.00522648083623693,FALSE,"[0,0.1]"
"Control","JMJD1C",745,"DOCK10",0.00887789259205356,FALSE,"[0,0.1]"
"Control","JMJD1C",745,"DOCK2",0.00863309352517986,FALSE,"[0,0.1]"
"Control","JMJD1C",745,"DOCK5",0.00594975760246805,FALSE,"[0,0.1]"
"Control","JMJD1C",745,"DOCK8",0.00792079207920792,FALSE,"[0,0.1]"
"Control","JMJD1C",745,"DPYD",0.00323463548146305,FALSE,"[0,0.1]"
"Control","JMJD1C",745,"DST",0.00759602011340537,FALSE,"[0,0.1]"
"Control","JMJD1C",745,"DTNA",0.00790513833992095,FALSE,"[0,0.1]"
"Control","JMJD1C",745,"DYM",0.00462962962962963,FALSE,"[0,0.1]"
"Control","JMJD1C",745,"EDA",0.00383141762452107,FALSE,"[0,0.1]"
"Control","JMJD1C",745,"EEF1A1",0.0810810810810811,FALSE,"[0,0.1]"
"Control","JMJD1C",745,"EIF4G3",0.0055056505360765,FALSE,"[0,0.1]"
"Control","JMJD1C",745,"ELF1",0.00557620817843866,FALSE,"[0,0.1]"
"Control","JMJD1C",745,"ELMO1",-0.00310834813499112,FALSE,NA
"Control","JMJD1C",745,"EPS15",0.00478074513682822,FALSE,"[0,0.1]"
"Control","JMJD1C",745,"EPSTI1",0.00700525394045534,FALSE,"[0,0.1]"
"Control","JMJD1C",745,"ERBIN",0.00795250896057348,FALSE,"[0,0.1]"
"Control","JMJD1C",745,"ERC1",0.00267022696929239,FALSE,"[0,0.1]"
"Control","JMJD1C",745,"EVI5",0.0127272727272727,FALSE,"[0,0.1]"
"Control","JMJD1C",745,"EVL",0.0476190476190476,FALSE,"[0,0.1]"
"Control","JMJD1C",745,"EXOC4",0.00646551724137931,FALSE,"[0,0.1]"
"Control","JMJD1C",745,"EXOC6B",0.00660264105642257,FALSE,"[0,0.1]"
"Control","JMJD1C",745,"F13A1",0.00598179453836151,FALSE,"[0,0.1]"
"Control","JMJD1C",745,"FAF1",0.00352319436288902,FALSE,"[0,0.1]"
"Control","JMJD1C",745,"FAM135A",0.00271739130434783,FALSE,"[0,0.1]"
"Control","JMJD1C",745,"FAM13A",-0.00592592592592593,FALSE,NA
"Control","JMJD1C",745,"FAM149A",-0.0173501577287066,FALSE,NA
"Control","JMJD1C",745,"FAM168A",0.0113085621970921,FALSE,"[0,0.1]"
"Control","JMJD1C",745,"FAM49A",-0.0343642611683849,FALSE,NA
"Control","JMJD1C",745,"FAR2",0.0157894736842105,FALSE,"[0,0.1]"
"Control","JMJD1C",745,"FARS2",0.012987012987013,FALSE,"[0,0.1]"
"Control","JMJD1C",745,"FBXO11",0.0304347826086956,FALSE,"[0,0.1]"
"Control","JMJD1C",745,"FCHO2",0.00369549150036955,FALSE,"[0,0.1]"
"Control","JMJD1C",745,"FCHSD2",0.0160550458715596,FALSE,"[0,0.1]"
"Control","JMJD1C",745,"FER",0.00612661674608577,FALSE,"[0,0.1]"
"Control","JMJD1C",745,"FGD4",0.00705882352941176,FALSE,"[0,0.1]"
"Control","JMJD1C",745,"FHIT",-0.00488997555012225,FALSE,NA
"Control","JMJD1C",745,"FKBP5",0.00492476060191518,FALSE,"[0,0.1]"
"Control","JMJD1C",745,"FLI1",-0.00558659217877095,FALSE,NA
"Control","JMJD1C",745,"FMN1",0.00490575781048283,FALSE,"[0,0.1]"
"Control","JMJD1C",745,"FMNL2",0.0062661260597125,FALSE,"[0,0.1]"
"Control","JMJD1C",745,"FNDC3A",-0.0163934426229508,FALSE,NA
"Control","JMJD1C",745,"FNIP1",0.00489929232444202,FALSE,"[0,0.1]"
"Control","JMJD1C",745,"FOXN3",0.0196779964221825,FALSE,"[0,0.1]"
"Control","JMJD1C",745,"FOXO3",-0.000429737859905458,FALSE,NA
"Control","JMJD1C",745,"FOXP1",-0.00507872016251905,FALSE,NA
"Control","JMJD1C",745,"FRMD4B",0.00517429193899782,FALSE,"[0,0.1]"
"Control","JMJD1C",745,"FRYL",0.00872522922212363,FALSE,"[0,0.1]"
"Control","JMJD1C",745,"FTH1",-0.00616649537512847,FALSE,NA
"Control","JMJD1C",745,"FTO",0.0126582278481013,FALSE,"[0,0.1]"
"Control","JMJD1C",745,"FTX",0.00367408688134861,FALSE,"[0,0.1]"
"Control","JMJD1C",745,"GAB1",0.00627982918864607,FALSE,"[0,0.1]"
"Control","JMJD1C",745,"GALNT10",-0.0354609929078014,FALSE,NA
"Control","JMJD1C",745,"GALNTL6",0.00731707317073171,FALSE,"[0,0.1]"
"Control","JMJD1C",745,"GLDN",0.0157593123209169,FALSE,"[0,0.1]"
"Control","JMJD1C",745,"GNAQ",0.0327380952380952,FALSE,"[0,0.1]"
"Control","JMJD1C",745,"GOLGA4",0.0404040404040404,FALSE,"[0,0.1]"
"Control","JMJD1C",745,"GPHN",0.00584174190122146,FALSE,"[0,0.1]"
"Control","JMJD1C",745,"GPNMB",-0.00749063670411985,FALSE,NA
"Control","JMJD1C",745,"GPRIN3",-0.00233644859813084,FALSE,NA
"Control","JMJD1C",745,"GRID2",0.0522388059701492,FALSE,"[0,0.1]"
"Control","JMJD1C",745,"GRK3",-0.0129310344827586,FALSE,NA
"Control","JMJD1C",745,"GSAP",-0.00247524752475248,FALSE,NA
"Control","JMJD1C",745,"GSK3B",0.0101010101010101,FALSE,"[0,0.1]"
"Control","JMJD1C",745,"GTDC1",0.00585568568190404,FALSE,"[0,0.1]"
"Control","JMJD1C",745,"HCLS1",0.00383141762452107,FALSE,"[0,0.1]"
"Control","JMJD1C",745,"HDAC8",0.0119047619047619,FALSE,"[0,0.1]"
"Control","JMJD1C",745,"HDAC9",0.0121561100447857,FALSE,"[0,0.1]"
"Control","JMJD1C",745,"HELZ",0.00823970037453184,FALSE,"[0,0.1]"
"Control","JMJD1C",745,"HERC1",0.00538599640933573,FALSE,"[0,0.1]"
"Control","JMJD1C",745,"HNRNPA2B1",0.00455235204855842,FALSE,"[0,0.1]"
"Control","JMJD1C",745,"HNRNPC",0.03125,FALSE,"[0,0.1]"
"Control","JMJD1C",745,"HNRNPU",0.0053964300539643,FALSE,"[0,0.1]"
"Control","JMJD1C",745,"HS3ST4",0.0117868929750118,FALSE,"[0,0.1]"
"Control","JMJD1C",745,"HSP90AA1",0.00413793103448276,FALSE,"[0,0.1]"
"Control","JMJD1C",745,"IFI44L",0.00968992248062015,FALSE,"[0,0.1]"
"Control","JMJD1C",745,"IFNGR1",0.0287474332648871,FALSE,"[0,0.1]"
"Control","JMJD1C",745,"IFNGR2",0.011037527593819,FALSE,"[0,0.1]"
"Control","JMJD1C",745,"IGF1R",0.0028030833917309,FALSE,"[0,0.1]"
"Control","JMJD1C",745,"IL10RA",-0.00247678018575851,FALSE,NA
"Control","JMJD1C",745,"IQCJ-SCHIP1",0.0062111801242236,FALSE,"[0,0.1]"
"Control","JMJD1C",745,"IQGAP2",0.00254582484725051,FALSE,"[0,0.1]"
"Control","JMJD1C",745,"IRAK3",0.00220426157237326,FALSE,"[0,0.1]"
"Control","JMJD1C",745,"IRS2",-0.00297619047619048,FALSE,NA
"Control","JMJD1C",745,"ITPR1",0.12,FALSE,"(0.1,0.2]"
"Control","JMJD1C",745,"ITPR2",0.0335917312661499,FALSE,"[0,0.1]"
"Control","JMJD1C",745,"JAK1",-0.00770416024653313,FALSE,NA
"Control","JMJD1C",745,"JAK2",0.166666666666667,FALSE,"(0.1,0.2]"
"Control","JMJD1C",745,"JARID2",-0.00773694390715667,FALSE,NA
"Control","JMJD1C",745,"KANSL1",0.0108108108108108,FALSE,"[0,0.1]"
"Control","JMJD1C",745,"KCNK13",0.0181347150259067,FALSE,"[0,0.1]"
"Control","JMJD1C",745,"KCNMA1",-0.035377358490566,FALSE,NA
"Control","JMJD1C",745,"KDM2A",0.00591715976331361,FALSE,"[0,0.1]"
"Control","JMJD1C",745,"KDM4C",0.00553319919517103,FALSE,"[0,0.1]"
"Control","JMJD1C",745,"KDM6A",0.0357142857142857,FALSE,"[0,0.1]"
"Control","JMJD1C",745,"KIAA1109",0.005,FALSE,"[0,0.1]"
"Control","JMJD1C",745,"KMT2E",0.00467289719626168,FALSE,"[0,0.1]"
"Control","JMJD1C",745,"KYNU",-0.00682926829268293,FALSE,NA
"Control","JMJD1C",745,"L3MBTL4",0.00570125427594071,FALSE,"[0,0.1]"
"Control","JMJD1C",745,"LCOR",0.106060606060606,FALSE,"(0.1,0.2]"
"Control","JMJD1C",745,"LCORL",0.00696864111498258,FALSE,"[0,0.1]"
"Control","JMJD1C",745,"LINC00278",0.00168161434977578,FALSE,"[0,0.1]"
"Control","JMJD1C",745,"LINC01473",0.00132978723404255,FALSE,"[0,0.1]"
"Control","JMJD1C",745,"LNCAROD",0.0191570881226054,FALSE,"[0,0.1]"
"Control","JMJD1C",745,"LPP",0.0114613180515759,FALSE,"[0,0.1]"
"Control","JMJD1C",745,"LRBA",0.00520833333333333,FALSE,"[0,0.1]"
"Control","JMJD1C",745,"LRCH1",0.625000000000001,FALSE,"(0.6,0.7]"
"Control","JMJD1C",745,"LRRC8D",0.03954802259887,FALSE,"[0,0.1]"
"Control","JMJD1C",745,"LRRK2",-0.00124069478908189,FALSE,NA
"Control","JMJD1C",745,"LYST",0.0130841121495327,FALSE,"[0,0.1]"
"Control","JMJD1C",745,"MACF1",0.00629697339020922,FALSE,"[0,0.1]"
"Control","JMJD1C",745,"MACROD2",0.00635103926096998,FALSE,"[0,0.1]"
"Control","JMJD1C",745,"MAF",0.0153374233128834,FALSE,"[0,0.1]"
"Control","JMJD1C",745,"MALAT1",0.00593952483801296,FALSE,"[0,0.1]"
"Control","JMJD1C",745,"MAML2",0.00445009535918627,FALSE,"[0,0.1]"
"Control","JMJD1C",745,"MAN1A1",0.00166979753704863,FALSE,"[0,0.1]"
"Control","JMJD1C",745,"MAN1C1",0.012987012987013,FALSE,"[0,0.1]"
"Control","JMJD1C",745,"MAN2A1",0.00756542229939228,FALSE,"[0,0.1]"
"Control","JMJD1C",745,"MANBA",-0.937499999999997,FALSE,NA
"Control","JMJD1C",745,"MAP3K5",0.0196078431372549,FALSE,"[0,0.1]"
"Control","JMJD1C",745,"MAP4K4",0.0192678227360308,FALSE,"[0,0.1]"
"Control","JMJD1C",745,"MARCH1",0.0173770491803279,FALSE,"[0,0.1]"
"Control","JMJD1C",745,"MARK3",0.00561272217025257,FALSE,"[0,0.1]"
"Control","JMJD1C",745,"MBD5",0.00755667506297229,FALSE,"[0,0.1]"
"Control","JMJD1C",745,"MBNL1",0.00409836065573771,FALSE,"[0,0.1]"
"Control","JMJD1C",745,"MBNL2",0.00547507699327022,FALSE,"[0,0.1]"
"Control","JMJD1C",745,"MBP",0.00664863646608068,FALSE,"[0,0.1]"
"Control","JMJD1C",745,"MED13L",0.0155148095909732,FALSE,"[0,0.1]"
"Control","JMJD1C",745,"MEF2C",0.0101419878296146,FALSE,"[0,0.1]"
"Control","JMJD1C",745,"MERTK",0.00442477876106195,FALSE,"[0,0.1]"
"Control","JMJD1C",745,"MIR181A1HG",-0.047085201793722,FALSE,NA
"Control","JMJD1C",745,"MIR99AHG",-0.000224014336917563,FALSE,NA
"Control","JMJD1C",745,"MITF",0.00371747211895911,FALSE,"[0,0.1]"
"Control","JMJD1C",745,"MKLN1",0.00571428571428571,FALSE,"[0,0.1]"
"Control","JMJD1C",745,"MS4A4A",0.00470072077718584,FALSE,"[0,0.1]"
"Control","JMJD1C",745,"MS4A6A",0.00524590163934426,FALSE,"[0,0.1]"
"Control","JMJD1C",745,"MSI2",-0.0153217568947906,FALSE,NA
"Control","JMJD1C",745,"MSR1",-0.000650618087182824,FALSE,NA
"Control","JMJD1C",745,"MTHFD1L",0.0136986301369863,FALSE,"[0,0.1]"
"Control","JMJD1C",745,"MTSS1",0.00676036292474649,FALSE,"[0,0.1]"
"Control","JMJD1C",745,"MVB12B",0.00336767036450079,FALSE,"[0,0.1]"
"Control","JMJD1C",745,"MYCBP2",0.0154867256637168,FALSE,"[0,0.1]"
"Control","JMJD1C",745,"MYO1D",0.00672215108834827,FALSE,"[0,0.1]"
"Control","JMJD1C",745,"MYO1E",0.00626174076393237,FALSE,"[0,0.1]"
"Control","JMJD1C",745,"MYO5A",0.00812112869924294,FALSE,"[0,0.1]"
"Control","JMJD1C",745,"N4BP2L2",0.00650261379574142,FALSE,"[0,0.1]"
"Control","JMJD1C",745,"NAV2",0.00810810810810811,FALSE,"[0,0.1]"
"Control","JMJD1C",745,"NBEA",-0.00053475935828877,FALSE,NA
"Control","JMJD1C",745,"NCKAP5",0.00400659910440726,FALSE,"[0,0.1]"
"Control","JMJD1C",745,"NCOA2",0.00425531914893617,FALSE,"[0,0.1]"
"Control","JMJD1C",745,"NCOA3",0.0122836404243439,FALSE,"[0,0.1]"
"Control","JMJD1C",745,"NEDD4L",0.011070110701107,FALSE,"[0,0.1]"
"Control","JMJD1C",745,"NEK7",-0.0148514851485149,FALSE,NA
"Control","JMJD1C",745,"NFAT5",0.00694444444444444,FALSE,"[0,0.1]"
"Control","JMJD1C",745,"NFIA",0.00570522979397781,FALSE,"[0,0.1]"
"Control","JMJD1C",745,"NHSL1",0.00335993280134397,FALSE,"[0,0.1]"
"Control","JMJD1C",745,"NLK",0.00743724821815928,FALSE,"[0,0.1]"
"Control","JMJD1C",745,"NPAS3",0.00708173502508114,FALSE,"[0,0.1]"
"Control","JMJD1C",745,"NPL",0.0075187969924812,FALSE,"[0,0.1]"
"Control","JMJD1C",745,"NR3C1",0.0148883374689826,FALSE,"[0,0.1]"
"Control","JMJD1C",745,"NR3C2",-0.00980392156862745,FALSE,NA
"Control","JMJD1C",745,"NSMCE2",0.00662251655629139,FALSE,"[0,0.1]"
"Control","JMJD1C",745,"NUMB",4.00000000000002,FALSE,NA
"Control","JMJD1C",745,"OSBPL1A",0.0144491270319085,FALSE,"[0,0.1]"
"Control","JMJD1C",745,"OSBPL3",-0.00656455142231947,FALSE,NA
"Control","JMJD1C",745,"OSBPL8",0.00303030303030303,FALSE,"[0,0.1]"
"Control","JMJD1C",745,"OXR1",0.00934579439252336,FALSE,"[0,0.1]"
"Control","JMJD1C",745,"PAN3",-0.0125,FALSE,NA
"Control","JMJD1C",745,"PARP8",0.00731528895391368,FALSE,"[0,0.1]"
"Control","JMJD1C",745,"PBX3",-0.0104529616724739,FALSE,NA
"Control","JMJD1C",745,"PCCA",0.011090573012939,FALSE,"[0,0.1]"
"Control","JMJD1C",745,"PCDH9",-0.00311526479750779,FALSE,NA
"Control","JMJD1C",745,"PCM1",0.00263019463440295,FALSE,"[0,0.1]"
"Control","JMJD1C",745,"PDE3B",-0.00262582056892779,FALSE,NA
"Control","JMJD1C",745,"PDE4B",0.012025012025012,FALSE,"[0,0.1]"
"Control","JMJD1C",745,"PDE8A",-0.00251994960100798,FALSE,NA
"Control","JMJD1C",745,"PDGFC",0.00683554483313229,FALSE,"[0,0.1]"
"Control","JMJD1C",745,"PEAK1",0.00392066420664207,FALSE,"[0,0.1]"
"Control","JMJD1C",745,"PELI1",-0.114942528735632,FALSE,NA
"Control","JMJD1C",745,"PELI2",0.00218340611353712,FALSE,"[0,0.1]"
"Control","JMJD1C",745,"PHC2",0.0161527165932452,FALSE,"[0,0.1]"
"Control","JMJD1C",745,"PHC3",0.00591715976331361,FALSE,"[0,0.1]"
"Control","JMJD1C",745,"PHF21A",0.00493421052631579,FALSE,"[0,0.1]"
"Control","JMJD1C",745,"PIAS1",0.0107066381156317,FALSE,"[0,0.1]"
"Control","JMJD1C",745,"PICALM",0.0112600536193029,FALSE,"[0,0.1]"
"Control","JMJD1C",745,"PIK3R5",0.00909090909090909,FALSE,"[0,0.1]"
"Control","JMJD1C",745,"PIP4K2A",0.00732373386295929,FALSE,"[0,0.1]"
"Control","JMJD1C",745,"PLCL1",0.00482954545454546,FALSE,"[0,0.1]"
"Control","JMJD1C",745,"PLCL2",0.00648748841519926,FALSE,"[0,0.1]"
"Control","JMJD1C",745,"PLSCR1",-0.00332225913621262,FALSE,NA
"Control","JMJD1C",745,"PNISR",0.0131406044678055,FALSE,"[0,0.1]"
"Control","JMJD1C",745,"PPM1L",0.00903954802259887,FALSE,"[0,0.1]"
"Control","JMJD1C",745,"PPP1R12A",0.011090573012939,FALSE,"[0,0.1]"
"Control","JMJD1C",745,"PPP3CA",0.00689655172413793,FALSE,"[0,0.1]"
"Control","JMJD1C",745,"PRKAG2",-0.0243492863140218,FALSE,NA
"Control","JMJD1C",745,"PRKCE",0.0053475935828877,FALSE,"[0,0.1]"
"Control","JMJD1C",745,"PSMA1",0.00126103404791929,FALSE,"[0,0.1]"
"Control","JMJD1C",745,"PTK2",0.00575090371344068,FALSE,"[0,0.1]"
"Control","JMJD1C",745,"PTPRG",0.00712896953985742,FALSE,"[0,0.1]"
"Control","JMJD1C",745,"PTPRM",0.00167785234899329,FALSE,"[0,0.1]"
"Control","JMJD1C",745,"QKI",-0.00786448880822747,FALSE,NA
"Control","JMJD1C",745,"RAB10",0.0122107969151671,FALSE,"[0,0.1]"
"Control","JMJD1C",745,"RABGAP1L",0.0833333333333334,FALSE,"[0,0.1]"
"Control","JMJD1C",745,"RALGAPA2",0.00961538461538461,FALSE,"[0,0.1]"
"Control","JMJD1C",745,"RAP1A",0.028169014084507,FALSE,"[0,0.1]"
"Control","JMJD1C",745,"RAPGEF2",0.0609756097560976,FALSE,"[0,0.1]"
"Control","JMJD1C",745,"RAPGEF6",0.00767754318618042,FALSE,"[0,0.1]"
"Control","JMJD1C",745,"RBM47",0.00859291084854995,FALSE,"[0,0.1]"
"Control","JMJD1C",745,"RBMS1",0.00847682119205298,FALSE,"[0,0.1]"
"Control","JMJD1C",745,"RBPJ",0.00261703983716197,FALSE,"[0,0.1]"
"Control","JMJD1C",745,"RCSD1",-0.00342935528120713,FALSE,NA
"Control","JMJD1C",745,"RERE",0.00259824618382592,FALSE,"[0,0.1]"
"Control","JMJD1C",745,"REV3L",0.00303152789005659,FALSE,"[0,0.1]"
"Control","JMJD1C",745,"RFX3",-0.003125,FALSE,NA
"Control","JMJD1C",745,"RGL1",0.00688194812069878,FALSE,"[0,0.1]"
"Control","JMJD1C",745,"RICTOR",0.00496154800297693,FALSE,"[0,0.1]"
"Control","JMJD1C",745,"RIN2",0.00708661417322835,FALSE,"[0,0.1]"
"Control","JMJD1C",745,"RNF144B",-0.00912408759124088,FALSE,NA
"Control","JMJD1C",745,"RNF149",0.00727650727650728,FALSE,"[0,0.1]"
"Control","JMJD1C",745,"ROCK1",0.00917431192660551,FALSE,"[0,0.1]"
"Control","JMJD1C",745,"RTN4",0.0139372822299652,FALSE,"[0,0.1]"
"Control","JMJD1C",745,"SAMD12",0.00524367674275139,FALSE,"[0,0.1]"
"Control","JMJD1C",745,"SBF2",0.00303336703741153,FALSE,"[0,0.1]"
"Control","JMJD1C",745,"SCAF11",0.00671140939597316,FALSE,"[0,0.1]"
"Control","JMJD1C",745,"SDCCAG8",0.00517687661777394,FALSE,"[0,0.1]"
"Control","JMJD1C",745,"SDK1",-0.0138888888888889,FALSE,NA
"Control","JMJD1C",745,"SEC14L1",-0.00702189178025609,FALSE,NA
"Control","JMJD1C",745,"SENP6",0.0384615384615385,FALSE,"[0,0.1]"
"Control","JMJD1C",745,"SGK1",0.00122230710466005,FALSE,"[0,0.1]"
"Control","JMJD1C",745,"SGK3",0.00582567779520502,FALSE,"[0,0.1]"
"Control","JMJD1C",745,"SGMS1",0.0074471254095919,FALSE,"[0,0.1]"
"Control","JMJD1C",745,"SHTN1",0.00833946529310768,FALSE,"[0,0.1]"
"Control","JMJD1C",745,"SIK3",0.0064743967039435,FALSE,"[0,0.1]"
"Control","JMJD1C",745,"SKAP2",0.749999999999999,FALSE,"(0.7,0.8]"
"Control","JMJD1C",745,"SLC22A23",0.000266453503863576,FALSE,"[0,0.1]"
"Control","JMJD1C",745,"SLC25A13",0.003168854685378,FALSE,"[0,0.1]"
"Control","JMJD1C",745,"SLC2A13",-0.0317460317460317,FALSE,NA
"Control","JMJD1C",745,"SLC39A11",0.00412276683463124,FALSE,"[0,0.1]"
"Control","JMJD1C",745,"SLC44A1",0.00795174115711544,FALSE,"[0,0.1]"
"Control","JMJD1C",745,"SLC4A7",-0.0192307692307692,FALSE,NA
"Control","JMJD1C",745,"SLC8A1",-0.00952380952380952,FALSE,NA
"Control","JMJD1C",745,"SLC9A9",0.00503875968992248,FALSE,"[0,0.1]"
"Control","JMJD1C",745,"SMAD2",0.117647058823529,FALSE,"(0.1,0.2]"
"Control","JMJD1C",745,"SMAP2",-0.00625,FALSE,NA
"Control","JMJD1C",745,"SMCHD1",-0.00316957210776545,FALSE,NA
"Control","JMJD1C",745,"SMYD3",0.00433526011560694,FALSE,"[0,0.1]"
"Control","JMJD1C",745,"SNCA",0.00877742946708464,FALSE,"[0,0.1]"
"Control","JMJD1C",745,"SND1",0.00541516245487365,FALSE,"[0,0.1]"
"Control","JMJD1C",745,"SNX13",0.00732844770153231,FALSE,"[0,0.1]"
"Control","JMJD1C",745,"SORT1",0.00651819663226507,FALSE,"[0,0.1]"
"Control","JMJD1C",745,"SOS1",0.016260162601626,FALSE,"[0,0.1]"
"Control","JMJD1C",745,"SPECC1",0.022140221402214,FALSE,"[0,0.1]"
"Control","JMJD1C",745,"SPIDR",0.00317208564631245,FALSE,"[0,0.1]"
"Control","JMJD1C",745,"SPIRE1",0.0047244094488189,FALSE,"[0,0.1]"
"Control","JMJD1C",745,"SPTLC2",0.0220417633410673,FALSE,"[0,0.1]"
"Control","JMJD1C",745,"SRGAP1",0.00781515460414543,FALSE,"[0,0.1]"
"Control","JMJD1C",745,"SRGAP2B",-0.00466200466200466,FALSE,NA
"Control","JMJD1C",745,"SRPK2",0.00589225589225589,FALSE,"[0,0.1]"
"Control","JMJD1C",745,"SSBP2",0.00438404208680403,FALSE,"[0,0.1]"
"Control","JMJD1C",745,"ST18",0.00807501953633759,FALSE,"[0,0.1]"
"Control","JMJD1C",745,"ST6GALNAC3",0.00544662309368192,FALSE,"[0,0.1]"
"Control","JMJD1C",745,"ST8SIA4",0.00799200799200799,FALSE,"[0,0.1]"
"Control","JMJD1C",745,"STARD13",0.00491738788355626,FALSE,"[0,0.1]"
"Control","JMJD1C",745,"STAU2",0.0115473441108545,FALSE,"[0,0.1]"
"Control","JMJD1C",745,"STK3",0.0154639175257732,FALSE,"[0,0.1]"
"Control","JMJD1C",745,"STX7",-0.00344827586206897,FALSE,NA
"Control","JMJD1C",745,"SUCLG2",0.00576368876080692,FALSE,"[0,0.1]"
"Control","JMJD1C",745,"SUPT3H",0.00647249190938511,FALSE,"[0,0.1]"
"Control","JMJD1C",745,"SYK",0.00912506709608159,FALSE,"[0,0.1]"
"Control","JMJD1C",745,"TAB2",0.0151515151515152,FALSE,"[0,0.1]"
"Control","JMJD1C",745,"TANC2",-0.00550206327372765,FALSE,NA
"Control","JMJD1C",745,"TANK",0.00344827586206897,FALSE,"[0,0.1]"
"Control","JMJD1C",745,"TAOK3",0.0373831775700935,FALSE,"[0,0.1]"
"Control","JMJD1C",745,"TBC1D1",0.0157170923379175,FALSE,"[0,0.1]"
"Control","JMJD1C",745,"TBC1D4",0.0136612021857923,FALSE,"[0,0.1]"
"Control","JMJD1C",745,"TBC1D5",0.00674068199841396,FALSE,"[0,0.1]"
"Control","JMJD1C",745,"TBL1XR1",2.99999999999998,FALSE,NA
"Control","JMJD1C",745,"TBXAS1",0.00625,FALSE,"[0,0.1]"
"Control","JMJD1C",745,"TCF12",0.00712830957230143,FALSE,"[0,0.1]"
"Control","JMJD1C",745,"TCF4",-0.00338409475465313,FALSE,NA
"Control","JMJD1C",745,"TET2",0.000989119683481701,FALSE,"[0,0.1]"
"Control","JMJD1C",745,"TFEC",0.0118343195266272,FALSE,"[0,0.1]"
"Control","JMJD1C",745,"TGFBR2",0.0213385063045587,FALSE,"[0,0.1]"
"Control","JMJD1C",745,"TLR2",0.00893743793445879,FALSE,"[0,0.1]"
"Control","JMJD1C",745,"TMEM117",0.0227272727272727,FALSE,"[0,0.1]"
"Control","JMJD1C",745,"TMEM65",0.00916380297823597,FALSE,"[0,0.1]"
"Control","JMJD1C",745,"TMTC2",0.00784406940812931,FALSE,"[0,0.1]"
"Control","JMJD1C",745,"TNRC6B",-0.00189035916824197,FALSE,NA
"Control","JMJD1C",745,"TPK1",-0.0101010101010101,FALSE,NA
"Control","JMJD1C",745,"TPRG1",0.00348432055749129,FALSE,"[0,0.1]"
"Control","JMJD1C",745,"TRAPPC9",0.0130434782608696,FALSE,"[0,0.1]"
"Control","JMJD1C",745,"TRHDE",0.00645161290322581,FALSE,"[0,0.1]"
"Control","JMJD1C",745,"TRIO",0.0028169014084507,FALSE,"[0,0.1]"
"Control","JMJD1C",745,"TRIP12",0.0177514792899408,FALSE,"[0,0.1]"
"Control","JMJD1C",745,"TRPS1",0.00362581580855693,FALSE,"[0,0.1]"
"Control","JMJD1C",745,"TTC3",0.00302818541812252,FALSE,"[0,0.1]"
"Control","JMJD1C",745,"TUT7",0.00220264317180617,FALSE,"[0,0.1]"
"Control","JMJD1C",745,"TXNIP",-0.00516795865633075,FALSE,NA
"Control","JMJD1C",745,"UBE2E1",-0.0175438596491228,FALSE,NA
"Control","JMJD1C",745,"UBE2E2",0.0175438596491228,FALSE,"[0,0.1]"
"Control","JMJD1C",745,"UBR5",-0.0126315789473684,FALSE,NA
"Control","JMJD1C",745,"UBXN2B",-0.0618556701030928,FALSE,NA
"Control","JMJD1C",745,"UMAD1",0.00786163522012579,FALSE,"[0,0.1]"
"Control","JMJD1C",745,"USP15",0.0106571936056838,FALSE,"[0,0.1]"
"Control","JMJD1C",745,"USP34",0.00669856459330144,FALSE,"[0,0.1]"
"Control","JMJD1C",745,"USP53",0.00690250215703192,FALSE,"[0,0.1]"
"Control","JMJD1C",745,"UTRN",0.00295566502463054,FALSE,"[0,0.1]"
"Control","JMJD1C",745,"UTY",0.00915564598168871,FALSE,"[0,0.1]"
"Control","JMJD1C",745,"VMP1",0.00928074245939675,FALSE,"[0,0.1]"
"Control","JMJD1C",745,"VPS13C",0.00516647531572905,FALSE,"[0,0.1]"
"Control","JMJD1C",745,"VPS8",0.00451467268623025,FALSE,"[0,0.1]"
"Control","JMJD1C",745,"VTI1A",0.0087719298245614,FALSE,"[0,0.1]"
"Control","JMJD1C",745,"WIPF1",0.00387096774193548,FALSE,"[0,0.1]"
"Control","JMJD1C",745,"WNK1",0.0103591160220994,FALSE,"[0,0.1]"
"Control","JMJD1C",745,"WSB1",0.00470286447199658,FALSE,"[0,0.1]"
"Control","JMJD1C",745,"XPR1",0.01171875,FALSE,"[0,0.1]"
"Control","JMJD1C",745,"ZBTB16",0.00173360300491188,FALSE,"[0,0.1]"
"Control","JMJD1C",745,"ZBTB20",0.00574453705789592,FALSE,"[0,0.1]"
"Control","JMJD1C",745,"ZEB2",0.00628001477650536,FALSE,"[0,0.1]"
"Control","JMJD1C",745,"ZFPM2-AS1",0.0178100263852243,FALSE,"[0,0.1]"
"Control","JMJD1C",745,"ZMAT3",0.0129310344827586,FALSE,"[0,0.1]"
"Control","JMJD1C",745,"ZNF148",0.00943396226415094,FALSE,"[0,0.1]"
"Control","JMJD1C",745,"ZNF292",0.0009765625,FALSE,"[0,0.1]"
"Control","JMJD1C",745,"ZNF609",0.0118577075098814,FALSE,"[0,0.1]"
"Control","JMJD1C",745,"ZNF638",0.00637025481019241,FALSE,"[0,0.1]"
"Control","JMJD1C",745,"ZSWIM6",-0.0126315789473684,FALSE,NA
"Control","CHSY1",785,"AAK1",-0.0187018701870187,FALSE,NA
"Control","CHSY1",785,"ABCA1",-0.0506329113924051,FALSE,NA
"Control","CHSY1",785,"AC007262.2",-0.0135462022254475,FALSE,NA
"Control","CHSY1",785,"ACSL4",0.0476190476190476,FALSE,"[0,0.1]"
"Control","CHSY1",785,"ACYP2",-0.006070826306914,FALSE,NA
"Control","CHSY1",785,"ADK",-0.107394366197183,FALSE,NA
"Control","CHSY1",785,"AFF1",-0.0364789849325932,FALSE,NA
"Control","CHSY1",785,"AKAP13",-0.0248419150858175,FALSE,NA
"Control","CHSY1",785,"AKT3",-0.167307692307692,FALSE,NA
"Control","CHSY1",785,"AL035446.2",0.353488372093023,FALSE,"(0.3,0.4]"
"Control","CHSY1",785,"AL163541.1",0.133288227334235,FALSE,"(0.1,0.2]"
"Control","CHSY1",785,"AL392172.2",-0.0554592720970537,FALSE,NA
"Control","CHSY1",785,"ALCAM",-0.0167304978834912,FALSE,NA
"Control","CHSY1",785,"ANK2",0.144620811287478,FALSE,"(0.1,0.2]"
"Control","CHSY1",785,"ANKRD12",0.00588742102240092,FALSE,"[0,0.1]"
"Control","CHSY1",785,"ANKRD17",0.00647058823529412,FALSE,"[0,0.1]"
"Control","CHSY1",785,"ANKRD44",-0.0669354838709677,FALSE,NA
"Control","CHSY1",785,"AOAH",0.00630914826498423,FALSE,"[0,0.1]"
"Control","CHSY1",785,"AP001977.1",-0.0123647604327666,FALSE,NA
"Control","CHSY1",785,"AP3B1",0.01171875,FALSE,"[0,0.1]"
"Control","CHSY1",785,"APOE",-0.551724137931035,FALSE,NA
"Control","CHSY1",785,"ARHGAP15",-0.00321100917431193,FALSE,NA
"Control","CHSY1",785,"ARHGAP18",-0.0260801868431296,FALSE,NA
"Control","CHSY1",785,"ARHGAP21",-0.00924380536654256,FALSE,NA
"Control","CHSY1",785,"ARHGAP22",0.0266666666666667,FALSE,"[0,0.1]"
"Control","CHSY1",785,"ARHGAP24",-0.138888888888889,FALSE,NA
"Control","CHSY1",785,"ARHGAP6",-0.0323287671232877,FALSE,NA
"Control","CHSY1",785,"ARID2",-0.210526315789474,FALSE,NA
"Control","CHSY1",785,"ARID4B",0.041952707856598,FALSE,"[0,0.1]"
"Control","CHSY1",785,"ASAP1",-0.00647948164146868,FALSE,NA
"Control","CHSY1",785,"ASCC3",-0.015625,FALSE,NA
"Control","CHSY1",785,"ASH1L",0.0182555780933063,FALSE,"[0,0.1]"
"Control","CHSY1",785,"ASTN2",-0.00332225913621262,FALSE,NA
"Control","CHSY1",785,"ATF6",0.120967741935484,FALSE,"(0.1,0.2]"
"Control","CHSY1",785,"ATG7",-0.0379984951091046,FALSE,NA
"Control","CHSY1",785,"ATM",-0.619047619047619,FALSE,NA
"Control","CHSY1",785,"ATRX",-0.0829493087557604,FALSE,NA
"Control","CHSY1",785,"ATXN1",-0.00903444381705251,FALSE,NA
"Control","CHSY1",785,"BAZ2B",0.00704809286898839,FALSE,"[0,0.1]"
"Control","CHSY1",785,"BBS9",-0.0318572793883402,FALSE,NA
"Control","CHSY1",785,"BBX",-0.0188284518828452,FALSE,NA
"Control","CHSY1",785,"BCAS3",0.000248262164846078,FALSE,"[0,0.1]"
"Control","CHSY1",785,"BIRC6",0.0254545454545455,FALSE,"[0,0.1]"
"Control","CHSY1",785,"BLNK",0.00777604976671851,FALSE,"[0,0.1]"
"Control","CHSY1",785,"BNC2",-0.0549828178694158,FALSE,NA
"Control","CHSY1",785,"BPTF",0.0135067533766883,FALSE,"[0,0.1]"
"Control","CHSY1",785,"BRAF",-0.00533049040511727,FALSE,NA
"Control","CHSY1",785,"BRWD1",-0.0380687093779016,FALSE,NA
"Control","CHSY1",785,"BTBD9",0.0230654761904762,FALSE,"[0,0.1]"
"Control","CHSY1",785,"BTK",0.0769230769230769,FALSE,"[0,0.1]"
"Control","CHSY1",785,"C1QB",-0.103030303030303,FALSE,NA
"Control","CHSY1",785,"C20orf194",-0.0369369369369369,FALSE,NA
"Control","CHSY1",785,"CAB39",0.0634615384615385,FALSE,"[0,0.1]"
"Control","CHSY1",785,"CADM1",-0.0260293421675343,FALSE,NA
"Control","CHSY1",785,"CAMK2D",-0.0686274509803921,FALSE,NA
"Control","CHSY1",785,"CAMKMT",-0.222222222222222,FALSE,NA
"Control","CHSY1",785,"CCDC26",-0.00880281690140845,FALSE,NA
"Control","CHSY1",785,"CCDC88A",0.00742115027829314,FALSE,"[0,0.1]"
"Control","CHSY1",785,"CCND3",-0.0748764728240213,FALSE,NA
"Control","CHSY1",785,"CCNH",0.00994662785055798,FALSE,"[0,0.1]"
"Control","CHSY1",785,"CCNY",-0.0037037037037037,FALSE,NA
"Control","CHSY1",785,"CD163",-0.00979020979020979,FALSE,NA
"Control","CHSY1",785,"CD86",-0.0417293233082707,FALSE,NA
"Control","CHSY1",785,"CDK14",0.00139275766016713,FALSE,"[0,0.1]"
"Control","CHSY1",785,"CDK19",-0.0146914789422135,FALSE,NA
"Control","CHSY1",785,"CDK6",-0.0208333333333333,FALSE,NA
"Control","CHSY1",785,"CDKAL1",-0.157142857142857,FALSE,NA
"Control","CHSY1",785,"CELF2",-0.0584532374100719,FALSE,NA
"Control","CHSY1",785,"CEP350",-0.023972602739726,FALSE,NA
"Control","CHSY1",785,"CFLAR",-0.034526051475204,FALSE,NA
"Control","CHSY1",785,"CHD2",-0.00968992248062015,FALSE,NA
"Control","CHSY1",785,"CHST15",-0.00710227272727273,FALSE,NA
"Control","CHSY1",785,"CHSY3",0.0795081967213115,FALSE,"[0,0.1]"
"Control","CHSY1",785,"CLASP2",-0.00117508813160987,FALSE,NA
"Control","CHSY1",785,"CMSS1",-0.018348623853211,FALSE,NA
"Control","CHSY1",785,"COG5",-0.636363636363636,FALSE,NA
"Control","CHSY1",785,"COP1",-0.192513368983957,FALSE,NA
"Control","CHSY1",785,"CPEB3",0.333333333333333,FALSE,"(0.3,0.4]"
"Control","CHSY1",785,"CPED1",0.0303478904515174,FALSE,"[0,0.1]"
"Control","CHSY1",785,"CPM",-0.00874125874125874,FALSE,NA
"Control","CHSY1",785,"CPQ",-0.116343490304709,FALSE,NA
"Control","CHSY1",785,"CR1",-0.00542797494780793,FALSE,NA
"Control","CHSY1",785,"CRADD",0.0445454545454546,FALSE,"[0,0.1]"
"Control","CHSY1",785,"CSGALNACT1",-0.0182333873581848,FALSE,NA
"Control","CHSY1",785,"CSNK1A1",0.00166112956810631,FALSE,"[0,0.1]"
"Control","CHSY1",785,"CTTNBP2",0.0390720390720391,FALSE,"[0,0.1]"
"Control","CHSY1",785,"CYBB",0.00921658986175115,FALSE,"[0,0.1]"
"Control","CHSY1",785,"DCAF6",-0.2,FALSE,NA
"Control","CHSY1",785,"DDX17",-0.0126818351361432,FALSE,NA
"Control","CHSY1",785,"DDX5",-0.00515796260477112,FALSE,NA
"Control","CHSY1",785,"DENND1A",-0.0646492434662999,FALSE,NA
"Control","CHSY1",785,"DENND4C",-0.00214822771213749,FALSE,NA
"Control","CHSY1",785,"DIAPH2",-0.108108108108108,FALSE,NA
"Control","CHSY1",785,"DIP2B",0.00991852639036486,FALSE,"[0,0.1]"
"Control","CHSY1",785,"DIRC3",-0.0192147034252297,FALSE,NA
"Control","CHSY1",785,"DISP1",-0.0247965904688105,FALSE,NA
"Control","CHSY1",785,"DLEU2",0.00563644903710662,FALSE,"[0,0.1]"
"Control","CHSY1",785,"DLG1",-0.00133527555231852,FALSE,NA
"Control","CHSY1",785,"DLG2",-0.0131382502239474,FALSE,NA
"Control","CHSY1",785,"DMXL2",-0.0261324041811847,FALSE,NA
"Control","CHSY1",785,"DOCK10",-0.010042206374618,FALSE,NA
"Control","CHSY1",785,"DOCK2",-0.00719424460431655,FALSE,NA
"Control","CHSY1",785,"DOCK5",-0.0114587924195681,FALSE,NA
"Control","CHSY1",785,"DOCK8",-0.0178217821782178,FALSE,NA
"Control","CHSY1",785,"DPYD",-0.0157999502363772,FALSE,NA
"Control","CHSY1",785,"DST",0.000106986198780357,FALSE,"[0,0.1]"
"Control","CHSY1",785,"DTNA",0.021200143729788,FALSE,"[0,0.1]"
"Control","CHSY1",785,"DYM",-0.0231481481481482,FALSE,NA
"Control","CHSY1",785,"EDA",-0.0325670498084291,FALSE,NA
"Control","CHSY1",785,"EEF1A1",-0.155405405405405,FALSE,NA
"Control","CHSY1",785,"EIF4G3",0.0307157345696899,FALSE,"[0,0.1]"
"Control","CHSY1",785,"ELF1",-0.00743494423791822,FALSE,NA
"Control","CHSY1",785,"ELMO1",-0.030639431616341,FALSE,NA
"Control","CHSY1",785,"EPS15",-0.0138476755687438,FALSE,NA
"Control","CHSY1",785,"EPSTI1",0.010507880910683,FALSE,"[0,0.1]"
"Control","CHSY1",785,"ERBIN",-0.00548835125448029,FALSE,NA
"Control","CHSY1",785,"ERC1",-0.0453938584779706,FALSE,NA
"Control","CHSY1",785,"EVI5",-0.0409090909090909,FALSE,NA
"Control","CHSY1",785,"EVL",-0.0952380952380952,FALSE,NA
"Control","CHSY1",785,"EXOC4",-0.0474137931034483,FALSE,NA
"Control","CHSY1",785,"EXOC6B",-0.00420168067226891,FALSE,NA
"Control","CHSY1",785,"F13A1",-0.00806241872561769,FALSE,NA
"Control","CHSY1",785,"FAF1",0.0187903699354081,FALSE,"[0,0.1]"
"Control","CHSY1",785,"FAM135A",-0.16304347826087,FALSE,NA
"Control","CHSY1",785,"FAM13A",-0.0331851851851852,FALSE,NA
"Control","CHSY1",785,"FAM149A",-0.0725552050473186,FALSE,NA
"Control","CHSY1",785,"FAM168A",-0.0161550888529887,FALSE,NA
"Control","CHSY1",785,"FAM49A",-0.0790378006872852,FALSE,NA
"Control","CHSY1",785,"FAR2",0.0631578947368421,FALSE,"[0,0.1]"
"Control","CHSY1",785,"FARS2",-0.00865800865800866,FALSE,NA
"Control","CHSY1",785,"FBXO11",-0.0217391304347826,FALSE,NA
"Control","CHSY1",785,"FCHO2",-0.00517368810051737,FALSE,NA
"Control","CHSY1",785,"FCHSD2",0.0321100917431193,FALSE,"[0,0.1]"
"Control","CHSY1",785,"FER",-0.0142954390742001,FALSE,NA
"Control","CHSY1",785,"FGD4",-0.00470588235294118,FALSE,NA
"Control","CHSY1",785,"FHIT",-0.039119804400978,FALSE,NA
"Control","CHSY1",785,"FKBP5",0.00300957592339261,FALSE,"[0,0.1]"
"Control","CHSY1",785,"FLI1",-0.103351955307263,FALSE,NA
"Control","CHSY1",785,"FMN1",-0.00180738445649367,FALSE,NA
"Control","CHSY1",785,"FMNL2",-0.0047917434574272,FALSE,NA
"Control","CHSY1",785,"FNDC3A",-0.144262295081967,FALSE,NA
"Control","CHSY1",785,"FNIP1",-0.0359281437125749,FALSE,NA
"Control","CHSY1",785,"FOXN3",0.00536672629695885,FALSE,"[0,0.1]"
"Control","CHSY1",785,"FOXO3",-0.0730554361839278,FALSE,NA
"Control","CHSY1",785,"FOXP1",-0.101066531234129,FALSE,NA
"Control","CHSY1",785,"FRMD4B",-0.00503812636165577,FALSE,NA
"Control","CHSY1",785,"FRYL",-0.00842945874001775,FALSE,NA
"Control","CHSY1",785,"FTH1",-0.0503597122302158,FALSE,NA
"Control","CHSY1",785,"FTO",-0.0632911392405063,FALSE,NA
"Control","CHSY1",785,"FTX",-0.0114545061594986,FALSE,NA
"Control","CHSY1",785,"GAB1",-0.0104245164531525,FALSE,NA
"Control","CHSY1",785,"GALNT10",0.00709219858156028,FALSE,"[0,0.1]"
"Control","CHSY1",785,"GALNTL6",-0.0024390243902439,FALSE,NA
"Control","CHSY1",785,"GLDN",-0.00429799426934097,FALSE,NA
"Control","CHSY1",785,"GMDS",0.0204081632653061,FALSE,"[0,0.1]"
"Control","CHSY1",785,"GNAQ",-0.0238095238095238,FALSE,NA
"Control","CHSY1",785,"GOLGA4",2.8989898989899,FALSE,NA
"Control","CHSY1",785,"GPHN",-0.0079660116834838,FALSE,NA
"Control","CHSY1",785,"GPNMB",-0.569288389513109,FALSE,NA
"Control","CHSY1",785,"GPRIN3",-0.0490654205607477,FALSE,NA
"Control","CHSY1",785,"GRID2",-0.197761194029851,FALSE,NA
"Control","CHSY1",785,"GRK3",-0.275862068965517,FALSE,NA
"Control","CHSY1",785,"GSAP",-0.0915841584158416,FALSE,NA
"Control","CHSY1",785,"GSK3B",-0.0353535353535354,FALSE,NA
"Control","CHSY1",785,"GTDC1",0.00264450321118247,FALSE,"[0,0.1]"
"Control","CHSY1",785,"HCLS1",-0.0268199233716475,FALSE,NA
"Control","CHSY1",785,"HDAC8",0.0595238095238095,FALSE,"[0,0.1]"
"Control","CHSY1",785,"HDAC9",-0.0102367242482406,FALSE,NA
"Control","CHSY1",785,"HELZ",-0.0127340823970037,FALSE,NA
"Control","CHSY1",785,"HERC1",-0.00359066427289048,FALSE,NA
"Control","CHSY1",785,"HNRNPA2B1",0.0311077389984825,FALSE,"[0,0.1]"
"Control","CHSY1",785,"HNRNPC",-0.0104166666666667,FALSE,NA
"Control","CHSY1",785,"HNRNPU",0.0469074304690743,FALSE,"[0,0.1]"
"Control","CHSY1",785,"HS3ST4",-0.0245167373880245,FALSE,NA
"Control","CHSY1",785,"HSP90AA1",-0.063448275862069,FALSE,NA
"Control","CHSY1",785,"IFI44L",0.0416666666666667,FALSE,"[0,0.1]"
"Control","CHSY1",785,"IFNGR1",-0.293634496919918,FALSE,NA
"Control","CHSY1",785,"IFNGR2",-0.0176600441501104,FALSE,NA
"Control","CHSY1",785,"IGF1R",-0.0364400840925017,FALSE,NA
"Control","CHSY1",785,"IL10RA",-0.0544891640866873,FALSE,NA
"Control","CHSY1",785,"IQCJ-SCHIP1",0.0093167701863354,FALSE,"[0,0.1]"
"Control","CHSY1",785,"IQGAP2",-0.0392057026476578,FALSE,NA
"Control","CHSY1",785,"IRAK3",-0.0227773695811903,FALSE,NA
"Control","CHSY1",785,"IRS2",-0.0349702380952381,FALSE,NA
"Control","CHSY1",785,"ITFG1",-0.0099626400996264,FALSE,NA
"Control","CHSY1",785,"ITPR1",-0.56,FALSE,NA
"Control","CHSY1",785,"ITPR2",0.37984496124031,FALSE,"(0.3,0.4]"
"Control","CHSY1",785,"JAK1",-0.152542372881356,FALSE,NA
"Control","CHSY1",785,"JAK2",0.333333333333333,FALSE,"(0.3,0.4]"
"Control","CHSY1",785,"JARID2",-0.141199226305609,FALSE,NA
"Control","CHSY1",785,"JMJD1C",-0.00254452926208651,FALSE,NA
"Control","CHSY1",785,"KANSL1",-0.0932432432432432,FALSE,NA
"Control","CHSY1",785,"KCNK13",-0.0284974093264249,FALSE,NA
"Control","CHSY1",785,"KCNMA1",-0.408018867924528,FALSE,NA
"Control","CHSY1",785,"KDM2A",-0.0946745562130177,FALSE,NA
"Control","CHSY1",785,"KDM4C",-0.0155935613682093,FALSE,NA
"Control","CHSY1",785,"KIAA1109",-0.01875,FALSE,NA
"Control","CHSY1",785,"KMT2E",0.00934579439252337,FALSE,"[0,0.1]"
"Control","CHSY1",785,"KYNU",-0.0565853658536585,FALSE,NA
"Control","CHSY1",785,"L3MBTL4",-0.0467502850627138,FALSE,NA
"Control","CHSY1",785,"LCOR",-0.227272727272727,FALSE,NA
"Control","CHSY1",785,"LCORL",-0.048780487804878,FALSE,NA
"Control","CHSY1",785,"LINC00278",-0.11042600896861,FALSE,NA
"Control","CHSY1",785,"LINC01473",-0.0398936170212766,FALSE,NA
"Control","CHSY1",785,"LNCAROD",0.0363984674329502,FALSE,"[0,0.1]"
"Control","CHSY1",785,"LPP",0.0157593123209169,FALSE,"[0,0.1]"
"Control","CHSY1",785,"LRBA",-0.229166666666667,FALSE,NA
"Control","CHSY1",785,"LRCH1",-0.875000000000001,FALSE,NA
"Control","CHSY1",785,"LRRC8D",-0.0734463276836158,FALSE,NA
"Control","CHSY1",785,"LRRK2",-0.075682382133995,FALSE,NA
"Control","CHSY1",785,"LYST",0.00186915887850467,FALSE,"[0,0.1]"
"Control","CHSY1",785,"MACF1",0.0125939467804184,FALSE,"[0,0.1]"
"Control","CHSY1",785,"MACROD2",0.0265588914549654,FALSE,"[0,0.1]"
"Control","CHSY1",785,"MAF",-0.0403885480572597,FALSE,NA
"Control","CHSY1",785,"MALAT1",0.162526997840173,FALSE,"(0.1,0.2]"
"Control","CHSY1",785,"MAML2",0.0362364907819453,FALSE,"[0,0.1]"
"Control","CHSY1",785,"MAML3",-0.0260869565217391,FALSE,NA
"Control","CHSY1",785,"MAN1A1",-0.026299311208516,FALSE,NA
"Control","CHSY1",785,"MAN1C1",-0.0216450216450216,FALSE,NA
"Control","CHSY1",785,"MAN2A1",-0.00930174872876101,FALSE,NA
"Control","CHSY1",785,"MANBA",-5.49999999999998,FALSE,NA
"Control","CHSY1",785,"MAP3K5",-0.0173010380622837,FALSE,NA
"Control","CHSY1",785,"MAP4K4",-0.0616570327552987,FALSE,NA
"Control","CHSY1",785,"MARCH1",0.132786885245902,FALSE,"(0.1,0.2]"
"Control","CHSY1",785,"MARK3",0.0149672591206735,FALSE,"[0,0.1]"
"Control","CHSY1",785,"MBD5",0.0415617128463476,FALSE,"[0,0.1]"
"Control","CHSY1",785,"MBNL1",-0.064207650273224,FALSE,NA
"Control","CHSY1",785,"MBNL2",-0.0165392950838371,FALSE,NA
"Control","CHSY1",785,"MBP",-0.00901510029299076,FALSE,NA
"Control","CHSY1",785,"MED13L",-0.00564174894217207,FALSE,NA
"Control","CHSY1",785,"MEF2C",0.026369168356998,FALSE,"[0,0.1]"
"Control","CHSY1",785,"MERTK",-0.00811209439528023,FALSE,NA
"Control","CHSY1",785,"MIR181A1HG",0.141255605381166,FALSE,"(0.1,0.2]"
"Control","CHSY1",785,"MIR99AHG",0.00582437275985663,FALSE,"[0,0.1]"
"Control","CHSY1",785,"MITF",-0.0449814126394052,FALSE,NA
"Control","CHSY1",785,"MKLN1",-0.158095238095238,FALSE,NA
"Control","CHSY1",785,"MS4A4A",-0.0200564086493262,FALSE,NA
"Control","CHSY1",785,"MS4A6A",-0.0272131147540984,FALSE,NA
"Control","CHSY1",785,"MSI2",-0.0531154239019408,FALSE,NA
"Control","CHSY1",785,"MSR1",-0.0559531554977228,FALSE,NA
"Control","CHSY1",785,"MTSS1",-0.0201031844867461,FALSE,NA
"Control","CHSY1",785,"MVB12B",0.00673534072900159,FALSE,"[0,0.1]"
"Control","CHSY1",785,"MYCBP2",-0.0641592920353982,FALSE,NA
"Control","CHSY1",785,"MYO1D",-0.0233674775928297,FALSE,NA
"Control","CHSY1",785,"MYO1E",-0.0169067000626174,FALSE,NA
"Control","CHSY1",785,"MYO5A",-0.00523055746730902,FALSE,NA
"Control","CHSY1",785,"N4BP2L2",-0.00548259594542904,FALSE,NA
"Control","CHSY1",785,"NAV2",0.17027027027027,FALSE,"(0.1,0.2]"
"Control","CHSY1",785,"NBEA",-0.00802139037433155,FALSE,NA
"Control","CHSY1",785,"NCKAP5",0.0247466415272213,FALSE,"[0,0.1]"
"Control","CHSY1",785,"NCOA2",-0.163829787234043,FALSE,NA
"Control","CHSY1",785,"NCOA3",-0.0390843104410944,FALSE,NA
"Control","CHSY1",785,"NEDD4L",-0.014760147601476,FALSE,NA
"Control","CHSY1",785,"NEK7",-0.118811881188119,FALSE,NA
"Control","CHSY1",785,"NFAT5",0.00462962962962963,FALSE,"[0,0.1]"
"Control","CHSY1",785,"NFIA",-0.0109350237717908,FALSE,NA
"Control","CHSY1",785,"NFKB1",0.024390243902439,FALSE,"[0,0.1]"
"Control","CHSY1",785,"NHSL1",-0.0474590508189836,FALSE,NA
"Control","CHSY1",785,"NIPBL",-0.031055900621118,FALSE,NA
"Control","CHSY1",785,"NLK",-0.00511310814998451,FALSE,NA
"Control","CHSY1",785,"NPAS3",-0.0129831808793154,FALSE,NA
"Control","CHSY1",785,"NPL",-0.473684210526316,FALSE,NA
"Control","CHSY1",785,"NR3C1",-0.0272952853598015,FALSE,NA
"Control","CHSY1",785,"NR3C2",-0.401960784313726,FALSE,NA
"Control","CHSY1",785,"NSMCE2",-0.0264900662251656,FALSE,NA
"Control","CHSY1",785,"NUMB",-16.0000000000001,FALSE,NA
"Control","CHSY1",785,"OSBPL1A",-0.0927152317880795,FALSE,NA
"Control","CHSY1",785,"OSBPL3",-0.102844638949672,FALSE,NA
"Control","CHSY1",785,"OSBPL8",-0.103030303030303,FALSE,NA
"Control","CHSY1",785,"OXR1",-0.0308411214953271,FALSE,NA
"Control","CHSY1",785,"P4HA1",-0.0101410934744268,FALSE,NA
"Control","CHSY1",785,"PACS1",0.036734693877551,FALSE,"[0,0.1]"
"Control","CHSY1",785,"PAN3",-0.5,FALSE,NA
"Control","CHSY1",785,"PARP8",-0.0124359912216533,FALSE,NA
"Control","CHSY1",785,"PBX3",-0.184668989547038,FALSE,NA
"Control","CHSY1",785,"PCCA",-0.0683918669131238,FALSE,NA
"Control","CHSY1",785,"PCDH9",0.370716510903427,FALSE,"(0.3,0.4]"
"Control","CHSY1",785,"PCM1",-0.0105207785376118,FALSE,NA
"Control","CHSY1",785,"PDE3B",-0.0398249452954048,FALSE,NA
"Control","CHSY1",785,"PDE4B",0.15969215969216,FALSE,"(0.1,0.2]"
"Control","CHSY1",785,"PDE8A",-0.0237295254094918,FALSE,NA
"Control","CHSY1",785,"PDGFC",-0.0281463610776035,FALSE,NA
"Control","CHSY1",785,"PDS5B",-0.0896551724137931,FALSE,NA
"Control","CHSY1",785,"PEAK1",-0.0124538745387454,FALSE,NA
"Control","CHSY1",785,"PECAM1",-0.122448979591837,FALSE,NA
"Control","CHSY1",785,"PELI1",0.919540229885057,FALSE,"(0.9,1]"
"Control","CHSY1",785,"PELI2",-0.037117903930131,FALSE,NA
"Control","CHSY1",785,"PHC2",0.0381791483113069,FALSE,"[0,0.1]"
"Control","CHSY1",785,"PHC3",-0.130177514792899,FALSE,NA
"Control","CHSY1",785,"PHF21A",-0.0526315789473684,FALSE,NA
"Control","CHSY1",785,"PIAS1",-0.019271948608137,FALSE,NA
"Control","CHSY1",785,"PICALM",-0.0337801608579088,FALSE,NA
"Control","CHSY1",785,"PIK3R5",-0.0454545454545455,FALSE,NA
"Control","CHSY1",785,"PIP4K2A",-0.00409632571996028,FALSE,NA
"Control","CHSY1",785,"PLCL1",-0.00426136363636364,FALSE,NA
"Control","CHSY1",785,"PLCL2",-0.0481927710843374,FALSE,NA
"Control","CHSY1",785,"PLSCR1",0.129568106312292,FALSE,"(0.1,0.2]"
"Control","CHSY1",785,"PNISR",-0.0328515111695138,FALSE,NA
"Control","CHSY1",785,"PPP1R12A",-0.011090573012939,FALSE,NA
"Control","CHSY1",785,"PPP3CA",-0.0275862068965517,FALSE,NA
"Control","CHSY1",785,"PRKAG2",-0.131821998320739,FALSE,NA
"Control","CHSY1",785,"PRKCE",-0.00802139037433155,FALSE,NA
"Control","CHSY1",785,"PSMA1",-0.0113493064312736,FALSE,NA
"Control","CHSY1",785,"PTK2",0.00985869208018403,FALSE,"[0,0.1]"
"Control","CHSY1",785,"PTPRG",-0.0084251458198315,FALSE,NA
"Control","CHSY1",785,"PTPRM",-0.0100671140939597,FALSE,NA
"Control","CHSY1",785,"QKI",0.00725952813067151,FALSE,"[0,0.1]"
"Control","CHSY1",785,"RAB10",0.0006426735218509,FALSE,"[0,0.1]"
"Control","CHSY1",785,"RABGAP1L",-2.16666666666667,FALSE,NA
"Control","CHSY1",785,"RALGAPA2",-0.0865384615384615,FALSE,NA
"Control","CHSY1",785,"RAP1A",0.145539906103286,FALSE,"(0.1,0.2]"
"Control","CHSY1",785,"RAPGEF2",0.170731707317073,FALSE,"(0.1,0.2]"
"Control","CHSY1",785,"RAPGEF6",0.0285165889772416,FALSE,"[0,0.1]"
"Control","CHSY1",785,"RBM47",0.00214822771213749,FALSE,"[0,0.1]"
"Control","CHSY1",785,"RBMS1",-0.0095364238410596,FALSE,NA
"Control","CHSY1",785,"RBPJ",-0.0110497237569061,FALSE,NA
"Control","CHSY1",785,"RCSD1",-0.0788751714677641,FALSE,NA
"Control","CHSY1",785,"RERE",-0.0191620656057161,FALSE,NA
"Control","CHSY1",785,"REV3L",-0.0234438156831043,FALSE,NA
"Control","CHSY1",785,"RFX3",-0.0135416666666667,FALSE,NA
"Control","CHSY1",785,"RGL1",-0.00966119640021175,FALSE,NA
"Control","CHSY1",785,"RICTOR",-0.01290002480774,FALSE,NA
"Control","CHSY1",785,"RIN2",-0.104724409448819,FALSE,NA
"Control","CHSY1",785,"RNF13",-0.191176470588235,FALSE,NA
"Control","CHSY1",785,"RNF144B",-0.0479014598540146,FALSE,NA
"Control","CHSY1",785,"RNF149",0.0852390852390852,FALSE,"[0,0.1]"
"Control","CHSY1",785,"ROCK1",-0.0419397116644823,FALSE,NA
"Control","CHSY1",785,"RTN4",0.0309233449477352,FALSE,"[0,0.1]"
"Control","CHSY1",785,"SAMD12",-0.00524367674275139,FALSE,NA
"Control","CHSY1",785,"SBF2",-0.00910010111223458,FALSE,NA
"Control","CHSY1",785,"SCAF11",0.100671140939597,FALSE,"(0.1,0.2]"
"Control","CHSY1",785,"SDCCAG8",-0.0163934426229508,FALSE,NA
"Control","CHSY1",785,"SDK1",0.138888888888889,FALSE,"(0.1,0.2]"
"Control","CHSY1",785,"SEC14L1",-0.0598926063610078,FALSE,NA
"Control","CHSY1",785,"SENP6",0.0480769230769231,FALSE,"[0,0.1]"
"Control","CHSY1",785,"SGK1",-0.0299465240641711,FALSE,NA
"Control","CHSY1",785,"SGK3",-0.0078422585704683,FALSE,NA
"Control","CHSY1",785,"SGMS1",-0.0148942508191838,FALSE,NA
"Control","CHSY1",785,"SH3KBP1",-0.277777777777778,FALSE,NA
"Control","CHSY1",785,"SHTN1",-0.0011037527593819,FALSE,NA
"Control","CHSY1",785,"SIK3",-0.00494408475573867,FALSE,NA
"Control","CHSY1",785,"SKAP2",2.91666666666667,FALSE,NA
"Control","CHSY1",785,"SLC22A23",-0.0346389555022649,FALSE,NA
"Control","CHSY1",785,"SLC25A13",-0.003168854685378,FALSE,NA
"Control","CHSY1",785,"SLC2A13",-0.349206349206349,FALSE,NA
"Control","CHSY1",785,"SLC39A11",-0.0119102153000458,FALSE,NA
"Control","CHSY1",785,"SLC44A1",-0.00329037565122018,FALSE,NA
"Control","CHSY1",785,"SLC4A7",-0.596153846153846,FALSE,NA
"Control","CHSY1",785,"SLC8A1",-0.136507936507936,FALSE,NA
"Control","CHSY1",785,"SLC9A9",-0.00891472868217054,FALSE,NA
"Control","CHSY1",785,"SMAD2",-0.235294117647059,FALSE,NA
"Control","CHSY1",785,"SMAP2",-0.078125,FALSE,NA
"Control","CHSY1",785,"SMCHD1",-0.00950871632329636,FALSE,NA
"Control","CHSY1",785,"SMYD3",-0.0361271676300578,FALSE,NA
"Control","CHSY1",785,"SNCA",-0.00564263322884012,FALSE,NA
"Control","CHSY1",785,"SND1",-0.0252707581227437,FALSE,NA
"Control","CHSY1",785,"SNX13",-0.0519653564290473,FALSE,NA
"Control","CHSY1",785,"SORT1",-0.00633713561470216,FALSE,NA
"Control","CHSY1",785,"SOS1",-0.284552845528455,FALSE,NA
"Control","CHSY1",785,"SPECC1",-0.044280442804428,FALSE,NA
"Control","CHSY1",785,"SPIDR",0.00555114988104679,FALSE,"[0,0.1]"
"Control","CHSY1",785,"SPIRE1",-0.031496062992126,FALSE,NA
"Control","CHSY1",785,"SPPL3",-0.100671140939597,FALSE,NA
"Control","CHSY1",785,"SPTLC2",0.0168213457076566,FALSE,"[0,0.1]"
"Control","CHSY1",785,"SRGAP1",0.0302412504247367,FALSE,"[0,0.1]"
"Control","CHSY1",785,"SRGAP2B",-0.00466200466200466,FALSE,NA
"Control","CHSY1",785,"SRPK2",-0.00757575757575758,FALSE,NA
"Control","CHSY1",785,"SSBP2",-0.0350723366944323,FALSE,NA
"Control","CHSY1",785,"ST18",-0.00833550403750977,FALSE,NA
"Control","CHSY1",785,"ST6GALNAC3",0.0642701525054466,FALSE,"[0,0.1]"
"Control","CHSY1",785,"ST8SIA4",-0.028971028971029,FALSE,NA
"Control","CHSY1",785,"STARD13",-0.017309205350118,FALSE,NA
"Control","CHSY1",785,"STAU2",-0.0219399538106236,FALSE,NA
"Control","CHSY1",785,"STK3",0.103092783505155,FALSE,"(0.1,0.2]"
"Control","CHSY1",785,"STX7",-0.0551724137931035,FALSE,NA
"Control","CHSY1",785,"SUCLG2",-0.0403458213256484,FALSE,NA
"Control","CHSY1",785,"SUPT3H",0.00970873786407767,FALSE,"[0,0.1]"
"Control","CHSY1",785,"SYK",0.00375738056897477,FALSE,"[0,0.1]"
"Control","CHSY1",785,"TAB2",-0.0505050505050505,FALSE,NA
"Control","CHSY1",785,"TANC2",-0.140302613480055,FALSE,NA
"Control","CHSY1",785,"TANK",-0.0218390804597701,FALSE,NA
"Control","CHSY1",785,"TAOK3",0.0373831775700935,FALSE,"[0,0.1]"
"Control","CHSY1",785,"TBC1D1",-0.0255402750491159,FALSE,NA
"Control","CHSY1",785,"TBC1D4",-0.0587431693989071,FALSE,NA
"Control","CHSY1",785,"TBC1D5",-0.0257731958762887,FALSE,NA
"Control","CHSY1",785,"TBL1XR1",-7.99999999999994,FALSE,NA
"Control","CHSY1",785,"TBXAS1",-0.01875,FALSE,NA
"Control","CHSY1",785,"TCF12",0.0264765784114053,FALSE,"[0,0.1]"
"Control","CHSY1",785,"TCF4",-0.0812182741116751,FALSE,NA
"Control","CHSY1",785,"TET2",-0.000989119683481701,FALSE,NA
"Control","CHSY1",785,"TFEC",0.00788954635108481,FALSE,"[0,0.1]"
"Control","CHSY1",785,"TGFBR2",-0.01454898157129,FALSE,NA
"Control","CHSY1",785,"TLR2",0.00397219463753724,FALSE,"[0,0.1]"
"Control","CHSY1",785,"TMEM117",0.102272727272727,FALSE,"(0.1,0.2]"
"Control","CHSY1",785,"TMEM65",-0.0148911798396334,FALSE,NA
"Control","CHSY1",785,"TMTC2",-0.00760637033515569,FALSE,NA
"Control","CHSY1",785,"TNRC6B",-0.279773156899811,FALSE,NA
"Control","CHSY1",785,"TPK1",-0.0909090909090909,FALSE,NA
"Control","CHSY1",785,"TPRG1",-0.0452961672473868,FALSE,NA
"Control","CHSY1",785,"TRAPPC9",-0.0304347826086956,FALSE,NA
"Control","CHSY1",785,"TRHDE",-0.00645161290322581,FALSE,NA
"Control","CHSY1",785,"TRIO",-0.0422535211267606,FALSE,NA
"Control","CHSY1",785,"TRIP12",0.0828402366863905,FALSE,"[0,0.1]"
"Control","CHSY1",785,"TRPS1",-0.0311820159535896,FALSE,NA
"Control","CHSY1",785,"TTC17",0.0285714285714286,FALSE,"[0,0.1]"
"Control","CHSY1",785,"TTC3",0.00232937339855579,FALSE,"[0,0.1]"
"Control","CHSY1",785,"TUT7",-0.0418502202643172,FALSE,NA
"Control","CHSY1",785,"TXNIP",-0.34625322997416,FALSE,NA
"Control","CHSY1",785,"UBE2E1",-0.0350877192982456,FALSE,NA
"Control","CHSY1",785,"UBE2E2",0.0570175438596491,FALSE,"[0,0.1]"
"Control","CHSY1",785,"UBR5",-0.117894736842105,FALSE,NA
"Control","CHSY1",785,"UBXN2B",-0.178694158075601,FALSE,NA
"Control","CHSY1",785,"UMAD1",-0.0518867924528302,FALSE,NA
"Control","CHSY1",785,"USP15",0.0408525754884547,FALSE,"[0,0.1]"
"Control","CHSY1",785,"USP34",-0.0574162679425837,FALSE,NA
"Control","CHSY1",785,"USP53",-0.0103537532355479,FALSE,NA
"Control","CHSY1",785,"UTRN",-0.070935960591133,FALSE,NA
"Control","CHSY1",785,"UTY",-0.081383519837233,FALSE,NA
"Control","CHSY1",785,"VMP1",-0.0232018561484919,FALSE,NA
"Control","CHSY1",785,"VPS13C",0.0189437428243398,FALSE,"[0,0.1]"
"Control","CHSY1",785,"VPS8",-0.0451467268623025,FALSE,NA
"Control","CHSY1",785,"VTI1A",0.245614035087719,FALSE,"(0.2,0.3]"
"Control","CHSY1",785,"WDFY2",-0.3,FALSE,NA
"Control","CHSY1",785,"WIPF1",-0.0632258064516129,FALSE,NA
"Control","CHSY1",785,"WNK1",0.0220994475138122,FALSE,"[0,0.1]"
"Control","CHSY1",785,"WSB1",-0.01004702864472,FALSE,NA
"Control","CHSY1",785,"WWOX",0.00997008973080758,FALSE,"[0,0.1]"
"Control","CHSY1",785,"XPR1",-0.0390625,FALSE,NA
"Control","CHSY1",785,"YKT6",-0.0416666666666667,FALSE,NA
"Control","CHSY1",785,"ZBTB16",-0.028026581912742,FALSE,NA
"Control","CHSY1",785,"ZBTB20",-0.006983554854697,FALSE,NA
"Control","CHSY1",785,"ZEB2",-0.0160078808028568,FALSE,NA
"Control","CHSY1",785,"ZFPM2-AS1",-0.0158311345646438,FALSE,NA
"Control","CHSY1",785,"ZMAT3",-0.112068965517241,FALSE,NA
"Control","CHSY1",785,"ZNF148",-0.0518867924528302,FALSE,NA
"Control","CHSY1",785,"ZNF292",-0.0263671875,FALSE,NA
"Control","CHSY1",785,"ZNF609",-0.227272727272727,FALSE,NA
"Control","CHSY1",785,"ZNF638",-0.00806032241289652,FALSE,NA
"Control","CHSY1",785,"ZSWIM6",0.414736842105263,FALSE,"(0.4,0.5]"
"Control","DOCK4",785,"AAK1",-0.0275027502750275,FALSE,NA
"Control","DOCK4",785,"ABCA1",0.0261603375527426,FALSE,"[0,0.1]"
"Control","DOCK4",785,"AC007262.2",-0.0241896468311563,FALSE,NA
"Control","DOCK4",785,"ACSL4",-0.0204081632653061,FALSE,NA
"Control","DOCK4",785,"ACYP2",-0.00505902192242833,FALSE,NA
"Control","DOCK4",785,"ADK",-0.0633802816901408,FALSE,NA
"Control","DOCK4",785,"AFF1",0.0182394924662966,FALSE,"[0,0.1]"
"Control","DOCK4",785,"AKAP13",0.042457091237579,FALSE,"[0,0.1]"
"Control","DOCK4",785,"AKT3",0.215384615384615,FALSE,"(0.2,0.3]"
"Control","DOCK4",785,"AL035446.2",-0.102325581395349,FALSE,NA
"Control","DOCK4",785,"AL163541.1",-0.0520974289580514,FALSE,NA
"Control","DOCK4",785,"AL392172.2",0.0277296360485269,FALSE,"[0,0.1]"
"Control","DOCK4",785,"ALCAM",-0.000604716790969563,FALSE,NA
"Control","DOCK4",785,"ANK2",0.0246913580246914,FALSE,"[0,0.1]"
"Control","DOCK4",785,"ANKRD12",-0.00990809879379667,FALSE,NA
"Control","DOCK4",785,"ANKRD17",-0.0482352941176471,FALSE,NA
"Control","DOCK4",785,"ANKRD44",0.0137096774193548,FALSE,"[0,0.1]"
"Control","DOCK4",785,"AOAH",0.0662460567823344,FALSE,"[0,0.1]"
"Control","DOCK4",785,"AP001977.1",-0.0170015455950541,FALSE,NA
"Control","DOCK4",785,"AP3B1",-0.017578125,FALSE,NA
"Control","DOCK4",785,"APOE",0.800766283524905,FALSE,"(0.8,0.9]"
"Control","DOCK4",785,"ARHGAP15",0.0431192660550459,FALSE,"[0,0.1]"
"Control","DOCK4",785,"ARHGAP18",0.0186843129622421,FALSE,"[0,0.1]"
"Control","DOCK4",785,"ARHGAP21",0.000898703299524971,FALSE,"[0,0.1]"
"Control","DOCK4",785,"ARHGAP22",-0.0311111111111111,FALSE,NA
"Control","DOCK4",785,"ARHGAP24",0.130952380952381,FALSE,"(0.1,0.2]"
"Control","DOCK4",785,"ARHGAP6",0.0350684931506849,FALSE,"[0,0.1]"
"Control","DOCK4",785,"ARID2",-0.0526315789473684,FALSE,NA
"Control","DOCK4",785,"ARID4B",0.0053394355453852,FALSE,"[0,0.1]"
"Control","DOCK4",785,"ARL15",-0.00879507475813544,FALSE,NA
"Control","DOCK4",785,"ASAP1",-0.0124190064794816,FALSE,NA
"Control","DOCK4",785,"ASCC3",-0.03125,FALSE,NA
"Control","DOCK4",785,"ASH1L",-0.077079107505071,FALSE,NA
"Control","DOCK4",785,"ASTN2",-0.00996677740863787,FALSE,NA
"Control","DOCK4",785,"ATF6",0.104838709677419,FALSE,"(0.1,0.2]"
"Control","DOCK4",785,"ATG7",0.00827689992475546,FALSE,"[0,0.1]"
"Control","DOCK4",785,"ATM",0.523809523809524,FALSE,"(0.5,0.6]"
"Control","DOCK4",785,"ATRX",-0.0138248847926267,FALSE,NA
"Control","DOCK4",785,"ATXN1",0.0163749294184077,FALSE,"[0,0.1]"
"Control","DOCK4",785,"BAZ2B",-0.0184494195688226,FALSE,NA
"Control","DOCK4",785,"BBS9",-0.0210258043963046,FALSE,NA
"Control","DOCK4",785,"BBX",0.0549163179916318,FALSE,"[0,0.1]"
"Control","DOCK4",785,"BCAS3",-0.00347567030784508,FALSE,NA
"Control","DOCK4",785,"BIRC6",-0.0327272727272727,FALSE,NA
"Control","DOCK4",785,"BLNK",-0.0233281493001555,FALSE,NA
"Control","DOCK4",785,"BNC2",0.0274914089347079,FALSE,"[0,0.1]"
"Control","DOCK4",785,"BPTF",-0.0250125062531266,FALSE,NA
"Control","DOCK4",785,"BRAF",-0.0138592750533049,FALSE,NA
"Control","DOCK4",785,"BRWD1",0.010213556174559,FALSE,"[0,0.1]"
"Control","DOCK4",785,"BTBD9",0.0163690476190476,FALSE,"[0,0.1]"
"Control","DOCK4",785,"C1QB",-0.0939393939393939,FALSE,NA
"Control","DOCK4",785,"C20orf194",-0.00675675675675676,FALSE,NA
"Control","DOCK4",785,"CAB39",-0.0634615384615385,FALSE,NA
"Control","DOCK4",785,"CADM1",-0.0196403218173213,FALSE,NA
"Control","DOCK4",785,"CAMKMT",-0.0555555555555556,FALSE,NA
"Control","DOCK4",785,"CCDC26",-0.0528169014084507,FALSE,NA
"Control","DOCK4",785,"CCDC88A",-0.0251177394034537,FALSE,NA
"Control","DOCK4",785,"CCND3",0.0247054351957431,FALSE,"[0,0.1]"
"Control","DOCK4",785,"CCNH",0.0164968461911693,FALSE,"[0,0.1]"
"Control","DOCK4",785,"CCNY",0.244444444444444,FALSE,"(0.2,0.3]"
"Control","DOCK4",785,"CD163",-0.002997002997003,FALSE,NA
"Control","DOCK4",785,"CD86",0.0364661654135338,FALSE,"[0,0.1]"
"Control","DOCK4",785,"CDK14",-0.020891364902507,FALSE,NA
"Control","DOCK4",785,"CDK19",-0.0145282402873,FALSE,NA
"Control","DOCK4",785,"CDK6",-0.0416666666666667,FALSE,NA
"Control","DOCK4",785,"CDKAL1",0.0238095238095238,FALSE,"[0,0.1]"
"Control","DOCK4",785,"CELF2",0.127248201438849,FALSE,"(0.1,0.2]"
"Control","DOCK4",785,"CEP350",-0.0582191780821918,FALSE,NA
"Control","DOCK4",785,"CFLAR",0.0106716886377903,FALSE,"[0,0.1]"
"Control","DOCK4",785,"CHD2",-0.0213178294573643,FALSE,NA
"Control","DOCK4",785,"CHST15",-0.0127840909090909,FALSE,NA
"Control","DOCK4",785,"CHSY3",-0.0540983606557377,FALSE,NA
"Control","DOCK4",785,"CLASP2",-0.0206815511163337,FALSE,NA
"Control","DOCK4",785,"CMSS1",0.0018348623853211,FALSE,"[0,0.1]"
"Control","DOCK4",785,"COG5",-0.0303030303030303,FALSE,NA
"Control","DOCK4",785,"COP1",-0.0160427807486631,FALSE,NA
"Control","DOCK4",785,"CPEB3",0.333333333333333,FALSE,"(0.3,0.4]"
"Control","DOCK4",785,"CPED1",-0.0584752035529238,FALSE,NA
"Control","DOCK4",785,"CPM",-0.0262237762237762,FALSE,NA
"Control","DOCK4",785,"CPQ",0.102493074792244,FALSE,"(0.1,0.2]"
"Control","DOCK4",785,"CR1",-0.0162839248434238,FALSE,NA
"Control","DOCK4",785,"CRADD",0.0190909090909091,FALSE,"[0,0.1]"
"Control","DOCK4",785,"CSGALNACT1",0.0206645056726094,FALSE,"[0,0.1]"
"Control","DOCK4",785,"CSNK1A1",-0.0946843853820598,FALSE,NA
"Control","DOCK4",785,"CTTNBP2",0.0549450549450549,FALSE,"[0,0.1]"
"Control","DOCK4",785,"CYBB",-0.0368663594470046,FALSE,NA
"Control","DOCK4",785,"DCAF6",-0.155555555555556,FALSE,NA
"Control","DOCK4",785,"DDX17",-0.0171577769488997,FALSE,NA
"Control","DOCK4",785,"DDX5",0.00451321727917473,FALSE,"[0,0.1]"
"Control","DOCK4",785,"DENND1A",0.0371389270976616,FALSE,"[0,0.1]"
"Control","DOCK4",785,"DENND4C",0.0257787325456498,FALSE,"[0,0.1]"
"Control","DOCK4",785,"DIAPH2",-0.027027027027027,FALSE,NA
"Control","DOCK4",785,"DIP2B",-0.0421537371590507,FALSE,NA
"Control","DOCK4",785,"DIRC3",0.00473405736563631,FALSE,"[0,0.1]"
"Control","DOCK4",785,"DISP1",0.00581170089112747,FALSE,"[0,0.1]"
"Control","DOCK4",785,"DLEU2",-0.000704556129638328,FALSE,NA
"Control","DOCK4",785,"DLG1",-0.0254916241806264,FALSE,NA
"Control","DOCK4",785,"DLG2",-0.0277694834278889,FALSE,NA
"Control","DOCK4",785,"DMXL2",-0.00348432055749129,FALSE,NA
"Control","DOCK4",785,"DOCK10",-0.0288167661184689,FALSE,NA
"Control","DOCK4",785,"DOCK2",-0.0258992805755396,FALSE,NA
"Control","DOCK4",785,"DOCK5",-0.00694138386954606,FALSE,NA
"Control","DOCK4",785,"DOCK8",-0.0217821782178218,FALSE,NA
"Control","DOCK4",785,"DPYD",0.0134361781537696,FALSE,"[0,0.1]"
"Control","DOCK4",785,"DST",-0.0200064191719268,FALSE,NA
"Control","DOCK4",785,"DTNA",-0.0240747394897593,FALSE,NA
"Control","DOCK4",785,"DYM",-0.0138888888888889,FALSE,NA
"Control","DOCK4",785,"EDA",0.0172413793103448,FALSE,"[0,0.1]"
"Control","DOCK4",785,"EEF1A1",-0.540540540540541,FALSE,NA
"Control","DOCK4",785,"EIF4G3",-0.00869313242538395,FALSE,NA
"Control","DOCK4",785,"ELF1",-0.00278810408921933,FALSE,NA
"Control","DOCK4",785,"ELMO1",0.0608348134991119,FALSE,"[0,0.1]"
"Control","DOCK4",785,"EPS15",0.0019782393669634,FALSE,"[0,0.1]"
"Control","DOCK4",785,"EPSTI1",-0.0140105078809107,FALSE,NA
"Control","DOCK4",785,"ERBIN",-0.0219534050179211,FALSE,NA
"Control","DOCK4",785,"ERC1",0.0160213618157543,FALSE,"[0,0.1]"
"Control","DOCK4",785,"EVI5",-0.0563636363636364,FALSE,NA
"Control","DOCK4",785,"EVL",-0.142857142857143,FALSE,NA
"Control","DOCK4",785,"EXOC4",-0.00431034482758621,FALSE,NA
"Control","DOCK4",785,"EXOC6B",-0.0141056422569028,FALSE,NA
"Control","DOCK4",785,"F13A1",-0.00832249674902471,FALSE,NA
"Control","DOCK4",785,"FAF1",0.00704638872577804,FALSE,"[0,0.1]"
"Control","DOCK4",785,"FAM135A",0.0380434782608696,FALSE,"[0,0.1]"
"Control","DOCK4",785,"FAM13A",0.0835555555555555,FALSE,"[0,0.1]"
"Control","DOCK4",785,"FAM149A",0.167192429022082,FALSE,"(0.1,0.2]"
"Control","DOCK4",785,"FAM168A",-0.0500807754442649,FALSE,NA
"Control","DOCK4",785,"FAM49A",0.307560137457045,FALSE,"(0.3,0.4]"
"Control","DOCK4",785,"FAR2",-0.0842105263157895,FALSE,NA
"Control","DOCK4",785,"FARS2",-0.0606060606060606,FALSE,NA
"Control","DOCK4",785,"FBXO11",-0.2,FALSE,NA
"Control","DOCK4",785,"FCHO2",0.00886917960088692,FALSE,"[0,0.1]"
"Control","DOCK4",785,"FCHSD2",-0.0779816513761468,FALSE,NA
"Control","DOCK4",785,"FER",-0.00953029271613342,FALSE,NA
"Control","DOCK4",785,"FGD4",-0.0164705882352941,FALSE,NA
"Control","DOCK4",785,"FHIT",0.0757946210268949,FALSE,"[0,0.1]"
"Control","DOCK4",785,"FKBP5",-0.00109439124487004,FALSE,NA
"Control","DOCK4",785,"FLI1",0.0921787709497207,FALSE,"[0,0.1]"
"Control","DOCK4",785,"FMNL2",-0.0106892738665684,FALSE,NA
"Control","DOCK4",785,"FNDC3A",0.167213114754098,FALSE,"(0.1,0.2]"
"Control","DOCK4",785,"FOXN3",-0.112701252236136,FALSE,NA
"Control","DOCK4",785,"FOXO3",0.0455522131499785,FALSE,"[0,0.1]"
"Control","DOCK4",785,"FOXP1",0.0848146267140681,FALSE,"[0,0.1]"
"Control","DOCK4",785,"FRMD4B",-0.00190631808278867,FALSE,NA
"Control","DOCK4",785,"FRYL",-0.0273587695947944,FALSE,NA
"Control","DOCK4",785,"FTH1",0.0878725590955807,FALSE,"[0,0.1]"
"Control","DOCK4",785,"FTO",-0.0759493670886076,FALSE,NA
"Control","DOCK4",785,"FTX",0.0095094013399611,FALSE,"[0,0.1]"
"Control","DOCK4",785,"GAB1",-0.00992213011806079,FALSE,NA
"Control","DOCK4",785,"GALNT10",0.276595744680851,FALSE,"(0.2,0.3]"
"Control","DOCK4",785,"GALNTL6",-0.0195121951219512,FALSE,NA
"Control","DOCK4",785,"GLDN",-0.082378223495702,FALSE,NA
"Control","DOCK4",785,"GMDS",0.0204081632653061,FALSE,"[0,0.1]"
"Control","DOCK4",785,"GNAQ",-0.196428571428571,FALSE,NA
"Control","DOCK4",785,"GOLGA4",-0.464646464646465,FALSE,NA
"Control","DOCK4",785,"GPHN",-0.00761196671977341,FALSE,NA
"Control","DOCK4",785,"GPNMB",0.157303370786517,FALSE,"(0.1,0.2]"
"Control","DOCK4",785,"GPRIN3",0.059190031152648,FALSE,"[0,0.1]"
"Control","DOCK4",785,"GRID2",-0.32089552238806,FALSE,NA
"Control","DOCK4",785,"GRK3",0.163793103448276,FALSE,"(0.1,0.2]"
"Control","DOCK4",785,"GSAP",0.0668316831683168,FALSE,"[0,0.1]"
"Control","DOCK4",785,"GSK3B",-0.0366161616161616,FALSE,NA
"Control","DOCK4",785,"GTDC1",-0.00850018889308651,FALSE,NA
"Control","DOCK4",785,"HCLS1",0.0153256704980843,FALSE,"[0,0.1]"
"Control","DOCK4",785,"HDAC8",-0.0595238095238095,FALSE,NA
"Control","DOCK4",785,"HDAC9",-0.0524632117722329,FALSE,NA
"Control","DOCK4",785,"HELZ",-0.0224719101123595,FALSE,NA
"Control","DOCK4",785,"HERC1",-0.0107719928186715,FALSE,NA
"Control","DOCK4",785,"HNRNPA2B1",0.000758725341426404,FALSE,"[0,0.1]"
"Control","DOCK4",785,"HNRNPC",-0.1875,FALSE,NA
"Control","DOCK4",785,"HNRNPU",-0.0066417600664176,FALSE,NA
"Control","DOCK4",785,"HS3ST4",-0.0480905233380481,FALSE,NA
"Control","DOCK4",785,"HSP90AA1",0.0151724137931034,FALSE,"[0,0.1]"
"Control","DOCK4",785,"IFI44L",-0.0377906976744186,FALSE,NA
"Control","DOCK4",785,"IFNGR1",-0.145790554414784,FALSE,NA
"Control","DOCK4",785,"IFNGR2",-0.043046357615894,FALSE,NA
"Control","DOCK4",785,"IGF1R",0.0189208128941836,FALSE,"[0,0.1]"
"Control","DOCK4",785,"IL10RA",0.060061919504644,FALSE,"[0,0.1]"
"Control","DOCK4",785,"IQCJ-SCHIP1",-0.0217391304347826,FALSE,NA
"Control","DOCK4",785,"IQGAP2",0.019857433808554,FALSE,"[0,0.1]"
"Control","DOCK4",785,"IRAK3",0.0198383541513593,FALSE,"[0,0.1]"
"Control","DOCK4",785,"IRS2",0.0610119047619048,FALSE,"[0,0.1]"
"Control","DOCK4",785,"ITFG1",0.0348692403486924,FALSE,"[0,0.1]"
"Control","DOCK4",785,"ITPR1",-0.88,FALSE,NA
"Control","DOCK4",785,"ITPR2",-0.235142118863049,FALSE,NA
"Control","DOCK4",785,"JAK1",0.103235747303544,FALSE,"(0.1,0.2]"
"Control","DOCK4",785,"JAK2",-0.666666666666667,FALSE,NA
"Control","DOCK4",785,"JARID2",0.102514506769826,FALSE,"(0.1,0.2]"
"Control","DOCK4",785,"JMJD1C",-0.0324427480916031,FALSE,NA
"Control","DOCK4",785,"KANSL1",-0.0391891891891892,FALSE,NA
"Control","DOCK4",785,"KCNK13",-0.0919689119170984,FALSE,NA
"Control","DOCK4",785,"KCNMA1",0.337264150943396,FALSE,"(0.3,0.4]"
"Control","DOCK4",785,"KDM4C",-0.0045271629778672,FALSE,NA
"Control","DOCK4",785,"KDM6A",-0.0714285714285714,FALSE,NA
"Control","DOCK4",785,"KIAA1109",-0.005,FALSE,NA
"Control","DOCK4",785,"KMT2E",-0.00934579439252337,FALSE,NA
"Control","DOCK4",785,"KYNU",0.0926829268292683,FALSE,"[0,0.1]"
"Control","DOCK4",785,"L3MBTL4",-0.00342075256556442,FALSE,NA
"Control","DOCK4",785,"LCOR",-0.712121212121212,FALSE,NA
"Control","DOCK4",785,"LCORL",-0.0104529616724739,FALSE,NA
"Control","DOCK4",785,"LINC00278",0.0364349775784753,FALSE,"[0,0.1]"
"Control","DOCK4",785,"LINC01473",0.0299202127659574,FALSE,"[0,0.1]"
"Control","DOCK4",785,"LNCAROD",-0.103448275862069,FALSE,NA
"Control","DOCK4",785,"LPP",-0.0558739255014327,FALSE,NA
"Control","DOCK4",785,"LRCH1",-4.50000000000001,FALSE,NA
"Control","DOCK4",785,"LRRC8D",-0.259887005649717,FALSE,NA
"Control","DOCK4",785,"LRRK2",0.054590570719603,FALSE,"[0,0.1]"
"Control","DOCK4",785,"LYST",-0.0579439252336449,FALSE,NA
"Control","DOCK4",785,"MACF1",-0.0117814340849076,FALSE,NA
"Control","DOCK4",785,"MACROD2",-0.0155889145496536,FALSE,NA
"Control","DOCK4",785,"MAF",-0.0736196319018405,FALSE,NA
"Control","DOCK4",785,"MALAT1",-0.0183585313174946,FALSE,NA
"Control","DOCK4",785,"MAML2",0.000635727908455181,FALSE,"[0,0.1]"
"Control","DOCK4",785,"MAML3",0.0521739130434783,FALSE,"[0,0.1]"
"Control","DOCK4",785,"MAN1A1",0.026299311208516,FALSE,"[0,0.1]"
"Control","DOCK4",785,"MAN1C1",-0.0606060606060606,FALSE,NA
"Control","DOCK4",785,"MAN2A1",-0.0193476373558229,FALSE,NA
"Control","DOCK4",785,"MANBA",7.62499999999998,FALSE,NA
"Control","DOCK4",785,"MAP3K5",-0.10957324106113,FALSE,NA
"Control","DOCK4",785,"MAP4K4",-0.102119460500963,FALSE,NA
"Control","DOCK4",785,"MARCH1",-0.0970491803278688,FALSE,NA
"Control","DOCK4",785,"MARK3",-0.00654817586529467,FALSE,NA
"Control","DOCK4",785,"MBD5",-0.0226700251889169,FALSE,NA
"Control","DOCK4",785,"MBNL1",0.00683060109289618,FALSE,"[0,0.1]"
"Control","DOCK4",785,"MBNL2",-0.00342192312079389,FALSE,NA
"Control","DOCK4",785,"MBP",-0.0122830741491999,FALSE,NA
"Control","DOCK4",785,"MED13L",-0.077574047954866,FALSE,NA
"Control","DOCK4",785,"MEF2C",-0.0425963488843813,FALSE,NA
"Control","DOCK4",785,"MERTK",0.00294985250737463,FALSE,"[0,0.1]"
"Control","DOCK4",785,"MIR181A1HG",0.385650224215247,FALSE,"(0.3,0.4]"
"Control","DOCK4",785,"MIR99AHG",0.037410394265233,FALSE,"[0,0.1]"
"Control","DOCK4",785,"MITF",0.0111524163568773,FALSE,"[0,0.1]"
"Control","DOCK4",785,"MKLN1",0.0019047619047619,FALSE,"[0,0.1]"
"Control","DOCK4",785,"MS4A4A",0.00219366969602006,FALSE,"[0,0.1]"
"Control","DOCK4",785,"MSI2",0.155260469867211,FALSE,"(0.1,0.2]"
"Control","DOCK4",785,"MSR1",0.0445673389720234,FALSE,"[0,0.1]"
"Control","DOCK4",785,"MTHFD1L",-0.0776255707762557,FALSE,NA
"Control","DOCK4",785,"MTSS1",-0.0126312044120263,FALSE,NA
"Control","DOCK4",785,"MVB12B",0.0101030110935024,FALSE,"[0,0.1]"
"Control","DOCK4",785,"MYCBP2",-0.0663716814159292,FALSE,NA
"Control","DOCK4",785,"MYO1D",-0.0115236875800256,FALSE,NA
"Control","DOCK4",785,"MYO1E",-0.0112711333750783,FALSE,NA
"Control","DOCK4",785,"MYO5A",-0.0232622161046112,FALSE,NA
"Control","DOCK4",785,"N4BP2L2",-0.0122402142037486,FALSE,NA
"Control","DOCK4",785,"NAV2",-0.0432432432432432,FALSE,NA
"Control","DOCK4",785,"NBEA",0.0401069518716577,FALSE,"[0,0.1]"
"Control","DOCK4",785,"NCKAP5",0.00471364600518501,FALSE,"[0,0.1]"
"Control","DOCK4",785,"NCOA2",0.025531914893617,FALSE,"[0,0.1]"
"Control","DOCK4",785,"NCOA3",-0.0491345616973758,FALSE,NA
"Control","DOCK4",785,"NEDD4L",-0.045510455104551,FALSE,NA
"Control","DOCK4",785,"NEK7",0.158415841584158,FALSE,"(0.1,0.2]"
"Control","DOCK4",785,"NFAT5",-0.0173611111111111,FALSE,NA
"Control","DOCK4",785,"NFIA",-0.005229793977813,FALSE,NA
"Control","DOCK4",785,"NFKB1",0.0304878048780488,FALSE,"[0,0.1]"
"Control","DOCK4",785,"NHSL1",0.0138597228055439,FALSE,"[0,0.1]"
"Control","DOCK4",785,"NIPBL",0.0357142857142857,FALSE,"[0,0.1]"
"Control","DOCK4",785,"NLK",-0.0193678339014565,FALSE,NA
"Control","DOCK4",785,"NPAS3",-0.016524048391856,FALSE,NA
"Control","DOCK4",785,"NPL",0.0075187969924812,FALSE,"[0,0.1]"
"Control","DOCK4",785,"NR3C1",-0.0645161290322581,FALSE,NA
"Control","DOCK4",785,"NR3C2",0.137254901960784,FALSE,"(0.1,0.2]"
"Control","DOCK4",785,"NSMCE2",-0.00662251655629139,FALSE,NA
"Control","DOCK4",785,"NUMB",-24.0000000000001,FALSE,NA
"Control","DOCK4",785,"OSBPL1A",-0.0620108368452739,FALSE,NA
"Control","DOCK4",785,"OSBPL3",0.0962800875273523,FALSE,"[0,0.1]"
"Control","DOCK4",785,"OSBPL8",0.0181818181818182,FALSE,"[0,0.1]"
"Control","DOCK4",785,"OXR1",-0.0308411214953271,FALSE,NA
"Control","DOCK4",785,"P4HA1",0.0365961199294533,FALSE,"[0,0.1]"
"Control","DOCK4",785,"PACS1",0.0163265306122449,FALSE,"[0,0.1]"
"Control","DOCK4",785,"PAN3",0.175,FALSE,"(0.1,0.2]"
"Control","DOCK4",785,"PARP8",-0.0204828090709583,FALSE,NA
"Control","DOCK4",785,"PBX3",0.125435540069686,FALSE,"(0.1,0.2]"
"Control","DOCK4",785,"PCCA",-0.044362292051756,FALSE,NA
"Control","DOCK4",785,"PCDH9",0.0249221183800623,FALSE,"[0,0.1]"
"Control","DOCK4",785,"PCM1",0.0168332456601789,FALSE,"[0,0.1]"
"Control","DOCK4",785,"PDE3B",0.0595185995623632,FALSE,"[0,0.1]"
"Control","DOCK4",785,"PDE4B",-0.0606060606060606,FALSE,NA
"Control","DOCK4",785,"PDE8A",0.0577488450230996,FALSE,"[0,0.1]"
"Control","DOCK4",785,"PDGFC",-0.0120627261761158,FALSE,NA
"Control","DOCK4",785,"PDS5B",0.0620689655172414,FALSE,"[0,0.1]"
"Control","DOCK4",785,"PEAK1",0.00761070110701107,FALSE,"[0,0.1]"
"Control","DOCK4",785,"PECAM1",0.0408163265306122,FALSE,"[0,0.1]"
"Control","DOCK4",785,"PELI1",0.793103448275862,FALSE,"(0.7,0.8]"
"Control","DOCK4",785,"PELI2",0.024745269286754,FALSE,"[0,0.1]"
"Control","DOCK4",785,"PHC2",-0.0837004405286344,FALSE,NA
"Control","DOCK4",785,"PHC3",0.0177514792899408,FALSE,"[0,0.1]"
"Control","DOCK4",785,"PHF21A",-0.00164473684210526,FALSE,NA
"Control","DOCK4",785,"PIAS1",-0.0406852248394004,FALSE,NA
"Control","DOCK4",785,"PICALM",-0.0428954423592493,FALSE,NA
"Control","DOCK4",785,"PIK3R5",-0.0272727272727273,FALSE,NA
"Control","DOCK4",785,"PIP4K2A",-0.0176266137040715,FALSE,NA
"Control","DOCK4",785,"PLCL1",-0.00113636363636364,FALSE,NA
"Control","DOCK4",785,"PLCL2",-0.010194624652456,FALSE,NA
"Control","DOCK4",785,"PLSCR1",0.0398671096345515,FALSE,"[0,0.1]"
"Control","DOCK4",785,"PNISR",-0.0551905387647832,FALSE,NA
"Control","DOCK4",785,"PPM1L",-0.0293785310734463,FALSE,NA
"Control","DOCK4",785,"PPP1R12A",-0.0406654343807763,FALSE,NA
"Control","DOCK4",785,"PPP3CA",-0.0147783251231527,FALSE,NA
"Control","DOCK4",785,"PRKAG2",0.230058774139379,FALSE,"(0.2,0.3]"
"Control","DOCK4",785,"PRKCE",-0.00267379679144385,FALSE,NA
"Control","DOCK4",785,"PSMA1",0.0290037831021438,FALSE,"[0,0.1]"
"Control","DOCK4",785,"PTK2",-0.00755833059480776,FALSE,NA
"Control","DOCK4",785,"PTPRG",-0.0194426441996111,FALSE,NA
"Control","DOCK4",785,"PTPRM",0.0218120805369128,FALSE,"[0,0.1]"
"Control","DOCK4",785,"QKI",0.0937689050211736,FALSE,"[0,0.1]"
"Control","DOCK4",785,"RAB10",-0.0571979434447301,FALSE,NA
"Control","DOCK4",785,"RABGAP1L",-0.583333333333334,FALSE,NA
"Control","DOCK4",785,"RALGAPA2",-0.00961538461538461,FALSE,NA
"Control","DOCK4",785,"RAP1A",-0.178403755868545,FALSE,NA
"Control","DOCK4",785,"RAPGEF2",-0.414634146341464,FALSE,NA
"Control","DOCK4",785,"RAPGEF6",-0.0233068275294763,FALSE,NA
"Control","DOCK4",785,"RBM47",-0.0257787325456498,FALSE,NA
"Control","DOCK4",785,"RBMS1",-0.0270198675496689,FALSE,NA
"Control","DOCK4",785,"RBPJ",0.01628380343123,FALSE,"[0,0.1]"
"Control","DOCK4",785,"RCSD1",0.0706447187928669,FALSE,"[0,0.1]"
"Control","DOCK4",785,"RERE",0.0185125040597597,FALSE,"[0,0.1]"
"Control","DOCK4",785,"REV3L",0.0145513338722716,FALSE,"[0,0.1]"
"Control","DOCK4",785,"RFX3",0.0583333333333333,FALSE,"[0,0.1]"
"Control","DOCK4",785,"RGL1",-0.0140285865537321,FALSE,NA
"Control","DOCK4",785,"RICTOR",0.000248077400148846,FALSE,"[0,0.1]"
"Control","DOCK4",785,"RIN2",-0.00551181102362205,FALSE,NA
"Control","DOCK4",785,"RNF13",0.0588235294117647,FALSE,"[0,0.1]"
"Control","DOCK4",785,"RNF144B",0.109489051094891,FALSE,"(0.1,0.2]"
"Control","DOCK4",785,"RNF149",-0.0280665280665281,FALSE,NA
"Control","DOCK4",785,"ROCK1",-0.0235910878112713,FALSE,NA
"Control","DOCK4",785,"RTN4",-0.0679442508710802,FALSE,NA
"Control","DOCK4",785,"SAMD12",-0.00308451573103023,FALSE,NA
"Control","DOCK4",785,"SBF2",0.0111223458038423,FALSE,"[0,0.1]"
"Control","DOCK4",785,"SCAF11",-0.0469798657718121,FALSE,NA
"Control","DOCK4",785,"SDCCAG8",-0.00215703192407248,FALSE,NA
"Control","DOCK4",785,"SDK1",0.0972222222222222,FALSE,"[0,0.1]"
"Control","DOCK4",785,"SEC14L1",0.0941759603469641,FALSE,"[0,0.1]"
"Control","DOCK4",785,"SENP6",-0.259615384615385,FALSE,NA
"Control","DOCK4",785,"SGK1",0.0300993124522536,FALSE,"[0,0.1]"
"Control","DOCK4",785,"SGK3",-0.00717006497871387,FALSE,NA
"Control","DOCK4",785,"SGMS1",-0.0187667560321716,FALSE,NA
"Control","DOCK4",785,"SH3KBP1",0.0777777777777778,FALSE,"[0,0.1]"
"Control","DOCK4",785,"SHTN1",-0.025018395879323,FALSE,NA
"Control","DOCK4",785,"SIK3",-0.0114184814596822,FALSE,NA
"Control","DOCK4",785,"SKAP2",-5.83333333333333,FALSE,NA
"Control","DOCK4",785,"SLC22A23",0.037037037037037,FALSE,"[0,0.1]"
"Control","DOCK4",785,"SLC25A13",0.0108646446355817,FALSE,"[0,0.1]"
"Control","DOCK4",785,"SLC2A13",0.349206349206349,FALSE,"(0.3,0.4]"
"Control","DOCK4",785,"SLC39A11",0.00412276683463124,FALSE,"[0,0.1]"
"Control","DOCK4",785,"SLC44A1",-0.0227584315876063,FALSE,NA
"Control","DOCK4",785,"SLC4A7",0.307692307692308,FALSE,"(0.3,0.4]"
"Control","DOCK4",785,"SLC8A1",0.123809523809524,FALSE,"(0.1,0.2]"
"Control","DOCK4",785,"SLC9A9",-0.000387596899224806,FALSE,NA
"Control","DOCK4",785,"SMAD2",-1,FALSE,NA
"Control","DOCK4",785,"SMAP2",0.0927083333333333,FALSE,"[0,0.1]"
"Control","DOCK4",785,"SMCHD1",0.0649762282091918,FALSE,"[0,0.1]"
"Control","DOCK4",785,"SMYD3",0.0101156069364162,FALSE,"[0,0.1]"
"Control","DOCK4",785,"SNCA",-0.0288401253918495,FALSE,NA
"Control","DOCK4",785,"SND1",-0.000902527075812274,FALSE,NA
"Control","DOCK4",785,"SNX13",-0.0159893404397069,FALSE,NA
"Control","DOCK4",785,"SORT1",-0.0121310881767156,FALSE,NA
"Control","DOCK4",785,"SOS1",-0.0569105691056911,FALSE,NA
"Control","DOCK4",785,"SPECC1",-0.118081180811808,FALSE,NA
"Control","DOCK4",785,"SPIDR",0.00951625693893735,FALSE,"[0,0.1]"
"Control","DOCK4",785,"SPIRE1",0.005249343832021,FALSE,"[0,0.1]"
"Control","DOCK4",785,"SPPL3",0.0536912751677852,FALSE,"[0,0.1]"
"Control","DOCK4",785,"SPTLC2",-0.127030162412993,FALSE,NA
"Control","DOCK4",785,"SRGAP1",-0.0248046211348964,FALSE,NA
"Control","DOCK4",785,"SRGAP2B",0.0675990675990676,FALSE,"[0,0.1]"
"Control","DOCK4",785,"SRPK2",-0.00589225589225589,FALSE,NA
"Control","DOCK4",785,"SSBP2",0.00701446733888645,FALSE,"[0,0.1]"
"Control","DOCK4",785,"ST18",-0.0226621516019797,FALSE,NA
"Control","DOCK4",785,"ST6GALNAC3",-0.00980392156862745,FALSE,NA
"Control","DOCK4",785,"ST8SIA4",-0.022977022977023,FALSE,NA
"Control","DOCK4",785,"STARD13",0.0003933910306845,FALSE,"[0,0.1]"
"Control","DOCK4",785,"STAU2",-0.0473441108545035,FALSE,NA
"Control","DOCK4",785,"STK3",-0.0902061855670103,FALSE,NA
"Control","DOCK4",785,"STX7",0.0758620689655172,FALSE,"[0,0.1]"
"Control","DOCK4",785,"SUCLG2",-0.0115273775216138,FALSE,NA
"Control","DOCK4",785,"SUPT3H",-0.00323624595469256,FALSE,NA
"Control","DOCK4",785,"SYK",-0.0316693505099302,FALSE,NA
"Control","DOCK4",785,"TAB2",-0.0606060606060606,FALSE,NA
"Control","DOCK4",785,"TANC2",0.09353507565337,FALSE,"[0,0.1]"
"Control","DOCK4",785,"TANK",0.00804597701149425,FALSE,"[0,0.1]"
"Control","DOCK4",785,"TAOK3",-0.252336448598131,FALSE,NA
"Control","DOCK4",785,"TBC1D1",-0.0766208251473477,FALSE,NA
"Control","DOCK4",785,"TBC1D4",-0.0601092896174863,FALSE,NA
"Control","DOCK4",785,"TBC1D5",-0.0118953211736717,FALSE,NA
"Control","DOCK4",785,"TBL1XR1",-19.9999999999999,FALSE,NA
"Control","DOCK4",785,"TBXAS1",-0.00625,FALSE,NA
"Control","DOCK4",785,"TCF12",-0.0183299389002037,FALSE,NA
"Control","DOCK4",785,"TCF4",0.0710659898477157,FALSE,"[0,0.1]"
"Control","DOCK4",785,"TET2",0.029673590504451,FALSE,"[0,0.1]"
"Control","DOCK4",785,"TFEC",-0.0493096646942801,FALSE,NA
"Control","DOCK4",785,"TGFBR2",-0.117361784675073,FALSE,NA
"Control","DOCK4",785,"TLR2",-0.0337636544190665,FALSE,NA
"Control","DOCK4",785,"TMEM117",-0.159090909090909,FALSE,NA
"Control","DOCK4",785,"TMEM65",-0.0309278350515464,FALSE,NA
"Control","DOCK4",785,"TMTC2",-0.0211552174946518,FALSE,NA
"Control","DOCK4",785,"TNRC6B",0.0831758034026465,FALSE,"[0,0.1]"
"Control","DOCK4",785,"TPK1",0.101010101010101,FALSE,"(0.1,0.2]"
"Control","DOCK4",785,"TPRG1",0.00348432055749129,FALSE,"[0,0.1]"
"Control","DOCK4",785,"TRAPPC9",-0.0434782608695652,FALSE,NA
"Control","DOCK4",785,"TRHDE",-0.0129032258064516,FALSE,NA
"Control","DOCK4",785,"TRIO",0.0169014084507042,FALSE,"[0,0.1]"
"Control","DOCK4",785,"TRIP12",-0.0946745562130178,FALSE,NA
"Control","DOCK4",785,"TRPS1",0.00797679477882524,FALSE,"[0,0.1]"
"Control","DOCK4",785,"TTC17",-0.0285714285714286,FALSE,NA
"Control","DOCK4",785,"TTC3",0.013277428371768,FALSE,"[0,0.1]"
"Control","DOCK4",785,"TUT7",0.0242290748898678,FALSE,"[0,0.1]"
"Control","DOCK4",785,"TXNIP",0.118863049095607,FALSE,"(0.1,0.2]"
"Control","DOCK4",785,"UBE2E1",0.105263157894737,FALSE,"(0.1,0.2]"
"Control","DOCK4",785,"UBE2E2",-0.114035087719298,FALSE,NA
"Control","DOCK4",785,"UBR5",0.132631578947368,FALSE,"(0.1,0.2]"
"Control","DOCK4",785,"UBXN2B",0.518900343642612,FALSE,"(0.5,0.6]"
"Control","DOCK4",785,"UMAD1",-0.0220125786163522,FALSE,NA
"Control","DOCK4",785,"USP15",-0.044404973357016,FALSE,NA
"Control","DOCK4",785,"USP34",-0.00956937799043062,FALSE,NA
"Control","DOCK4",785,"USP53",-0.0172562553925798,FALSE,NA
"Control","DOCK4",785,"UTRN",0.0177339901477832,FALSE,"[0,0.1]"
"Control","DOCK4",785,"UTY",-0.0239064089521872,FALSE,NA
"Control","DOCK4",785,"VMP1",-0.0278422273781903,FALSE,NA
"Control","DOCK4",785,"VPS13C",-0.0034443168771527,FALSE,NA
"Control","DOCK4",785,"VPS8",0.00564334085778781,FALSE,"[0,0.1]"
"Control","DOCK4",785,"VTI1A",-0.0350877192982456,FALSE,NA
"Control","DOCK4",785,"WIPF1",0.0129032258064516,FALSE,"[0,0.1]"
"Control","DOCK4",785,"WNK1",-0.0455801104972376,FALSE,NA
"Control","DOCK4",785,"WSB1",0.00106883283454468,FALSE,"[0,0.1]"
"Control","DOCK4",785,"WWOX",0.0348953140578265,FALSE,"[0,0.1]"
"Control","DOCK4",785,"XPR1",-0.0390625,FALSE,NA
"Control","DOCK4",785,"YKT6",0.0833333333333333,FALSE,"[0,0.1]"
"Control","DOCK4",785,"ZBTB16",0.0260040450736781,FALSE,"[0,0.1]"
"Control","DOCK4",785,"ZBTB20",-0.00596981302095066,FALSE,NA
"Control","DOCK4",785,"ZEB2",-0.00911217830316463,FALSE,NA
"Control","DOCK4",785,"ZFPM2-AS1",-0.0923482849604222,FALSE,NA
"Control","DOCK4",785,"ZMAT3",-0.0538793103448276,FALSE,NA
"Control","DOCK4",785,"ZNF148",-0.0235849056603774,FALSE,NA
"Control","DOCK4",785,"ZNF292",0.0263671875,FALSE,"[0,0.1]"
"Control","DOCK4",785,"ZNF609",-0.0296442687747035,FALSE,NA
"Control","DOCK4",785,"ZNF638",-0.0105304212168487,FALSE,NA
"Control","DOCK4",785,"ZSWIM6",0.107368421052632,FALSE,"(0.1,0.2]"
"Control","ETV6",785,"AAK1",-0.033003300330033,FALSE,NA
"Control","ETV6",785,"ABCA1",-0.0265822784810127,FALSE,NA
"Control","ETV6",785,"AC007262.2",-0.0246734397677794,FALSE,NA
"Control","ETV6",785,"ACSL4",0.0408163265306122,FALSE,"[0,0.1]"
"Control","ETV6",785,"ACYP2",-0.003035413153457,FALSE,NA
"Control","ETV6",785,"ADK",-0.151408450704225,FALSE,NA
"Control","ETV6",785,"AFF1",-0.0182394924662966,FALSE,NA
"Control","ETV6",785,"AKAP13",0.0121951219512195,FALSE,"[0,0.1]"
"Control","ETV6",785,"AKT3",-0.00961538461538461,FALSE,NA
"Control","ETV6",785,"AL035446.2",0.302325581395349,FALSE,"(0.3,0.4]"
"Control","ETV6",785,"AL163541.1",0.10893098782138,FALSE,"(0.1,0.2]"
"Control","ETV6",785,"AL392172.2",-0.0294627383015598,FALSE,NA
"Control","ETV6",785,"ALCAM",-0.0106833299737956,FALSE,NA
"Control","ETV6",785,"ANK2",0.17636684303351,FALSE,"(0.1,0.2]"
"Control","ETV6",785,"ANKRD12",0.00603101665709362,FALSE,"[0,0.1]"
"Control","ETV6",785,"ANKRD17",-0.0211764705882353,FALSE,NA
"Control","ETV6",785,"ANKRD44",-0.0532258064516129,FALSE,NA
"Control","ETV6",785,"AOAH",0.0630914826498423,FALSE,"[0,0.1]"
"Control","ETV6",785,"AP001977.1",-0.0185471406491499,FALSE,NA
"Control","ETV6",785,"AP3B1",0.0068359375,FALSE,"[0,0.1]"
"Control","ETV6",785,"APOE",0.0153256704980843,FALSE,"[0,0.1]"
"Control","ETV6",785,"ARHGAP15",0.0348623853211009,FALSE,"[0,0.1]"
"Control","ETV6",785,"ARHGAP18",-0.00622810432074737,FALSE,NA
"Control","ETV6",785,"ARHGAP21",-0.00179740659904994,FALSE,NA
"Control","ETV6",785,"ARHGAP22",0.00888888888888889,FALSE,"[0,0.1]"
"Control","ETV6",785,"ARHGAP24",-0.0436507936507936,FALSE,NA
"Control","ETV6",785,"ARHGAP6",-0.0010958904109589,FALSE,NA
"Control","ETV6",785,"ARID2",-0.210526315789474,FALSE,NA
"Control","ETV6",785,"ARID4B",0.0549199084668192,FALSE,"[0,0.1]"
"Control","ETV6",785,"ARL15",0.000879507475813544,FALSE,"[0,0.1]"
"Control","ETV6",785,"ASAP1",-0.00863930885529158,FALSE,NA
"Control","ETV6",785,"ASCC3",-0.034375,FALSE,NA
"Control","ETV6",785,"ASH1L",-0.0283975659229209,FALSE,NA
"Control","ETV6",785,"ASTN2",-0.00332225913621262,FALSE,NA
"Control","ETV6",785,"ATF6",0.209677419354839,FALSE,"(0.2,0.3]"
"Control","ETV6",785,"ATG7",-0.0263355906696765,FALSE,NA
"Control","ETV6",785,"ATM",-0.261904761904762,FALSE,NA
"Control","ETV6",785,"ATRX",-0.0875576036866359,FALSE,NA
"Control","ETV6",785,"ATXN1",0.0095990965556183,FALSE,"[0,0.1]"
"Control","ETV6",785,"BAZ2B",0.00124378109452736,FALSE,"[0,0.1]"
"Control","ETV6",785,"BBS9",-0.0414144632048423,FALSE,NA
"Control","ETV6",785,"BBX",0.0271966527196653,FALSE,"[0,0.1]"
"Control","ETV6",785,"BCAS3",0.00471698113207547,FALSE,"[0,0.1]"
"Control","ETV6",785,"BIRC6",0.0109090909090909,FALSE,"[0,0.1]"
"Control","ETV6",785,"BLNK",-0.0015552099533437,FALSE,NA
"Control","ETV6",785,"BNC2",-0.0309278350515464,FALSE,NA
"Control","ETV6",785,"BPTF",0.00300150075037519,FALSE,"[0,0.1]"
"Control","ETV6",785,"BRAF",-0.00852878464818763,FALSE,NA
"Control","ETV6",785,"BRWD1",-0.0250696378830084,FALSE,NA
"Control","ETV6",785,"BTBD9",0.0431547619047619,FALSE,"[0,0.1]"
"Control","ETV6",785,"BTK",0.0769230769230769,FALSE,"[0,0.1]"
"Control","ETV6",785,"C1QB",-0.168181818181818,FALSE,NA
"Control","ETV6",785,"C20orf194",-0.0364864864864865,FALSE,NA
"Control","ETV6",785,"CAB39",0.0269230769230769,FALSE,"[0,0.1]"
"Control","ETV6",785,"CADM1",-0.0345480359678183,FALSE,NA
"Control","ETV6",785,"CAMK2D",-0.0686274509803921,FALSE,NA
"Control","ETV6",785,"CAMKMT",-0.277777777777778,FALSE,NA
"Control","ETV6",785,"CCDC26",-0.0404929577464789,FALSE,NA
"Control","ETV6",785,"CCDC88A",-0.00313971742543171,FALSE,NA
"Control","ETV6",785,"CCND3",-0.0528316229570506,FALSE,NA
"Control","ETV6",785,"CCNH",0.029597282872392,FALSE,"[0,0.1]"
"Control","ETV6",785,"CCNY",0.181481481481481,FALSE,"(0.1,0.2]"
"Control","ETV6",785,"CD163",-0.00539460539460539,FALSE,NA
"Control","ETV6",785,"CD86",-0.00977443609022556,FALSE,NA
"Control","ETV6",785,"CDK14",-0.00696378830083566,FALSE,NA
"Control","ETV6",785,"CDK19",-0.0187724453150506,FALSE,NA
"Control","ETV6",785,"CDK6",-0.045343137254902,FALSE,NA
"Control","ETV6",785,"CDKAL1",-0.138095238095238,FALSE,NA
"Control","ETV6",785,"CELF2",0.039568345323741,FALSE,"[0,0.1]"
"Control","ETV6",785,"CEP350",-0.0616438356164383,FALSE,NA
"Control","ETV6",785,"CFLAR",-0.0213433772755807,FALSE,NA
"Control","ETV6",785,"CHD2",-0.0193798449612403,FALSE,NA
"Control","ETV6",785,"CHST15",-0.00994318181818182,FALSE,NA
"Control","ETV6",785,"CHSY3",0.0508196721311475,FALSE,"[0,0.1]"
"Control","ETV6",785,"CLASP2",-0.00893066980023502,FALSE,NA
"Control","ETV6",785,"CMSS1",-0.0110091743119266,FALSE,NA
"Control","ETV6",785,"COG5",-0.666666666666667,FALSE,NA
"Control","ETV6",785,"COP1",-0.20855614973262,FALSE,NA
"Control","ETV6",785,"CPEB3",0.333333333333333,FALSE,"(0.3,0.4]"
"Control","ETV6",785,"CPED1",-0.00370096225018505,FALSE,NA
"Control","ETV6",785,"CPM",-0.020979020979021,FALSE,NA
"Control","ETV6",785,"CPQ",-0.0415512465373961,FALSE,NA
"Control","ETV6",785,"CR1",-0.0104384133611691,FALSE,NA
"Control","ETV6",785,"CRADD",0.0663636363636364,FALSE,"[0,0.1]"
"Control","ETV6",785,"CSGALNACT1",0.00303889789303079,FALSE,"[0,0.1]"
"Control","ETV6",785,"CSNK1A1",-0.0598006644518272,FALSE,NA
"Control","ETV6",785,"CTTNBP2",0.0866910866910867,FALSE,"[0,0.1]"
"Control","ETV6",785,"CYBB",-0.0138248847926267,FALSE,NA
"Control","ETV6",785,"DCAF6",-0.311111111111111,FALSE,NA
"Control","ETV6",785,"DDX17",-0.0186497575531518,FALSE,NA
"Control","ETV6",785,"DDX5",0.00515796260477112,FALSE,"[0,0.1]"
"Control","ETV6",785,"DENND1A",-0.0343878954607978,FALSE,NA
"Control","ETV6",785,"DENND4C",0.0236305048335124,FALSE,"[0,0.1]"
"Control","ETV6",785,"DIAPH2",-0.121621621621622,FALSE,NA
"Control","ETV6",785,"DIP2B",-0.0131066241586964,FALSE,NA
"Control","ETV6",785,"DIRC3",-0.00946811473127263,FALSE,NA
"Control","ETV6",785,"DISP1",-0.0143355288647811,FALSE,NA
"Control","ETV6",785,"DLEU2",0.0124471582902771,FALSE,"[0,0.1]"
"Control","ETV6",785,"DLG1",-0.0127458120903132,FALSE,NA
"Control","ETV6",785,"DLG2",-0.0265750970438937,FALSE,NA
"Control","ETV6",785,"DMXL2",-0.0226480836236934,FALSE,NA
"Control","ETV6",785,"DOCK10",-0.0240139717653908,FALSE,NA
"Control","ETV6",785,"DOCK2",-0.018705035971223,FALSE,NA
"Control","ETV6",785,"DOCK5",-0.00980608197443808,FALSE,NA
"Control","ETV6",785,"DOCK8",-0.0257425742574257,FALSE,NA
"Control","ETV6",785,"DPYD",0.000497636227917392,FALSE,"[0,0.1]"
"Control","ETV6",785,"DST",-0.00706108911950358,FALSE,NA
"Control","ETV6",785,"DTNA",0.0118577075098814,FALSE,"[0,0.1]"
"Control","ETV6",785,"DYM",-0.0277777777777778,FALSE,NA
"Control","ETV6",785,"EDA",-0.0134099616858238,FALSE,NA
"Control","ETV6",785,"EEF1A1",-0.547297297297297,FALSE,NA
"Control","ETV6",785,"EIF4G3",0.033033903216459,FALSE,"[0,0.1]"
"Control","ETV6",785,"ELF1",-0.00278810408921933,FALSE,NA
"Control","ETV6",785,"ELMO1",0.019538188277087,FALSE,"[0,0.1]"
"Control","ETV6",785,"EPS15",-0.00593471810089021,FALSE,NA
"Control","ETV6",785,"EPSTI1",0.00700525394045534,FALSE,"[0,0.1]"
"Control","ETV6",785,"ERBIN",-0.014336917562724,FALSE,NA
"Control","ETV6",785,"ERC1",-0.0293724966622163,FALSE,NA
"Control","ETV6",785,"EVI5",-0.0754545454545455,FALSE,NA
"Control","ETV6",785,"EVL",-0.19047619047619,FALSE,NA
"Control","ETV6",785,"EXOC4",-0.0452586206896552,FALSE,NA
"Control","ETV6",785,"EXOC6B",-0.00750300120048019,FALSE,NA
"Control","ETV6",785,"F13A1",-0.00728218465539662,FALSE,NA
"Control","ETV6",785,"FAF1",0.0317087492660012,FALSE,"[0,0.1]"
"Control","ETV6",785,"FAM135A",-0.135869565217391,FALSE,NA
"Control","ETV6",785,"FAM13A",0.0334814814814815,FALSE,"[0,0.1]"
"Control","ETV6",785,"FAM149A",0.0520504731861199,FALSE,"[0,0.1]"
"Control","ETV6",785,"FAM168A",-0.0452342487883683,FALSE,NA
"Control","ETV6",785,"FAM49A",0.149484536082474,FALSE,"(0.1,0.2]"
"Control","ETV6",785,"FAR2",0.0157894736842105,FALSE,"[0,0.1]"
"Control","ETV6",785,"FARS2",-0.0432900432900433,FALSE,NA
"Control","ETV6",785,"FBXO11",-0.160869565217391,FALSE,NA
"Control","ETV6",785,"FCHO2",0.00886917960088692,FALSE,"[0,0.1]"
"Control","ETV6",785,"FCHSD2",-0.0160550458715596,FALSE,NA
"Control","ETV6",785,"FER",-0.0142954390742001,FALSE,NA
"Control","ETV6",785,"FGD4",-0.00941176470588235,FALSE,NA
"Control","ETV6",785,"FHIT",0.019559902200489,FALSE,"[0,0.1]"
"Control","ETV6",785,"FKBP5",0.00957592339261286,FALSE,"[0,0.1]"
"Control","ETV6",785,"FLI1",-0.0335195530726257,FALSE,NA
"Control","ETV6",785,"FMN1",0.00516395558998193,FALSE,"[0,0.1]"
"Control","ETV6",785,"FMNL2",-0.00589753040914117,FALSE,NA
"Control","ETV6",785,"FNDC3A",-0.0229508196721312,FALSE,NA
"Control","ETV6",785,"FNIP1",-0.0304844855743059,FALSE,NA
"Control","ETV6",785,"FOXN3",-0.0679785330948122,FALSE,NA
"Control","ETV6",785,"FOXO3",-0.0360979802320585,FALSE,NA
"Control","ETV6",785,"FOXP1",-0.0365667851701371,FALSE,NA
"Control","ETV6",785,"FRMD4B",0.000408496732026144,FALSE,"[0,0.1]"
"Control","ETV6",785,"FRYL",-0.0212954747116238,FALSE,NA
"Control","ETV6",785,"FTH1",0.0184994861253854,FALSE,"[0,0.1]"
"Control","ETV6",785,"FTO",-0.113924050632911,FALSE,NA
"Control","ETV6",785,"FTX",0.0019451048195375,FALSE,"[0,0.1]"
"Control","ETV6",785,"GAB1",-0.0109269027882442,FALSE,NA
"Control","ETV6",785,"GALNT10",0.219858156028369,FALSE,"(0.2,0.3]"
"Control","ETV6",785,"GALNTL6",-0.00975609756097561,FALSE,NA
"Control","ETV6",785,"GLDN",-0.0565902578796562,FALSE,NA
"Control","ETV6",785,"GMDS",0.0408163265306122,FALSE,"[0,0.1]"
"Control","ETV6",785,"GNAQ",-0.157738095238095,FALSE,NA
"Control","ETV6",785,"GOLGA4",2.72727272727273,FALSE,NA
"Control","ETV6",785,"GPHN",-0.00690387679235263,FALSE,NA
"Control","ETV6",785,"GPNMB",-0.468164794007491,FALSE,NA
"Control","ETV6",785,"GPRIN3",-0.000778816199376947,FALSE,NA
"Control","ETV6",785,"GRID2",-0.42910447761194,FALSE,NA
"Control","ETV6",785,"GRK3",-0.163793103448276,FALSE,NA
"Control","ETV6",785,"GSAP",-0.0396039603960396,FALSE,NA
"Control","ETV6",785,"GSK3B",-0.0568181818181818,FALSE,NA
"Control","ETV6",785,"GTDC1",0.00358896864374764,FALSE,"[0,0.1]"
"Control","ETV6",785,"HCLS1",-0.00957854406130268,FALSE,NA
"Control","ETV6",785,"HDAC8",0.0357142857142857,FALSE,"[0,0.1]"
"Control","ETV6",785,"HDAC9",-0.0412667946257198,FALSE,NA
"Control","ETV6",785,"HELZ",-0.0224719101123595,FALSE,NA
"Control","ETV6",785,"HERC1",-0.00538599640933573,FALSE,NA
"Control","ETV6",785,"HNRNPA2B1",0.0402124430955994,FALSE,"[0,0.1]"
"Control","ETV6",785,"HNRNPC",-0.140625,FALSE,NA
"Control","ETV6",785,"HNRNPU",0.0514736405147364,FALSE,"[0,0.1]"
"Control","ETV6",785,"HS3ST4",-0.0532767562470533,FALSE,NA
"Control","ETV6",785,"HSP90AA1",-0.0468965517241379,FALSE,NA
"Control","ETV6",785,"IFI44L",0.0222868217054264,FALSE,"[0,0.1]"
"Control","ETV6",785,"IFNGR1",-0.404517453798768,FALSE,NA
"Control","ETV6",785,"IFNGR2",-0.043046357615894,FALSE,NA
"Control","ETV6",785,"IGF1R",-0.0175192711983181,FALSE,NA
"Control","ETV6",785,"IL10RA",-0.00619195046439629,FALSE,NA
"Control","ETV6",785,"IQGAP2",-0.0193482688391039,FALSE,NA
"Control","ETV6",785,"IRAK3",-0.00220426157237326,FALSE,NA
"Control","ETV6",785,"IRS2",0.015625,FALSE,"[0,0.1]"
"Control","ETV6",785,"ITFG1",0.0224159402241594,FALSE,"[0,0.1]"
"Control","ETV6",785,"ITPR1",-1.2,FALSE,NA
"Control","ETV6",785,"ITPR2",0.235142118863049,FALSE,"(0.2,0.3]"
"Control","ETV6",785,"JAK1",-0.0770416024653313,FALSE,NA
"Control","ETV6",785,"JAK2",-0.166666666666667,FALSE,NA
"Control","ETV6",785,"JARID2",-0.0657640232108317,FALSE,NA
"Control","ETV6",785,"JMJD1C",-0.0197201017811705,FALSE,NA
"Control","ETV6",785,"KANSL1",-0.117567567567568,FALSE,NA
"Control","ETV6",785,"KCNK13",-0.0893782383419689,FALSE,NA
"Control","ETV6",785,"KCNMA1",-0.172169811320755,FALSE,NA
"Control","ETV6",785,"KDM2A",-0.0946745562130177,FALSE,NA
"Control","ETV6",785,"KDM4C",-0.0125754527162978,FALSE,NA
"Control","ETV6",785,"KDM6A",-0.0357142857142857,FALSE,NA
"Control","ETV6",785,"KIAA1109",-0.01625,FALSE,NA
"Control","ETV6",785,"KMT2E",0.00934579439252337,FALSE,"[0,0.1]"
"Control","ETV6",785,"KYNU",0.015609756097561,FALSE,"[0,0.1]"
"Control","ETV6",785,"L3MBTL4",-0.0444697833523375,FALSE,NA
"Control","ETV6",785,"LCOR",-0.757575757575757,FALSE,NA
"Control","ETV6",785,"LCORL",-0.0522648083623693,FALSE,NA
"Control","ETV6",785,"LINC00278",-0.0818385650224215,FALSE,NA
"Control","ETV6",785,"LINC01473",-0.0126329787234043,FALSE,NA
"Control","ETV6",785,"LNCAROD",-0.028735632183908,FALSE,NA
"Control","ETV6",785,"LPP",-0.0171919770773639,FALSE,NA
"Control","ETV6",785,"LRBA",-0.229166666666667,FALSE,NA
"Control","ETV6",785,"LRCH1",-4.12500000000001,FALSE,NA
"Control","ETV6",785,"LRRC8D",-0.259887005649717,FALSE,NA
"Control","ETV6",785,"LRRK2",-0.032258064516129,FALSE,NA
"Control","ETV6",785,"LYST",-0.0336448598130841,FALSE,NA
"Control","ETV6",785,"MACF1",0.0115783059110299,FALSE,"[0,0.1]"
"Control","ETV6",785,"MACROD2",0.0236720554272517,FALSE,"[0,0.1]"
"Control","ETV6",785,"MAF",-0.0884458077709611,FALSE,NA
"Control","ETV6",785,"MALAT1",0.165226781857451,FALSE,"(0.1,0.2]"
"Control","ETV6",785,"MAML2",0.045772409408773,FALSE,"[0,0.1]"
"Control","ETV6",785,"MAML3",0.0173913043478261,FALSE,"[0,0.1]"
"Control","ETV6",785,"MAN1A1",-0.00125234815278647,FALSE,NA
"Control","ETV6",785,"MAN1C1",-0.0584415584415584,FALSE,NA
"Control","ETV6",785,"MAN2A1",-0.0164951010790029,FALSE,NA
"Control","ETV6",785,"MANBA",-0.249999999999999,FALSE,NA
"Control","ETV6",785,"MAP3K5",-0.0899653979238754,FALSE,NA
"Control","ETV6",785,"MAP4K4",-0.13102119460501,FALSE,NA
"Control","ETV6",785,"MARCH1",0.0770491803278688,FALSE,"[0,0.1]"
"Control","ETV6",785,"MARK3",0.0177736202057998,FALSE,"[0,0.1]"
"Control","ETV6",785,"MBD5",0.0346347607052897,FALSE,"[0,0.1]"
"Control","ETV6",785,"MBNL1",-0.0546448087431694,FALSE,NA
"Control","ETV6",785,"MBNL2",-0.0126611155469374,FALSE,NA
"Control","ETV6",785,"MBP",-0.0110434978589137,FALSE,NA
"Control","ETV6",785,"MED13L",-0.0550070521861777,FALSE,NA
"Control","ETV6",785,"MEF2C",0.00405679513184584,FALSE,"[0,0.1]"
"Control","ETV6",785,"MERTK",0.000737463126843658,FALSE,"[0,0.1]"
"Control","ETV6",785,"MIR181A1HG",0.437219730941704,FALSE,"(0.4,0.5]"
"Control","ETV6",785,"MIR99AHG",0.0407706093189964,FALSE,"[0,0.1]"
"Control","ETV6",785,"MITF",-0.0319702602230483,FALSE,NA
"Control","ETV6",785,"MKLN1",-0.156190476190476,FALSE,NA
"Control","ETV6",785,"MS4A4A",-0.0122218740206832,FALSE,NA
"Control","ETV6",785,"MS4A6A",-0.0213114754098361,FALSE,NA
"Control","ETV6",785,"MSI2",0.0653728294177732,FALSE,"[0,0.1]"
"Control","ETV6",785,"MSR1",-0.0185426154847105,FALSE,NA
"Control","ETV6",785,"MTHFD1L",-0.0502283105022831,FALSE,NA
"Control","ETV6",785,"MTSS1",-0.0229496530866394,FALSE,NA
"Control","ETV6",785,"MVB12B",0.0215927099841521,FALSE,"[0,0.1]"
"Control","ETV6",785,"MYCBP2",-0.106194690265487,FALSE,NA
"Control","ETV6",785,"MYO1D",-0.0256081946222791,FALSE,NA
"Control","ETV6",785,"MYO1E",-0.0187852222917971,FALSE,NA
"Control","ETV6",785,"MYO5A",-0.0150034411562285,FALSE,NA
"Control","ETV6",785,"N4BP2L2",-0.00752263164605381,FALSE,NA
"Control","ETV6",785,"NAV2",0.154054054054054,FALSE,"(0.1,0.2]"
"Control","ETV6",785,"NBEA",0.027807486631016,FALSE,"[0,0.1]"
"Control","ETV6",785,"NCKAP5",0.0365307565401838,FALSE,"[0,0.1]"
"Control","ETV6",785,"NCOA2",-0.14468085106383,FALSE,NA
"Control","ETV6",785,"NCOA3",-0.0692350642099386,FALSE,NA
"Control","ETV6",785,"NEDD4L",-0.040590405904059,FALSE,NA
"Control","ETV6",785,"NEK7",-0.00247524752475248,FALSE,NA
"Control","ETV6",785,"NFIA",-0.0080824088748019,FALSE,NA
"Control","ETV6",785,"NFKB1",0.0548780487804878,FALSE,"[0,0.1]"
"Control","ETV6",785,"NHSL1",-0.0323393532129357,FALSE,NA
"Control","ETV6",785,"NLK",-0.0120855283545088,FALSE,NA
"Control","ETV6",785,"NPAS3",-0.018589554440838,FALSE,NA
"Control","ETV6",785,"NPL",-0.481203007518797,FALSE,NA
"Control","ETV6",785,"NR3C1",-0.0694789081885856,FALSE,NA
"Control","ETV6",785,"NR3C2",-0.313725490196078,FALSE,NA
"Control","ETV6",785,"NSMCE2",-0.0264900662251656,FALSE,NA
"Control","ETV6",785,"NUMB",-34.0000000000001,FALSE,NA
"Control","ETV6",785,"OSBPL1A",-0.134256472004816,FALSE,NA
"Control","ETV6",785,"OSBPL3",-0.0328227571115974,FALSE,NA
"Control","ETV6",785,"OSBPL8",-0.0878787878787879,FALSE,NA
"Control","ETV6",785,"OXR1",-0.0476635514018692,FALSE,NA
"Control","ETV6",785,"P4HA1",0.02336860670194,FALSE,"[0,0.1]"
"Control","ETV6",785,"PACS1",0.0612244897959184,FALSE,"[0,0.1]"
"Control","ETV6",785,"PAN3",-0.3875,FALSE,NA
"Control","ETV6",785,"PARP8",-0.0212143379663497,FALSE,NA
"Control","ETV6",785,"PBX3",-0.0940766550522648,FALSE,NA
"Control","ETV6",785,"PCCA",-0.0961182994454713,FALSE,NA
"Control","ETV6",785,"PCDH9",0.414330218068536,FALSE,"(0.4,0.5]"
"Control","ETV6",785,"PCM1",0.00841662283008943,FALSE,"[0,0.1]"
"Control","ETV6",785,"PDE3B",0.0087527352297593,FALSE,"[0,0.1]"
"Control","ETV6",785,"PDE4B",0.131313131313131,FALSE,"(0.1,0.2]"
"Control","ETV6",785,"PDE8A",0.0245695086098278,FALSE,"[0,0.1]"
"Control","ETV6",785,"PDGFC",-0.0309609971853639,FALSE,NA
"Control","ETV6",785,"PDS5B",-0.0482758620689655,FALSE,NA
"Control","ETV6",785,"PEAK1",-0.000461254612546125,FALSE,NA
"Control","ETV6",785,"PECAM1",-0.0918367346938775,FALSE,NA
"Control","ETV6",785,"PELI1",1.55172413793103,FALSE,NA
"Control","ETV6",785,"PELI2",-0.0131004366812227,FALSE,NA
"Control","ETV6",785,"PHC2",-0.0146842878120411,FALSE,NA
"Control","ETV6",785,"PHC3",-0.112426035502959,FALSE,NA
"Control","ETV6",785,"PHF21A",-0.0493421052631579,FALSE,NA
"Control","ETV6",785,"PIAS1",-0.0428265524625268,FALSE,NA
"Control","ETV6",785,"PICALM",-0.0595174262734584,FALSE,NA
"Control","ETV6",785,"PIK3R5",-0.0545454545454545,FALSE,NA
"Control","ETV6",785,"PIP4K2A",-0.00980635551142006,FALSE,NA
"Control","ETV6",785,"PLCL1",0.00198863636363636,FALSE,"[0,0.1]"
"Control","ETV6",785,"PLCL2",-0.0500463392029657,FALSE,NA
"Control","ETV6",785,"PLSCR1",0.169435215946844,FALSE,"(0.1,0.2]"
"Control","ETV6",785,"PNISR",-0.0683311432325887,FALSE,NA
"Control","ETV6",785,"PPM1L",-0.0135593220338983,FALSE,NA
"Control","ETV6",785,"PPP1R12A",-0.033271719038817,FALSE,NA
"Control","ETV6",785,"PPP3CA",-0.0315270935960591,FALSE,NA
"Control","ETV6",785,"PRKAG2",0.0377833753148615,FALSE,"[0,0.1]"
"Control","ETV6",785,"PRKCE",-0.00267379679144385,FALSE,NA
"Control","ETV6",785,"PSMA1",0.0163934426229508,FALSE,"[0,0.1]"
"Control","ETV6",785,"PTK2",0.0119947420308906,FALSE,"[0,0.1]"
"Control","ETV6",785,"PTPRG",-0.016202203499676,FALSE,NA
"Control","ETV6",785,"PTPRM",0.0134228187919463,FALSE,"[0,0.1]"
"Control","ETV6",785,"QKI",0.0834845735027223,FALSE,"[0,0.1]"
"Control","ETV6",785,"RAB10",-0.0334190231362468,FALSE,NA
"Control","ETV6",785,"RABGAP1L",-2.66666666666667,FALSE,NA
"Control","ETV6",785,"RALGAPA2",-0.0961538461538461,FALSE,NA
"Control","ETV6",785,"RAP1A",0.0328638497652582,FALSE,"[0,0.1]"
"Control","ETV6",785,"RAPGEF2",-0.109756097560976,FALSE,NA
"Control","ETV6",785,"RAPGEF6",0.0200164518782561,FALSE,"[0,0.1]"
"Control","ETV6",785,"RBM47",-0.00966702470461869,FALSE,NA
"Control","ETV6",785,"RBMS1",-0.0225165562913907,FALSE,NA
"Control","ETV6",785,"RBPJ",0.00726955510322768,FALSE,"[0,0.1]"
"Control","ETV6",785,"RCSD1",-0.0240054869684499,FALSE,NA
"Control","ETV6",785,"RERE",0.000649561545956479,FALSE,"[0,0.1]"
"Control","ETV6",785,"REV3L",-0.0068714632174616,FALSE,NA
"Control","ETV6",785,"RFX3",0.0354166666666667,FALSE,"[0,0.1]"
"Control","ETV6",785,"RGL1",-0.0131021704605611,FALSE,NA
"Control","ETV6",785,"RICTOR",-0.00620193500372116,FALSE,NA
"Control","ETV6",785,"RIN2",-0.106299212598425,FALSE,NA
"Control","ETV6",785,"RNF13",-0.150326797385621,FALSE,NA
"Control","ETV6",785,"RNF144B",0.0369525547445255,FALSE,"[0,0.1]"
"Control","ETV6",785,"RNF149",0.0748440748440748,FALSE,"[0,0.1]"
"Control","ETV6",785,"ROCK1",-0.053735255570118,FALSE,NA
"Control","ETV6",785,"RTN4",-0.00958188153310104,FALSE,NA
"Control","ETV6",785,"SAMD12",-0.000616903146206046,FALSE,NA
"Control","ETV6",785,"SBF2",0.00505561172901921,FALSE,"[0,0.1]"
"Control","ETV6",785,"SCAF11",0.0738255033557047,FALSE,"[0,0.1]"
"Control","ETV6",785,"SDCCAG8",-0.0112165660051769,FALSE,NA
"Control","ETV6",785,"SDK1",0.222222222222222,FALSE,"(0.2,0.3]"
"Control","ETV6",785,"SEC14L1",0.0132176786451879,FALSE,"[0,0.1]"
"Control","ETV6",785,"SENP6",-0.134615384615385,FALSE,NA
"Control","ETV6",785,"SGK1",-0.00213903743315508,FALSE,NA
"Control","ETV6",785,"SGK3",-0.00627380685637464,FALSE,NA
"Control","ETV6",785,"SGMS1",-0.022043491212392,FALSE,NA
"Control","ETV6",785,"SH3KBP1",-0.222222222222222,FALSE,NA
"Control","ETV6",785,"SHTN1",-0.012018641157714,FALSE,NA
"Control","ETV6",785,"SIK3",-0.00623896409652737,FALSE,NA
"Control","ETV6",785,"SKAP2",-1.16666666666667,FALSE,NA
"Control","ETV6",785,"SLC22A23",-0.00213162803090861,FALSE,NA
"Control","ETV6",785,"SLC25A13",0.0117700316885469,FALSE,"[0,0.1]"
"Control","ETV6",785,"SLC2A13",-0.111111111111111,FALSE,NA
"Control","ETV6",785,"SLC39A11",-0.00229042601923958,FALSE,NA
"Control","ETV6",785,"SLC44A1",-0.0128873046339457,FALSE,NA
"Control","ETV6",785,"SLC4A7",-0.403846153846154,FALSE,NA
"Control","ETV6",785,"SLC8A1",-0.0476190476190476,FALSE,NA
"Control","ETV6",785,"SLC9A9",-0.00251937984496124,FALSE,NA
"Control","ETV6",785,"SMAD2",-0.941176470588235,FALSE,NA
"Control","ETV6",785,"SMAP2",-0.00833333333333333,FALSE,NA
"Control","ETV6",785,"SMCHD1",0.0443740095087163,FALSE,"[0,0.1]"
"Control","ETV6",785,"SMYD3",-0.023121387283237,FALSE,NA
"Control","ETV6",785,"SNCA",-0.019435736677116,FALSE,NA
"Control","ETV6",785,"SND1",-0.01985559566787,FALSE,NA
"Control","ETV6",785,"SNX13",-0.0586275816122585,FALSE,NA
"Control","ETV6",785,"SORT1",-0.00832880680789426,FALSE,NA
"Control","ETV6",785,"SOS1",-0.333333333333333,FALSE,NA
"Control","ETV6",785,"SPECC1",-0.121771217712177,FALSE,NA
"Control","ETV6",785,"SPIDR",0.0198255352894528,FALSE,"[0,0.1]"
"Control","ETV6",785,"SPIRE1",-0.0220472440944882,FALSE,NA
"Control","ETV6",785,"SPPL3",-0.0604026845637584,FALSE,NA
"Control","ETV6",785,"SPTLC2",-0.0672853828306265,FALSE,NA
"Control","ETV6",785,"SRGAP1",0.0203873598369011,FALSE,"[0,0.1]"
"Control","ETV6",785,"SRGAP2B",0.0512820512820513,FALSE,"[0,0.1]"
"Control","ETV6",785,"SRPK2",-0.00505050505050505,FALSE,NA
"Control","ETV6",785,"SSBP2",-0.0245506356861026,FALSE,NA
"Control","ETV6",785,"ST18",-0.0182339150820526,FALSE,NA
"Control","ETV6",785,"ST6GALNAC3",0.0675381263616558,FALSE,"[0,0.1]"
"Control","ETV6",785,"ST8SIA4",-0.03996003996004,FALSE,NA
"Control","ETV6",785,"STARD13",-0.0106215578284815,FALSE,NA
"Control","ETV6",785,"STAU2",-0.0496535796766744,FALSE,NA
"Control","ETV6",785,"STK3",0.0489690721649485,FALSE,"[0,0.1]"
"Control","ETV6",785,"STX7",0.00344827586206897,FALSE,"[0,0.1]"
"Control","ETV6",785,"SUCLG2",-0.0432276657060519,FALSE,NA
"Control","ETV6",785,"SUPT3H",0.0161812297734628,FALSE,"[0,0.1]"
"Control","ETV6",785,"SYK",-0.011808910359635,FALSE,NA
"Control","ETV6",785,"TAB2",-0.0858585858585859,FALSE,NA
"Control","ETV6",785,"TANC2",-0.0715268225584594,FALSE,NA
"Control","ETV6",785,"TANK",-0.0103448275862069,FALSE,NA
"Control","ETV6",785,"TAOK3",-0.14018691588785,FALSE,NA
"Control","ETV6",785,"TBC1D1",-0.074656188605108,FALSE,NA
"Control","ETV6",785,"TBC1D4",-0.0983606557377049,FALSE,NA
"Control","ETV6",785,"TBC1D5",-0.028548770816812,FALSE,NA
"Control","ETV6",785,"TBL1XR1",-22.9999999999998,FALSE,NA
"Control","ETV6",785,"TBXAS1",-0.01875,FALSE,NA
"Control","ETV6",785,"TCF12",0.0213849287169043,FALSE,"[0,0.1]"
"Control","ETV6",785,"TCF4",-0.027072758037225,FALSE,NA
"Control","ETV6",785,"TET2",0.0276953511374876,FALSE,"[0,0.1]"
"Control","ETV6",785,"TFEC",-0.019723865877712,FALSE,NA
"Control","ETV6",785,"TGFBR2",-0.0931134820562561,FALSE,NA
"Control","ETV6",785,"TLR2",-0.0139026812313803,FALSE,NA
"Control","ETV6",785,"TMEM65",-0.0309278350515464,FALSE,NA
"Control","ETV6",785,"TMTC2",-0.0161635369622058,FALSE,NA
"Control","ETV6",785,"TNRC6B",-0.224952741020794,FALSE,NA
"Control","ETV6",785,"TPK1",-0.0202020202020202,FALSE,NA
"Control","ETV6",785,"TPRG1",-0.0348432055749129,FALSE,NA
"Control","ETV6",785,"TRAPPC9",-0.0565217391304348,FALSE,NA
"Control","ETV6",785,"TRHDE",-0.00645161290322581,FALSE,NA
"Control","ETV6",785,"TRIO",-0.0253521126760563,FALSE,NA
"Control","ETV6",785,"TRIP12",0.0236686390532544,FALSE,"[0,0.1]"
"Control","ETV6",785,"TRPS1",-0.0195794053662074,FALSE,NA
"Control","ETV6",785,"TTC3",0.0191008618681575,FALSE,"[0,0.1]"
"Control","ETV6",785,"TUT7",-0.0198237885462555,FALSE,NA
"Control","ETV6",785,"TXNIP",-0.266149870801034,FALSE,NA
"Control","ETV6",785,"UBE2E1",0.0526315789473684,FALSE,"[0,0.1]"
"Control","ETV6",785,"UBE2E2",-0.0175438596491228,FALSE,NA
"Control","ETV6",785,"UBR5",-0.0189473684210526,FALSE,NA
"Control","ETV6",785,"UBXN2B",0.195876288659794,FALSE,"(0.1,0.2]"
"Control","ETV6",785,"UMAD1",-0.0628930817610063,FALSE,NA
"Control","ETV6",785,"USP15",0.0177619893428064,FALSE,"[0,0.1]"
"Control","ETV6",785,"USP34",-0.0602870813397129,FALSE,NA
"Control","ETV6",785,"USP53",-0.0163934426229508,FALSE,NA
"Control","ETV6",785,"UTRN",-0.0532019704433497,FALSE,NA
"Control","ETV6",785,"UTY",-0.0946083418107833,FALSE,NA
"Control","ETV6",785,"VMP1",-0.037122969837587,FALSE,NA
"Control","ETV6",785,"VPS13C",0.0246842709529277,FALSE,"[0,0.1]"
"Control","ETV6",785,"VPS8",-0.0349887133182844,FALSE,NA
"Control","ETV6",785,"VTI1A",0.236842105263158,FALSE,"(0.2,0.3]"
"Control","ETV6",785,"WDFY2",-0.3,FALSE,NA
"Control","ETV6",785,"WIPF1",-0.0503225806451613,FALSE,NA
"Control","ETV6",785,"WNK1",-0.00276243093922652,FALSE,NA
"Control","ETV6",785,"WSB1",-0.00277896536981616,FALSE,NA
"Control","ETV6",785,"WWOX",0.0428713858424726,FALSE,"[0,0.1]"
"Control","ETV6",785,"XPR1",-0.0625,FALSE,NA
"Control","ETV6",785,"ZBTB16",-0.00346720600982375,FALSE,NA
"Control","ETV6",785,"ZBTB20",-0.00439288127956747,FALSE,NA
"Control","ETV6",785,"ZEB2",-0.0161310183474942,FALSE,NA
"Control","ETV6",785,"ZFPM2-AS1",-0.0765171503957784,FALSE,NA
"Control","ETV6",785,"ZMAT3",-0.148706896551724,FALSE,NA
"Control","ETV6",785,"ZNF148",-0.0660377358490566,FALSE,NA
"Control","ETV6",785,"ZNF292",-0.0009765625,FALSE,NA
"Control","ETV6",785,"ZNF609",-0.25296442687747,FALSE,NA
"Control","ETV6",785,"ZNF638",-0.00897035881435257,FALSE,NA
"Control","ETV6",785,"ZSWIM6",0.522105263157895,FALSE,"(0.5,0.6]"
"Control","FAM49A",785,"AAK1",-0.022002200220022,FALSE,NA
"Control","FAM49A",785,"ABCA1",0.0291139240506329,FALSE,"[0,0.1]"
"Control","FAM49A",785,"AC007262.2",-0.0169327527818094,FALSE,NA
"Control","FAM49A",785,"ACYP2",0.00472175379426644,FALSE,"[0,0.1]"
"Control","FAM49A",785,"ADK",-0.0774647887323944,FALSE,NA
"Control","FAM49A",785,"AFF1",0.0229976209357653,FALSE,"[0,0.1]"
"Control","FAM49A",785,"AKAP13",0.0519421860885276,FALSE,"[0,0.1]"
"Control","FAM49A",785,"AKT3",0.207692307692308,FALSE,"(0.2,0.3]"
"Control","FAM49A",785,"AL035446.2",-0.027906976744186,FALSE,NA
"Control","FAM49A",785,"AL163541.1",-0.016914749661705,FALSE,NA
"Control","FAM49A",785,"AL392172.2",0.0311958405545927,FALSE,"[0,0.1]"
"Control","FAM49A",785,"ALCAM",0.00745817375529127,FALSE,"[0,0.1]"
"Control","FAM49A",785,"ANK2",0.0652557319223986,FALSE,"[0,0.1]"
"Control","FAM49A",785,"ANKRD12",0.00215393452039058,FALSE,"[0,0.1]"
"Control","FAM49A",785,"ANKRD17",-0.0382352941176471,FALSE,NA
"Control","FAM49A",785,"ANKRD44",0.0129032258064516,FALSE,"[0,0.1]"
"Control","FAM49A",785,"AOAH",0.083596214511041,FALSE,"[0,0.1]"
"Control","FAM49A",785,"AP001977.1",-0.00927357032457496,FALSE,NA
"Control","FAM49A",785,"AP3B1",-0.005859375,FALSE,NA
"Control","FAM49A",785,"APOE",0.758620689655173,FALSE,"(0.7,0.8]"
"Control","FAM49A",785,"ARHGAP15",0.0564220183486239,FALSE,"[0,0.1]"
"Control","FAM49A",785,"ARHGAP18",0.0260801868431296,FALSE,"[0,0.1]"
"Control","FAM49A",785,"ARHGAP21",0.0106560534086532,FALSE,"[0,0.1]"
"Control","FAM49A",785,"ARHGAP22",-0.0177777777777778,FALSE,NA
"Control","FAM49A",785,"ARHGAP24",0.123015873015873,FALSE,"(0.1,0.2]"
"Control","FAM49A",785,"ARHGAP6",0.0421917808219178,FALSE,"[0,0.1]"
"Control","FAM49A",785,"ARID2",-0.0526315789473684,FALSE,NA
"Control","FAM49A",785,"ARID4B",0.0251716247139588,FALSE,"[0,0.1]"
"Control","FAM49A",785,"ARL15",0.00175901495162709,FALSE,"[0,0.1]"
"Control","FAM49A",785,"ASAP1",-0.00323974082073434,FALSE,NA
"Control","FAM49A",785,"ASCC3",-0.025,FALSE,NA
"Control","FAM49A",785,"ASH1L",-0.0669371196754564,FALSE,NA
"Control","FAM49A",785,"ATF6",0.146774193548387,FALSE,"(0.1,0.2]"
"Control","FAM49A",785,"ATG7",0.0127915726109857,FALSE,"[0,0.1]"
"Control","FAM49A",785,"ATM",0.452380952380952,FALSE,"(0.4,0.5]"
"Control","FAM49A",785,"ATRX",-0.0184331797235023,FALSE,NA
"Control","FAM49A",785,"ATXN1",0.0265386787125918,FALSE,"[0,0.1]"
"Control","FAM49A",785,"BAZ2B",-0.0066334991708126,FALSE,NA
"Control","FAM49A",785,"BBS9",-0.0168843580758203,FALSE,NA
"Control","FAM49A",785,"BBX",0.0658995815899582,FALSE,"[0,0.1]"
"Control","FAM49A",785,"BCAS3",0.0076961271102284,FALSE,"[0,0.1]"
"Control","FAM49A",785,"BIRC6",-0.0181818181818182,FALSE,NA
"Control","FAM49A",785,"BLNK",-0.0124416796267496,FALSE,NA
"Control","FAM49A",785,"BNC2",0.0274914089347079,FALSE,"[0,0.1]"
"Control","FAM49A",785,"BPTF",-0.0130065032516258,FALSE,NA
"Control","FAM49A",785,"BRAF",-0.00426439232409382,FALSE,NA
"Control","FAM49A",785,"BRWD1",0.0148560817084494,FALSE,"[0,0.1]"
"Control","FAM49A",785,"BTBD9",0.0334821428571429,FALSE,"[0,0.1]"
"Control","FAM49A",785,"C1QB",-0.107575757575758,FALSE,NA
"Control","FAM49A",785,"C20orf194",-0.00315315315315315,FALSE,NA
"Control","FAM49A",785,"CAB39",-0.0442307692307692,FALSE,NA
"Control","FAM49A",785,"CADM1",-0.0144344533838145,FALSE,NA
"Control","FAM49A",785,"CAMK2D",-0.00980392156862745,FALSE,NA
"Control","FAM49A",785,"CAMKMT",-0.111111111111111,FALSE,NA
"Control","FAM49A",785,"CCDC26",-0.0457746478873239,FALSE,NA
"Control","FAM49A",785,"CCDC88A",-0.0134151562722991,FALSE,NA
"Control","FAM49A",785,"CCND3",0.0231851007221589,FALSE,"[0,0.1]"
"Control","FAM49A",785,"CCNH",0.0310528869480835,FALSE,"[0,0.1]"
"Control","FAM49A",785,"CCNY",0.27037037037037,FALSE,"(0.2,0.3]"
"Control","FAM49A",785,"CD163",0.00639360639360639,FALSE,"[0,0.1]"
"Control","FAM49A",785,"CD86",0.0417293233082707,FALSE,"[0,0.1]"
"Control","FAM49A",785,"CDK14",-0.0104456824512535,FALSE,NA
"Control","FAM49A",785,"CDK19",-0.00685602350636631,FALSE,NA
"Control","FAM49A",785,"CDK6",-0.0367647058823529,FALSE,NA
"Control","FAM49A",785,"CDKAL1",0.00952380952380952,FALSE,"[0,0.1]"
"Control","FAM49A",785,"CELF2",0.136241007194245,FALSE,"(0.1,0.2]"
"Control","FAM49A",785,"CEP350",-0.0547945205479452,FALSE,NA
"Control","FAM49A",785,"CFLAR",0.0156936597614564,FALSE,"[0,0.1]"
"Control","FAM49A",785,"CHD2",-0.0135658914728682,FALSE,NA
"Control","FAM49A",785,"CHST15",-0.00378787878787879,FALSE,NA
"Control","FAM49A",785,"CHSY3",-0.030327868852459,FALSE,NA
"Control","FAM49A",785,"CLASP2",-0.0105757931844888,FALSE,NA
"Control","FAM49A",785,"CMSS1",0.0091743119266055,FALSE,"[0,0.1]"
"Control","FAM49A",785,"COG5",-0.151515151515152,FALSE,NA
"Control","FAM49A",785,"COP1",-0.0427807486631016,FALSE,NA
"Control","FAM49A",785,"CPEB3",0.333333333333333,FALSE,"(0.3,0.4]"
"Control","FAM49A",785,"CPED1",-0.0444115470022206,FALSE,NA
"Control","FAM49A",785,"CPM",-0.0174825174825175,FALSE,NA
"Control","FAM49A",785,"CPQ",0.0969529085872576,FALSE,"[0,0.1]"
"Control","FAM49A",785,"CR1",-0.00709812108559499,FALSE,NA
"Control","FAM49A",785,"CRADD",0.04,FALSE,"[0,0.1]"
"Control","FAM49A",785,"CSGALNACT1",0.0297811993517018,FALSE,"[0,0.1]"
"Control","FAM49A",785,"CSNK1A1",-0.0880398671096345,FALSE,NA
"Control","FAM49A",785,"CTTNBP2",0.0769230769230769,FALSE,"[0,0.1]"
"Control","FAM49A",785,"CYBB",-0.0276497695852535,FALSE,NA
"Control","FAM49A",785,"DCAF6",-0.177777777777778,FALSE,NA
"Control","FAM49A",785,"DDX17",-0.0093248787765759,FALSE,NA
"Control","FAM49A",785,"DDX5",0.0151515151515152,FALSE,"[0,0.1]"
"Control","FAM49A",785,"DENND1A",0.0385144429160935,FALSE,"[0,0.1]"
"Control","FAM49A",785,"DENND4C",0.037593984962406,FALSE,"[0,0.1]"
"Control","FAM49A",785,"DIAPH2",-0.0405405405405405,FALSE,NA
"Control","FAM49A",785,"DIP2B",-0.0311725115125753,FALSE,NA
"Control","FAM49A",785,"DIRC3",0.0128098022834865,FALSE,"[0,0.1]"
"Control","FAM49A",785,"DISP1",0.0127857419604804,FALSE,"[0,0.1]"
"Control","FAM49A",785,"DLEU2",0.0117426021606388,FALSE,"[0,0.1]"
"Control","FAM49A",785,"DLG1",-0.0156591405680991,FALSE,NA
"Control","FAM49A",785,"DLG2",-0.0203045685279188,FALSE,NA
"Control","FAM49A",785,"DMXL2",0.00348432055749129,FALSE,"[0,0.1]"
"Control","FAM49A",785,"DOCK10",-0.0208121088633387,FALSE,NA
"Control","FAM49A",785,"DOCK2",-0.0172661870503597,FALSE,NA
"Control","FAM49A",785,"DOCK5",0.00198325253415602,FALSE,"[0,0.1]"
"Control","FAM49A",785,"DOCK8",-0.0158415841584158,FALSE,NA
"Control","FAM49A",785,"DPYD",0.0227668574272207,FALSE,"[0,0.1]"
"Control","FAM49A",785,"DST",-0.0095217716914518,FALSE,NA
"Control","FAM49A",785,"DTNA",-0.00970176068990298,FALSE,NA
"Control","FAM49A",785,"DYM",-0.00925925925925926,FALSE,NA
"Control","FAM49A",785,"EDA",0.0229885057471264,FALSE,"[0,0.1]"
"Control","FAM49A",785,"EEF1A1",-0.587837837837838,FALSE,NA
"Control","FAM49A",785,"EIF4G3",0.00811359026369168,FALSE,"[0,0.1]"
"Control","FAM49A",785,"ELF1",0.00650557620817844,FALSE,"[0,0.1]"
"Control","FAM49A",785,"ELMO1",0.0701598579040853,FALSE,"[0,0.1]"
"Control","FAM49A",785,"EPS15",0.0107154632377184,FALSE,"[0,0.1]"
"Control","FAM49A",785,"EPSTI1",-0.00175131348511384,FALSE,NA
"Control","FAM49A",785,"ERBIN",-0.0126568100358423,FALSE,NA
"Control","FAM49A",785,"ERC1",0.0200267022696929,FALSE,"[0,0.1]"
"Control","FAM49A",785,"EVI5",-0.0554545454545455,FALSE,NA
"Control","FAM49A",785,"EVL",-0.142857142857143,FALSE,NA
"Control","FAM49A",785,"EXOC4",-0.0021551724137931,FALSE,NA
"Control","FAM49A",785,"EXOC6B",-0.00450180072028811,FALSE,NA
"Control","FAM49A",785,"F13A1",0.00104031209362809,FALSE,"[0,0.1]"
"Control","FAM49A",785,"FAF1",0.0223135642982971,FALSE,"[0,0.1]"
"Control","FAM49A",785,"FAM135A",0.0190217391304348,FALSE,"[0,0.1]"
"Control","FAM49A",785,"FAM13A",0.0942222222222222,FALSE,"[0,0.1]"
"Control","FAM49A",785,"FAM149A",0.173501577287066,FALSE,"(0.1,0.2]"
"Control","FAM49A",785,"FAM168A",-0.0436187399030695,FALSE,NA
"Control","FAM49A",785,"FAR2",-0.0631578947368421,FALSE,NA
"Control","FAM49A",785,"FARS2",-0.0519480519480519,FALSE,NA
"Control","FAM49A",785,"FBXO11",-0.2,FALSE,NA
"Control","FAM49A",785,"FCHO2",0.0199556541019956,FALSE,"[0,0.1]"
"Control","FAM49A",785,"FCHSD2",-0.0665137614678899,FALSE,NA
"Control","FAM49A",785,"FER",-0.00136147038801906,FALSE,NA
"Control","FAM49A",785,"FGD4",-0.00705882352941176,FALSE,NA
"Control","FAM49A",785,"FHIT",0.0831295843520782,FALSE,"[0,0.1]"
"Control","FAM49A",785,"FKBP5",0.0110807113543092,FALSE,"[0,0.1]"
"Control","FAM49A",785,"FLI1",0.0893854748603352,FALSE,"[0,0.1]"
"Control","FAM49A",785,"FMN1",0.010844306738962,FALSE,"[0,0.1]"
"Control","FAM49A",785,"FMNL2",-0.00110578695171397,FALSE,NA
"Control","FAM49A",785,"FNDC3A",0.160655737704918,FALSE,"(0.1,0.2]"
"Control","FAM49A",785,"FNIP1",0.00435492651061513,FALSE,"[0,0.1]"
"Control","FAM49A",785,"FOXN3",-0.107334525939177,FALSE,NA
"Control","FAM49A",785,"FOXO3",0.0455522131499785,FALSE,"[0,0.1]"
"Control","FAM49A",785,"FOXP1",0.0822752666328085,FALSE,"[0,0.1]"
"Control","FAM49A",785,"FRMD4B",0.00844226579520697,FALSE,"[0,0.1]"
"Control","FAM49A",785,"FRYL",-0.0189293108547767,FALSE,NA
"Control","FAM49A",785,"FTH1",0.0950668036998972,FALSE,"[0,0.1]"
"Control","FAM49A",785,"FTO",-0.0759493670886076,FALSE,NA
"Control","FAM49A",785,"FTX",0.0192349254376486,FALSE,"[0,0.1]"
"Control","FAM49A",785,"GAB1",-0.00100477267018337,FALSE,NA
"Control","FAM49A",785,"GALNT10",0.304964539007092,FALSE,"(0.3,0.4]"
"Control","FAM49A",785,"GALNTL6",-0.00975609756097561,FALSE,NA
"Control","FAM49A",785,"GLDN",-0.076647564469914,FALSE,NA
"Control","FAM49A",785,"GMDS",0.0408163265306122,FALSE,"[0,0.1]"
"Control","FAM49A",785,"GNAQ",-0.199404761904762,FALSE,NA
"Control","FAM49A",785,"GOLGA4",0.121212121212121,FALSE,"(0.1,0.2]"
"Control","FAM49A",785,"GPHN",0.00177022481855196,FALSE,"[0,0.1]"
"Control","FAM49A",785,"GPNMB",0.0711610486891386,FALSE,"[0,0.1]"
"Control","FAM49A",785,"GPRIN3",0.0646417445482866,FALSE,"[0,0.1]"
"Control","FAM49A",785,"GRID2",-0.365671641791045,FALSE,NA
"Control","FAM49A",785,"GRK3",0.133620689655172,FALSE,"(0.1,0.2]"
"Control","FAM49A",785,"GSAP",0.0643564356435643,FALSE,"[0,0.1]"
"Control","FAM49A",785,"GSK3B",-0.0340909090909091,FALSE,NA
"Control","FAM49A",785,"GTDC1",0.0028333962976955,FALSE,"[0,0.1]"
"Control","FAM49A",785,"HCLS1",0.0229885057471264,FALSE,"[0,0.1]"
"Control","FAM49A",785,"HDAC8",-0.0357142857142857,FALSE,NA
"Control","FAM49A",785,"HDAC9",-0.045745361484325,FALSE,NA
"Control","FAM49A",785,"HELZ",-0.0149812734082397,FALSE,NA
"Control","FAM49A",785,"HNRNPA2B1",0.0189681335356601,FALSE,"[0,0.1]"
"Control","FAM49A",785,"HNRNPC",-0.1875,FALSE,NA
"Control","FAM49A",785,"HNRNPU",0.0136986301369863,FALSE,"[0,0.1]"
"Control","FAM49A",785,"HS3ST4",-0.0438472418670438,FALSE,NA
"Control","FAM49A",785,"HSP90AA1",0.0151724137931034,FALSE,"[0,0.1]"
"Control","FAM49A",785,"IFI44L",-0.0213178294573643,FALSE,NA
"Control","FAM49A",785,"IFNGR1",-0.197125256673511,FALSE,NA
"Control","FAM49A",785,"IFNGR2",-0.0375275938189846,FALSE,NA
"Control","FAM49A",785,"IGF1R",0.0238262088297127,FALSE,"[0,0.1]"
"Control","FAM49A",785,"IL10RA",0.065015479876161,FALSE,"[0,0.1]"
"Control","FAM49A",785,"IQCJ-SCHIP1",-0.0093167701863354,FALSE,NA
"Control","FAM49A",785,"IQGAP2",0.024949083503055,FALSE,"[0,0.1]"
"Control","FAM49A",785,"IRAK3",0.0279206465833946,FALSE,"[0,0.1]"
"Control","FAM49A",785,"IRS2",0.0699404761904762,FALSE,"[0,0.1]"
"Control","FAM49A",785,"ITFG1",0.0460772104607721,FALSE,"[0,0.1]"
"Control","FAM49A",785,"ITPR1",-1.04,FALSE,NA
"Control","FAM49A",785,"ITPR2",-0.160206718346253,FALSE,NA
"Control","FAM49A",785,"JAK1",0.0909090909090909,FALSE,"[0,0.1]"
"Control","FAM49A",785,"JAK2",-0.666666666666667,FALSE,NA
"Control","FAM49A",785,"JARID2",0.0928433268858801,FALSE,"[0,0.1]"
"Control","FAM49A",785,"JMJD1C",-0.0235368956743003,FALSE,NA
"Control","FAM49A",785,"KANSL1",-0.0472972972972973,FALSE,NA
"Control","FAM49A",785,"KCNK13",-0.0919689119170984,FALSE,NA
"Control","FAM49A",785,"KCNMA1",0.292452830188679,FALSE,"(0.2,0.3]"
"Control","FAM49A",785,"KDM2A",-0.0118343195266272,FALSE,NA
"Control","FAM49A",785,"KDM4C",0.00352112676056338,FALSE,"[0,0.1]"
"Control","FAM49A",785,"KDM6A",-0.0714285714285714,FALSE,NA
"Control","FAM49A",785,"KIAA1109",0.0025,FALSE,"[0,0.1]"
"Control","FAM49A",785,"KMT2E",0.00467289719626168,FALSE,"[0,0.1]"
"Control","FAM49A",785,"KYNU",0.0985365853658536,FALSE,"[0,0.1]"
"Control","FAM49A",785,"L3MBTL4",-0.00114025085518814,FALSE,NA
"Control","FAM49A",785,"LCOR",-0.787878787878788,FALSE,NA
"Control","FAM49A",785,"LCORL",-0.0104529616724739,FALSE,NA
"Control","FAM49A",785,"LINC00278",0.0285874439461883,FALSE,"[0,0.1]"
"Control","FAM49A",785,"LINC01473",0.0352393617021277,FALSE,"[0,0.1]"
"Control","FAM49A",785,"LNCAROD",-0.0900383141762452,FALSE,NA
"Control","FAM49A",785,"LPP",-0.0444126074498567,FALSE,NA
"Control","FAM49A",785,"LRBA",-0.03125,FALSE,NA
"Control","FAM49A",785,"LRCH1",-4.87500000000001,FALSE,NA
"Control","FAM49A",785,"LRRC8D",-0.282485875706215,FALSE,NA
"Control","FAM49A",785,"LRRK2",0.054590570719603,FALSE,"[0,0.1]"
"Control","FAM49A",785,"LYST",-0.0504672897196262,FALSE,NA
"Control","FAM49A",785,"MACF1",0.00142189721714402,FALSE,"[0,0.1]"
"Control","FAM49A",785,"MAF",-0.0741308793456033,FALSE,NA
"Control","FAM49A",785,"MALAT1",0.0259179265658747,FALSE,"[0,0.1]"
"Control","FAM49A",785,"MAML2",0.0190718372536554,FALSE,"[0,0.1]"
"Control","FAM49A",785,"MAML3",0.0608695652173913,FALSE,"[0,0.1]"
"Control","FAM49A",785,"MAN1A1",0.034230849509497,FALSE,"[0,0.1]"
"Control","FAM49A",785,"MAN1C1",-0.0562770562770563,FALSE,NA
"Control","FAM49A",785,"MAN2A1",-0.0106660052089793,FALSE,NA
"Control","FAM49A",785,"MANBA",6.99999999999998,FALSE,NA
"Control","FAM49A",785,"MAP3K5",-0.107266435986159,FALSE,NA
"Control","FAM49A",785,"MAP4K4",-0.107899807321773,FALSE,NA
"Control","FAM49A",785,"MARCH1",-0.0629508196721311,FALSE,NA
"Control","FAM49A",785,"MARK3",0.00748362956033676,FALSE,"[0,0.1]"
"Control","FAM49A",785,"MBD5",-0.0044080604534005,FALSE,NA
"Control","FAM49A",785,"MBNL1",0.00683060109289618,FALSE,"[0,0.1]"
"Control","FAM49A",785,"MBNL2",0.00467662826508498,FALSE,"[0,0.1]"
"Control","FAM49A",785,"MBP",-0.00315528510254677,FALSE,NA
"Control","FAM49A",785,"MED13L",-0.0705218617771509,FALSE,NA
"Control","FAM49A",785,"MEF2C",-0.0283975659229209,FALSE,NA
"Control","FAM49A",785,"MERTK",0.012905604719764,FALSE,"[0,0.1]"
"Control","FAM49A",785,"MIR181A1HG",0.45067264573991,FALSE,"(0.4,0.5]"
"Control","FAM49A",785,"MIR99AHG",0.0526433691756272,FALSE,"[0,0.1]"
"Control","FAM49A",785,"MITF",0.0144981412639405,FALSE,"[0,0.1]"
"Control","FAM49A",785,"MKLN1",-0.0171428571428571,FALSE,NA
"Control","FAM49A",785,"MS4A4A",0.00971482293951739,FALSE,"[0,0.1]"
"Control","FAM49A",785,"MS4A6A",0.00622950819672131,FALSE,"[0,0.1]"
"Control","FAM49A",785,"MSI2",0.166496424923391,FALSE,"(0.1,0.2]"
"Control","FAM49A",785,"MSR1",0.048145738451529,FALSE,"[0,0.1]"
"Control","FAM49A",785,"MTHFD1L",-0.0684931506849315,FALSE,NA
"Control","FAM49A",785,"MTSS1",-0.00569293719978652,FALSE,NA
"Control","FAM49A",785,"MVB12B",0.0235736925515055,FALSE,"[0,0.1]"
"Control","FAM49A",785,"MYCBP2",-0.0707964601769911,FALSE,NA
"Control","FAM49A",785,"MYO1D",-0.00544174135723431,FALSE,NA
"Control","FAM49A",785,"MYO1E",-0.00375704445835942,FALSE,NA
"Control","FAM49A",785,"MYO5A",-0.0140399174122505,FALSE,NA
"Control","FAM49A",785,"N4BP2L2",-0.00255004462578095,FALSE,NA
"Control","FAM49A",785,"NBEA",0.0518716577540107,FALSE,"[0,0.1]"
"Control","FAM49A",785,"NCKAP5",0.0214470893235918,FALSE,"[0,0.1]"
"Control","FAM49A",785,"NCOA2",0.00638297872340426,FALSE,"[0,0.1]"
"Control","FAM49A",785,"NCOA3",-0.0480178671133445,FALSE,NA
"Control","FAM49A",785,"NEDD4L",-0.039360393603936,FALSE,NA
"Control","FAM49A",785,"NEK7",0.155940594059406,FALSE,"(0.1,0.2]"
"Control","FAM49A",785,"NFAT5",-0.00578703703703704,FALSE,NA
"Control","FAM49A",785,"NFIA",0.00380348652931854,FALSE,"[0,0.1]"
"Control","FAM49A",785,"NFKB1",0.0487804878048781,FALSE,"[0,0.1]"
"Control","FAM49A",785,"NHSL1",0.0167996640067199,FALSE,"[0,0.1]"
"Control","FAM49A",785,"NIPBL",0.0434782608695652,FALSE,"[0,0.1]"
"Control","FAM49A",785,"NLK",-0.0100712736287574,FALSE,NA
"Control","FAM49A",785,"NPAS3",-0.00885216878135143,FALSE,NA
"Control","FAM49A",785,"NPL",-0.075187969924812,FALSE,NA
"Control","FAM49A",785,"NR3C1",-0.0620347394540943,FALSE,NA
"Control","FAM49A",785,"NR3C2",0.0784313725490196,FALSE,"[0,0.1]"
"Control","FAM49A",785,"NUMB",-28.0000000000001,FALSE,NA
"Control","FAM49A",785,"OSBPL1A",-0.0716435881998796,FALSE,NA
"Control","FAM49A",785,"OSBPL3",0.0919037199124726,FALSE,"[0,0.1]"
"Control","FAM49A",785,"OSBPL8",0.0121212121212121,FALSE,"[0,0.1]"
"Control","FAM49A",785,"OXR1",-0.0271028037383178,FALSE,NA
"Control","FAM49A",785,"P4HA1",0.0485008818342152,FALSE,"[0,0.1]"
"Control","FAM49A",785,"PACS1",0.036734693877551,FALSE,"[0,0.1]"
"Control","FAM49A",785,"PAN3",0.1,FALSE,"[0,0.1]"
"Control","FAM49A",785,"PARP8",-0.0131675201170446,FALSE,NA
"Control","FAM49A",785,"PBX3",0.10801393728223,FALSE,"(0.1,0.2]"
"Control","FAM49A",785,"PCCA",-0.0480591497227357,FALSE,NA
"Control","FAM49A",785,"PCDH9",0.11214953271028,FALSE,"(0.1,0.2]"
"Control","FAM49A",785,"PCM1",0.0273540241977906,FALSE,"[0,0.1]"
"Control","FAM49A",785,"PDE3B",0.0665207877461707,FALSE,"[0,0.1]"
"Control","FAM49A",785,"PDE4B",-0.0197210197210197,FALSE,NA
"Control","FAM49A",785,"PDE8A",0.0684586308273835,FALSE,"[0,0.1]"
"Control","FAM49A",785,"PDGFC",-0.00683554483313229,FALSE,NA
"Control","FAM49A",785,"PDS5B",0.0551724137931034,FALSE,"[0,0.1]"
"Control","FAM49A",785,"PEAK1",0.0170664206642066,FALSE,"[0,0.1]"
"Control","FAM49A",785,"PECAM1",0.0306122448979592,FALSE,"[0,0.1]"
"Control","FAM49A",785,"PELI1",1.03448275862069,FALSE,NA
"Control","FAM49A",785,"PELI2",0.0305676855895196,FALSE,"[0,0.1]"
"Control","FAM49A",785,"PHC2",-0.0704845814977973,FALSE,NA
"Control","FAM49A",785,"PHC3",0.00591715976331361,FALSE,"[0,0.1]"
"Control","FAM49A",785,"PIAS1",-0.0364025695931477,FALSE,NA
"Control","FAM49A",785,"PICALM",-0.0407506702412869,FALSE,NA
"Control","FAM49A",785,"PIK3R5",-0.0272727272727273,FALSE,NA
"Control","FAM49A",785,"PIP4K2A",-0.00782025819265144,FALSE,NA
"Control","FAM49A",785,"PLCL1",0.009375,FALSE,"[0,0.1]"
"Control","FAM49A",785,"PLCL2",-0.00834105653382762,FALSE,NA
"Control","FAM49A",785,"PLSCR1",0.079734219269103,FALSE,"[0,0.1]"
"Control","FAM49A",785,"PNISR",-0.0538764783180026,FALSE,NA
"Control","FAM49A",785,"PPM1L",-0.0192090395480226,FALSE,NA
"Control","FAM49A",785,"PPP1R12A",-0.033271719038817,FALSE,NA
"Control","FAM49A",785,"PPP3CA",-0.00886699507389163,FALSE,NA
"Control","FAM49A",785,"PRKAG2",0.231738035264484,FALSE,"(0.2,0.3]"
"Control","FAM49A",785,"PRKCE",0.00668449197860963,FALSE,"[0,0.1]"
"Control","FAM49A",785,"PSMA1",0.0390920554854981,FALSE,"[0,0.1]"
"Control","FAM49A",785,"PTK2",0.00542228064410122,FALSE,"[0,0.1]"
"Control","FAM49A",785,"PTPRG",-0.0110174983797797,FALSE,NA
"Control","FAM49A",785,"PTPRM",0.0318791946308725,FALSE,"[0,0.1]"
"Control","FAM49A",785,"QKI",0.113127646702964,FALSE,"(0.1,0.2]"
"Control","FAM49A",785,"RAB10",-0.0488431876606684,FALSE,NA
"Control","FAM49A",785,"RABGAP1L",-1,FALSE,NA
"Control","FAM49A",785,"RALGAPA2",-0.0192307692307692,FALSE,NA
"Control","FAM49A",785,"RAP1A",-0.150234741784038,FALSE,NA
"Control","FAM49A",785,"RAPGEF2",-0.390243902439024,FALSE,NA
"Control","FAM49A",785,"RAPGEF6",-0.00740334521524541,FALSE,NA
"Control","FAM49A",785,"RBM47",-0.0161117078410312,FALSE,NA
"Control","FAM49A",785,"RBMS1",-0.0190728476821192,FALSE,NA
"Control","FAM49A",785,"RBPJ",0.0264611805757488,FALSE,"[0,0.1]"
"Control","FAM49A",785,"RCSD1",0.0706447187928669,FALSE,"[0,0.1]"
"Control","FAM49A",785,"RERE",0.0272815849301721,FALSE,"[0,0.1]"
"Control","FAM49A",785,"REV3L",0.0222312045270817,FALSE,"[0,0.1]"
"Control","FAM49A",785,"RFX3",0.0708333333333333,FALSE,"[0,0.1]"
"Control","FAM49A",785,"RGL1",-0.00516146109052409,FALSE,NA
"Control","FAM49A",785,"RICTOR",0.00917886380550732,FALSE,"[0,0.1]"
"Control","FAM49A",785,"RIN2",-0.0149606299212598,FALSE,NA
"Control","FAM49A",785,"RNF13",0.0359477124183007,FALSE,"[0,0.1]"
"Control","FAM49A",785,"RNF144B",0.119069343065693,FALSE,"(0.1,0.2]"
"Control","FAM49A",785,"RNF149",-0.00207900207900208,FALSE,NA
"Control","FAM49A",785,"ROCK1",-0.0222804718217562,FALSE,NA
"Control","FAM49A",785,"RTN4",-0.0544425087108014,FALSE,NA
"Control","FAM49A",785,"SAMD12",0.00709438618136952,FALSE,"[0,0.1]"
"Control","FAM49A",785,"SBF2",0.0212335692618807,FALSE,"[0,0.1]"
"Control","FAM49A",785,"SCAF11",-0.0201342281879195,FALSE,NA
"Control","FAM49A",785,"SDCCAG8",0.00603968938740293,FALSE,"[0,0.1]"
"Control","FAM49A",785,"SDK1",0.138888888888889,FALSE,"(0.1,0.2]"
"Control","FAM49A",785,"SEC14L1",0.0999586947542338,FALSE,"[0,0.1]"
"Control","FAM49A",785,"SENP6",-0.25,FALSE,NA
"Control","FAM49A",785,"SGK1",0.0377387318563789,FALSE,"[0,0.1]"
"Control","FAM49A",785,"SGK3",0.00224064530584808,FALSE,"[0,0.1]"
"Control","FAM49A",785,"SGMS1",-0.0113196306225797,FALSE,NA
"Control","FAM49A",785,"SH3KBP1",0.0444444444444444,FALSE,"[0,0.1]"
"Control","FAM49A",785,"SHTN1",-0.0150846210448859,FALSE,NA
"Control","FAM49A",785,"SIK3",-0.00153031194820483,FALSE,NA
"Control","FAM49A",785,"SKAP2",-5.58333333333333,FALSE,NA
"Control","FAM49A",785,"SLC22A23",0.04396482813749,FALSE,"[0,0.1]"
"Control","FAM49A",785,"SLC25A13",0.022181982797646,FALSE,"[0,0.1]"
"Control","FAM49A",785,"SLC2A13",0.317460317460317,FALSE,"(0.3,0.4]"
"Control","FAM49A",785,"SLC39A11",0.0132844709115896,FALSE,"[0,0.1]"
"Control","FAM49A",785,"SLC44A1",-0.0131615026048807,FALSE,NA
"Control","FAM49A",785,"SLC4A7",0.211538461538461,FALSE,"(0.2,0.3]"
"Control","FAM49A",785,"SLC8A1",0.114285714285714,FALSE,"(0.1,0.2]"
"Control","FAM49A",785,"SLC9A9",0.00930232558139535,FALSE,"[0,0.1]"
"Control","FAM49A",785,"SMAD2",-1.11764705882353,FALSE,NA
"Control","FAM49A",785,"SMAP2",0.09375,FALSE,"[0,0.1]"
"Control","FAM49A",785,"SMCHD1",0.0776545166402536,FALSE,"[0,0.1]"
"Control","FAM49A",785,"SMYD3",0.0144508670520231,FALSE,"[0,0.1]"
"Control","FAM49A",785,"SNCA",-0.0200626959247649,FALSE,NA
"Control","FAM49A",785,"SND1",0.00541516245487365,FALSE,"[0,0.1]"
"Control","FAM49A",785,"SNX13",-0.0159893404397069,FALSE,NA
"Control","FAM49A",785,"SORT1",-0.00271591526344378,FALSE,NA
"Control","FAM49A",785,"SOS1",-0.105691056910569,FALSE,NA
"Control","FAM49A",785,"SPECC1",-0.121771217712177,FALSE,NA
"Control","FAM49A",785,"SPIDR",0.0229976209357653,FALSE,"[0,0.1]"
"Control","FAM49A",785,"SPIRE1",0.0110236220472441,FALSE,"[0,0.1]"
"Control","FAM49A",785,"SPPL3",0.0469798657718121,FALSE,"[0,0.1]"
"Control","FAM49A",785,"SPTLC2",-0.119489559164733,FALSE,NA
"Control","FAM49A",785,"SRGAP1",-0.00917431192660551,FALSE,NA
"Control","FAM49A",785,"SRGAP2B",0.0823620823620824,FALSE,"[0,0.1]"
"Control","FAM49A",785,"SRPK2",0.00336700336700337,FALSE,"[0,0.1]"
"Control","FAM49A",785,"SSBP2",0.0118369136343709,FALSE,"[0,0.1]"
"Control","FAM49A",785,"ST18",-0.0143266475644699,FALSE,NA
"Control","FAM49A",785,"ST6GALNAC3",0.014161220043573,FALSE,"[0,0.1]"
"Control","FAM49A",785,"ST8SIA4",-0.018981018981019,FALSE,NA
"Control","FAM49A",785,"STARD13",0.00845790715971676,FALSE,"[0,0.1]"
"Control","FAM49A",785,"STAU2",-0.0427251732101617,FALSE,NA
"Control","FAM49A",785,"STK3",-0.0644329896907217,FALSE,NA
"Control","FAM49A",785,"STX7",0.0793103448275862,FALSE,"[0,0.1]"
"Control","FAM49A",785,"SUCLG2",-0.00576368876080692,FALSE,NA
"Control","FAM49A",785,"SUPT3H",0.00970873786407767,FALSE,"[0,0.1]"
"Control","FAM49A",785,"SYK",-0.0214707461084273,FALSE,NA
"Control","FAM49A",785,"TAB2",-0.0606060606060606,FALSE,NA
"Control","FAM49A",785,"TANC2",0.0825309491059147,FALSE,"[0,0.1]"
"Control","FAM49A",785,"TANK",0.0149425287356322,FALSE,"[0,0.1]"
"Control","FAM49A",785,"TAOK3",-0.242990654205607,FALSE,NA
"Control","FAM49A",785,"TBC1D1",-0.074656188605108,FALSE,NA
"Control","FAM49A",785,"TBC1D4",-0.064207650273224,FALSE,NA
"Control","FAM49A",785,"TBC1D5",-0.0063441712926249,FALSE,NA
"Control","FAM49A",785,"TBL1XR1",-22.9999999999998,FALSE,NA
"Control","FAM49A",785,"TCF12",-0.00305498981670061,FALSE,NA
"Control","FAM49A",785,"TCF4",0.0710659898477157,FALSE,"[0,0.1]"
"Control","FAM49A",785,"TET2",0.0425321463897132,FALSE,"[0,0.1]"
"Control","FAM49A",785,"TFEC",-0.0394477317554241,FALSE,NA
"Control","FAM49A",785,"TGFBR2",-0.115421920465567,FALSE,NA
"Control","FAM49A",785,"TLR2",-0.0238331678252234,FALSE,NA
"Control","FAM49A",785,"TMEM117",-0.136363636363636,FALSE,NA
"Control","FAM49A",785,"TMEM65",-0.0240549828178694,FALSE,NA
"Control","FAM49A",785,"TMTC2",-0.012360351794628,FALSE,NA
"Control","FAM49A",785,"TNRC6B",0.0453686200378072,FALSE,"[0,0.1]"
"Control","FAM49A",785,"TPK1",0.101010101010101,FALSE,"(0.1,0.2]"
"Control","FAM49A",785,"TPRG1",0.00696864111498258,FALSE,"[0,0.1]"
"Control","FAM49A",785,"TRAPPC9",-0.0391304347826087,FALSE,NA
"Control","FAM49A",785,"TRIO",0.0197183098591549,FALSE,"[0,0.1]"
"Control","FAM49A",785,"TRIP12",-0.0710059171597633,FALSE,NA
"Control","FAM49A",785,"TRPS1",0.0137781000725163,FALSE,"[0,0.1]"
"Control","FAM49A",785,"TTC17",-0.0285714285714286,FALSE,NA
"Control","FAM49A",785,"TTC3",0.0260889820638248,FALSE,"[0,0.1]"
"Control","FAM49A",785,"TUT7",0.0286343612334802,FALSE,"[0,0.1]"
"Control","FAM49A",785,"TXNIP",0.0723514211886305,FALSE,"[0,0.1]"
"Control","FAM49A",785,"UBE2E1",0.12280701754386,FALSE,"(0.1,0.2]"
"Control","FAM49A",785,"UBE2E2",-0.100877192982456,FALSE,NA
"Control","FAM49A",785,"UBR5",0.128421052631579,FALSE,"(0.1,0.2]"
"Control","FAM49A",785,"UBXN2B",0.529209621993127,FALSE,"(0.5,0.6]"
"Control","FAM49A",785,"UMAD1",-0.0220125786163522,FALSE,NA
"Control","FAM49A",785,"USP15",-0.0284191829484902,FALSE,NA
"Control","FAM49A",785,"USP34",-0.00956937799043062,FALSE,NA
"Control","FAM49A",785,"USP53",-0.0094909404659189,FALSE,NA
"Control","FAM49A",785,"UTRN",0.0167487684729064,FALSE,"[0,0.1]"
"Control","FAM49A",785,"UTY",-0.029501525940997,FALSE,NA
"Control","FAM49A",785,"VMP1",-0.0220417633410673,FALSE,NA
"Control","FAM49A",785,"VPS13C",0.0114810562571757,FALSE,"[0,0.1]"
"Control","FAM49A",785,"VPS8",0.0090293453724605,FALSE,"[0,0.1]"
"Control","FAM49A",785,"VTI1A",0.0263157894736842,FALSE,"[0,0.1]"
"Control","FAM49A",785,"WDFY2",-0.05,FALSE,NA
"Control","FAM49A",785,"WIPF1",0.0129032258064516,FALSE,"[0,0.1]"
"Control","FAM49A",785,"WNK1",-0.0324585635359116,FALSE,NA
"Control","FAM49A",785,"WSB1",0.0104745617785378,FALSE,"[0,0.1]"
"Control","FAM49A",785,"WWOX",0.0498504486540379,FALSE,"[0,0.1]"
"Control","FAM49A",785,"XPR1",-0.03515625,FALSE,NA
"Control","FAM49A",785,"YKT6",0.0833333333333333,FALSE,"[0,0.1]"
"Control","FAM49A",785,"ZBTB16",0.0335163247616296,FALSE,"[0,0.1]"
"Control","FAM49A",785,"ZBTB20",0.00394232935345799,FALSE,"[0,0.1]"
"Control","FAM49A",785,"ZEB2",-0.0012313754463736,FALSE,NA
"Control","FAM49A",785,"ZFPM2-AS1",-0.0890501319261214,FALSE,NA
"Control","FAM49A",785,"ZMAT3",-0.0668103448275862,FALSE,NA
"Control","FAM49A",785,"ZNF148",-0.0235849056603774,FALSE,NA
"Control","FAM49A",785,"ZNF292",0.0341796875,FALSE,"[0,0.1]"
"Control","FAM49A",785,"ZNF609",-0.0652173913043478,FALSE,NA
"Control","FAM49A",785,"ZNF638",-0.00130005200208008,FALSE,NA
"Control","FAM49A",785,"ZSWIM6",0.210526315789474,FALSE,"(0.2,0.3]"
"MS","ITFG1",1,"GPNMB",-0.0017636684303351,TRUE,NA
"MS","GPHN",3,"GPNMB",0.0017636684303351,TRUE,"[0,0.1]"
"MS","GPHN",3,"SAMD4A",0.0036231884057971,TRUE,"[0,0.1]"
"MS","GPHN",3,"STARD13",0.00222222222222222,TRUE,"[0,0.1]"
"MS","KDM4C",3,"GPNMB",-0.0017636684303351,TRUE,NA
"MS","KDM4C",3,"SAMD4A",-0.0036231884057971,TRUE,NA
"MS","KDM4C",3,"STARD13",-0.00222222222222222,TRUE,NA
"MS","GMDS-DT",22,"ADGRB3",-0.00833333333333334,TRUE,NA
"MS","GMDS-DT",22,"ITM2B",-0.00390625,TRUE,NA
"MS","GMDS-DT",22,"LINC00278",-0.00202020202020202,TRUE,NA
"MS","GMDS-DT",22,"MBNL1",-0.0036231884057971,TRUE,NA
"MS","GMDS-DT",22,"SLC4A7",-0.0666666666666669,TRUE,NA
"MS","GMDS-DT",22,"UTY",-0.0048780487804878,TRUE,NA
"MS","ARID2",45,"ADGRB3",0.00833333333333334,TRUE,"[0,0.1]"
"MS","ARID2",45,"ARHGAP15",0.00218340611353712,TRUE,"[0,0.1]"
"MS","ARID2",45,"CD74",0.00223214285714286,TRUE,"[0,0.1]"
"MS","ARID2",45,"EEF1A1",0.0015015015015015,TRUE,"[0,0.1]"
"MS","ARID2",45,"GAB1",0.00247524752475248,TRUE,"[0,0.1]"
"MS","ARID2",45,"HLA-DRA",0.00180505415162455,TRUE,"[0,0.1]"
"MS","ARID2",45,"ITM2B",0.00390625,TRUE,"[0,0.1]"
"MS","ARID2",45,"LINC00278",0.00202020202020202,TRUE,"[0,0.1]"
"MS","ARID2",45,"LRRK2",0.00184162062615101,TRUE,"[0,0.1]"
"MS","ARID2",45,"MAN2A1",0.0370370370370371,TRUE,"[0,0.1]"
"MS","ARID2",45,"MBNL1",0.0036231884057971,TRUE,"[0,0.1]"
"MS","ARID2",45,"NHSL1",0.00141242937853107,TRUE,"[0,0.1]"
"MS","ARID2",45,"SLC4A7",0.0666666666666669,TRUE,"[0,0.1]"
"MS","ARID2",45,"UTY",0.0048780487804878,TRUE,"[0,0.1]"
"MS","BMPR2",55,"BASP1",0.0384615384615384,TRUE,"[0,0.1]"
"MS","BMPR2",55,"CHD1",0.00595238095238095,TRUE,"[0,0.1]"
"MS","BMPR2",55,"CPM",-0.00151515151515152,TRUE,NA
"MS","BMPR2",55,"ELF2",0.00595238095238095,TRUE,"[0,0.1]"
"MS","BMPR2",55,"FAM49A",0.00613496932515337,TRUE,"[0,0.1]"
"MS","BMPR2",55,"FNDC3A",0.00393700787401575,TRUE,"[0,0.1]"
"MS","BMPR2",55,"FTH1",0.00249376558603491,TRUE,"[0,0.1]"
"MS","BMPR2",55,"GK",0.00458715596330275,TRUE,"[0,0.1]"
"MS","BMPR2",55,"GNA13",0.011764705882353,TRUE,"[0,0.1]"
"MS","BMPR2",55,"GPNMB",-0.0017636684303351,TRUE,NA
"MS","BMPR2",55,"HIF1A",0.0222222222222222,TRUE,"[0,0.1]"
"MS","BMPR2",55,"IFI44L",-0.00237529691211401,TRUE,NA
"MS","BMPR2",55,"MAN2A1",0.0370370370370371,TRUE,"[0,0.1]"
"MS","BMPR2",55,"MITF",-0.00253164556962025,TRUE,NA
"MS","BMPR2",55,"NAMPT",0.0138888888888888,TRUE,"[0,0.1]"
"MS","BMPR2",55,"NEAT1",0.0161290322580645,TRUE,"[0,0.1]"
"MS","BMPR2",55,"PLSCR1",0.00467289719626168,TRUE,"[0,0.1]"
"MS","BMPR2",55,"PRKAG2",0.0999999999999998,TRUE,"[0,0.1]"
"MS","BMPR2",55,"SAMD4A",-0.0036231884057971,TRUE,NA
"MS","BMPR2",55,"SAT1",0.00869565217391304,TRUE,"[0,0.1]"
"MS","BMPR2",55,"SEC14L1",0.012987012987013,TRUE,"[0,0.1]"
"MS","BMPR2",55,"SLC16A10",0.0048780487804878,TRUE,"[0,0.1]"
"MS","BMPR2",55,"TCF4",0.125000000000001,TRUE,"(0.1,0.2]"
"MS","UMAD1",59,"ABCA1",0.00146627565982405,TRUE,"[0,0.1]"
"MS","UMAD1",59,"ASAP1",0.0344827586206896,TRUE,"[0,0.1]"
"MS","UMAD1",59,"ASTN2",0.00471698113207547,TRUE,"[0,0.1]"
"MS","UMAD1",59,"ATG7",0.0025706940874036,TRUE,"[0,0.1]"
"MS","UMAD1",59,"C20orf194",0.00292397660818713,TRUE,"[0,0.1]"
"MS","UMAD1",59,"CERT1",0.0025974025974026,TRUE,"[0,0.1]"
"MS","UMAD1",59,"CPM",0.00151515151515152,TRUE,"[0,0.1]"
"MS","UMAD1",59,"CTSD",0.00167785234899329,TRUE,"[0,0.1]"
"MS","UMAD1",59,"DENND4C",0.00255102040816327,TRUE,"[0,0.1]"
"MS","UMAD1",59,"DMXL2",0.0018348623853211,TRUE,"[0,0.1]"
"MS","UMAD1",59,"FARP1",0.00862068965517241,TRUE,"[0,0.1]"
"MS","UMAD1",59,"FMN1",0.00204498977505113,TRUE,"[0,0.1]"
"MS","UMAD1",59,"FNIP2",0.00291545189504373,TRUE,"[0,0.1]"
"MS","UMAD1",59,"FTL",0.0013262599469496,TRUE,"[0,0.1]"
"MS","UMAD1",59,"GALNTL6",0.00176678445229682,TRUE,"[0,0.1]"
"MS","UMAD1",59,"GPNMB",0.0017636684303351,TRUE,"[0,0.1]"
"MS","UMAD1",59,"IFI44L",0.00237529691211401,TRUE,"[0,0.1]"
"MS","UMAD1",59,"IQGAP2",0.00105263157894737,TRUE,"[0,0.1]"
"MS","UMAD1",59,"MAN2A1",-0.0370370370370371,TRUE,NA
"MS","UMAD1",59,"MITF",0.00253164556962025,TRUE,"[0,0.1]"
"MS","UMAD1",59,"MYO1D",0.00217391304347826,TRUE,"[0,0.1]"
"MS","UMAD1",59,"NPL",0.00787401574803149,TRUE,"[0,0.1]"
"MS","UMAD1",59,"PDE4B",0.00145137880986938,TRUE,"[0,0.1]"
"MS","UMAD1",59,"PRKCE",0.00185185185185185,TRUE,"[0,0.1]"
"MS","UMAD1",59,"PTPRG",0.00549450549450549,TRUE,"[0,0.1]"
"MS","UMAD1",59,"RGL1",0.0021505376344086,TRUE,"[0,0.1]"
"MS","UMAD1",59,"SAMD4A",0.0036231884057971,TRUE,"[0,0.1]"
"MS","UMAD1",59,"SPIRE1",0.00193423597678917,TRUE,"[0,0.1]"
"MS","UMAD1",59,"STARD13",0.00222222222222222,TRUE,"[0,0.1]"
"MS","UMAD1",59,"TPRG1",0.0101010101010101,TRUE,"[0,0.1]"
"MS","UMAD1",59,"ZNF804A",0.00253807106598985,TRUE,"[0,0.1]"
"MS","CD33",75,"ASAH1",-0.00136986301369863,TRUE,NA
"MS","CD33",75,"ATG7",-0.0025706940874036,TRUE,NA
"MS","CD33",75,"DMXL2",-0.0018348623853211,TRUE,NA
"MS","CD33",75,"FMN1",-0.00204498977505113,TRUE,NA
"MS","CD33",75,"FNIP2",-0.00291545189504373,TRUE,NA
"MS","CD33",75,"FTH1",-0.00249376558603491,TRUE,NA
"MS","CD33",75,"FTL",-0.0013262599469496,TRUE,NA
"MS","CD33",75,"GK",-0.00458715596330275,TRUE,NA
"MS","CD33",75,"GNA13",-0.011764705882353,TRUE,NA
"MS","CD33",75,"GPNMB",-0.0017636684303351,TRUE,NA
"MS","CD33",75,"HIF1A",-0.0222222222222222,TRUE,NA
"MS","CD33",75,"IQGAP2",-0.00105263157894737,TRUE,NA
"MS","CD33",75,"MS4A4A",-0.00173310225303293,TRUE,NA
"MS","CD33",75,"MSR1",-0.00197628458498024,TRUE,NA
"MS","CD33",75,"MYO1D",-0.00217391304347826,TRUE,NA
"MS","CD33",75,"NAMPT",-0.0138888888888888,TRUE,NA
"MS","CD33",75,"NEAT1",-0.0161290322580645,TRUE,NA
"MS","CD33",75,"PDE4B",-0.00145137880986938,TRUE,NA
"MS","CD33",75,"PDE8A",-0.00308641975308642,TRUE,NA
"MS","CD33",75,"PLSCR1",-0.00467289719626168,TRUE,NA
"MS","CD33",75,"PRKAG2",-0.0999999999999998,TRUE,NA
"MS","CD33",75,"PTPRG",-0.00549450549450549,TRUE,NA
"MS","CD33",75,"RGL1",-0.0021505376344086,TRUE,NA
"MS","CD33",75,"SAT1",-0.00869565217391304,TRUE,NA
"MS","CD33",75,"SDCBP",-0.00146842878120411,TRUE,NA
"MS","CD33",75,"SPIRE1",-0.00193423597678917,TRUE,NA
"MS","CD33",75,"STARD13",-0.00222222222222222,TRUE,NA
"MS","FBXO11",81,"ABCA1",-0.00146627565982405,TRUE,NA
"MS","FBXO11",81,"ASAP1",-0.0344827586206896,TRUE,NA
"MS","FBXO11",81,"ATG7",-0.0025706940874036,TRUE,NA
"MS","FBXO11",81,"BASP1",0.0384615384615384,TRUE,"[0,0.1]"
"MS","FBXO11",81,"C20orf194",-0.00292397660818713,TRUE,NA
"MS","FBXO11",81,"CERT1",-0.0025974025974026,TRUE,NA
"MS","FBXO11",81,"CHD1",0.00595238095238095,TRUE,"[0,0.1]"
"MS","FBXO11",81,"CPM",-0.00151515151515152,TRUE,NA
"MS","FBXO11",81,"DENND4C",-0.00255102040816327,TRUE,NA
"MS","FBXO11",81,"ELF2",0.00595238095238095,TRUE,"[0,0.1]"
"MS","FBXO11",81,"FAM49A",0.00613496932515337,TRUE,"[0,0.1]"
"MS","FBXO11",81,"FARP1",-0.00862068965517241,TRUE,NA
"MS","FBXO11",81,"FMN1",-0.00204498977505113,TRUE,NA
"MS","FBXO11",81,"FNDC3A",0.00393700787401575,TRUE,"[0,0.1]"
"MS","FBXO11",81,"FNIP2",-0.00291545189504373,TRUE,NA
"MS","FBXO11",81,"FTL",-0.0013262599469496,TRUE,NA
"MS","FBXO11",81,"GALNTL6",-0.00176678445229682,TRUE,NA
"MS","FBXO11",81,"GNA13",0.011764705882353,TRUE,"[0,0.1]"
"MS","FBXO11",81,"GPNMB",-0.0017636684303351,TRUE,NA
"MS","FBXO11",81,"HIF1A",0.0222222222222222,TRUE,"[0,0.1]"
"MS","FBXO11",81,"IFI44L",-0.00237529691211401,TRUE,NA
"MS","FBXO11",81,"IQGAP2",-0.00105263157894737,TRUE,NA
"MS","FBXO11",81,"IRS2",0.00465116279069768,TRUE,"[0,0.1]"
"MS","FBXO11",81,"MAN2A1",0.0370370370370371,TRUE,"[0,0.1]"
"MS","FBXO11",81,"MITF",-0.00253164556962025,TRUE,NA
"MS","FBXO11",81,"MYO1D",-0.00217391304347826,TRUE,NA
"MS","FBXO11",81,"NAMPT",0.0138888888888888,TRUE,"[0,0.1]"
"MS","FBXO11",81,"NHSL1",-0.00141242937853107,TRUE,NA
"MS","FBXO11",81,"NPL",-0.00787401574803149,TRUE,NA
"MS","FBXO11",81,"PDE4B",-0.00145137880986938,TRUE,NA
"MS","FBXO11",81,"PRKAG2",0.0999999999999998,TRUE,"[0,0.1]"
"MS","FBXO11",81,"PRKCE",-0.00185185185185185,TRUE,NA
"MS","FBXO11",81,"PTPRG",-0.00549450549450549,TRUE,NA
"MS","FBXO11",81,"RGL1",-0.0021505376344086,TRUE,NA
"MS","FBXO11",81,"SAMD4A",-0.0036231884057971,TRUE,NA
"MS","FBXO11",81,"SAT1",0.00869565217391304,TRUE,"[0,0.1]"
"MS","FBXO11",81,"SPIRE1",-0.00193423597678917,TRUE,NA
"MS","FBXO11",81,"STARD13",-0.00222222222222222,TRUE,NA
"MS","FBXO11",81,"TCF4",0.125000000000001,TRUE,"(0.1,0.2]"
"MS","FBXO11",81,"TPRG1",-0.0101010101010101,TRUE,NA
"MS","FBXO11",81,"ZNF804A",-0.00253807106598985,TRUE,NA
"MS","BPTF",89,"ABCA1",-0.00146627565982405,TRUE,NA
"MS","BPTF",89,"ASAH1",-0.00136986301369863,TRUE,NA
"MS","BPTF",89,"ASAP1",-0.0344827586206896,TRUE,NA
"MS","BPTF",89,"ASTN2",-0.00471698113207547,TRUE,NA
"MS","BPTF",89,"ATG7",-0.0025706940874036,TRUE,NA
"MS","BPTF",89,"C20orf194",-0.00292397660818713,TRUE,NA
"MS","BPTF",89,"CDK14",-0.00251889168765743,TRUE,NA
"MS","BPTF",89,"CERT1",-0.0025974025974026,TRUE,NA
"MS","BPTF",89,"CPM",-0.00151515151515152,TRUE,NA
"MS","BPTF",89,"CTSD",-0.00167785234899329,TRUE,NA
"MS","BPTF",89,"DENND4C",-0.00255102040816327,TRUE,NA
"MS","BPTF",89,"DMXL2",-0.0018348623853211,TRUE,NA
"MS","BPTF",89,"EPSTI1",-0.00320512820512821,TRUE,NA
"MS","BPTF",89,"FARP1",-0.00862068965517241,TRUE,NA
"MS","BPTF",89,"FCHO2",-0.0013550135501355,TRUE,NA
"MS","BPTF",89,"FMN1",-0.00204498977505113,TRUE,NA
"MS","BPTF",89,"FNIP2",-0.00291545189504373,TRUE,NA
"MS","BPTF",89,"FTL",-0.0013262599469496,TRUE,NA
"MS","BPTF",89,"GALNTL6",-0.00176678445229682,TRUE,NA
"MS","BPTF",89,"GPNMB",-0.00352733686067019,TRUE,NA
"MS","BPTF",89,"IFI44L",-0.00237529691211401,TRUE,NA
"MS","BPTF",89,"IQGAP2",-0.00105263157894737,TRUE,NA
"MS","BPTF",89,"KLHL6",-0.00217864923747277,TRUE,NA
"MS","BPTF",89,"MAML2",-0.00649350649350649,TRUE,NA
"MS","BPTF",89,"MITF",-0.00253164556962025,TRUE,NA
"MS","BPTF",89,"MYO1D",-0.00217391304347826,TRUE,NA
"MS","BPTF",89,"NHSL1",-0.00141242937853107,TRUE,NA
"MS","BPTF",89,"NPL",-0.00787401574803149,TRUE,NA
"MS","BPTF",89,"PARP14",-0.00340136054421769,TRUE,NA
"MS","BPTF",89,"PDE4B",-0.00145137880986938,TRUE,NA
"MS","BPTF",89,"PRKCE",-0.00185185185185185,TRUE,NA
"MS","BPTF",89,"PSAP",-0.00179533213644524,TRUE,NA
"MS","BPTF",89,"PTPRG",-0.00549450549450549,TRUE,NA
"MS","BPTF",89,"RGL1",-0.0021505376344086,TRUE,NA
"MS","BPTF",89,"RNF13",-0.0014265335235378,TRUE,NA
"MS","BPTF",89,"SAMD4A",-0.0036231884057971,TRUE,NA
"MS","BPTF",89,"SPIRE1",-0.00193423597678917,TRUE,NA
"MS","BPTF",89,"STARD13",-0.00222222222222222,TRUE,NA
"MS","BPTF",89,"TANC2",-0.00180505415162455,TRUE,NA
"MS","BPTF",89,"TPRG1",-0.0101010101010101,TRUE,NA
"MS","BPTF",89,"ZNF804A",-0.00253807106598985,TRUE,NA
"MS","COG5",117,"ADGRB3",-0.00833333333333334,TRUE,NA
"MS","COG5",117,"ARHGAP24",-0.00429184549356223,TRUE,NA
"MS","COG5",117,"BASP1",0.0384615384615384,TRUE,"[0,0.1]"
"MS","COG5",117,"BMP2K",-0.0400000000000001,TRUE,NA
"MS","COG5",117,"CCND3",-0.00641025641025641,TRUE,NA
"MS","COG5",117,"CD74",-0.00223214285714286,TRUE,NA
"MS","COG5",117,"CPM",-0.00151515151515152,TRUE,NA
"MS","COG5",117,"DST",-0.00434782608695652,TRUE,NA
"MS","COG5",117,"ELF2",0.00595238095238095,TRUE,"[0,0.1]"
"MS","COG5",117,"FAM49A",0.00613496932515337,TRUE,"[0,0.1]"
"MS","COG5",117,"FNDC3A",0.00393700787401575,TRUE,"[0,0.1]"
"MS","COG5",117,"FTH1",0.00249376558603491,TRUE,"[0,0.1]"
"MS","COG5",117,"GAB1",-0.00247524752475248,TRUE,NA
"MS","COG5",117,"GK",0.00458715596330275,TRUE,"[0,0.1]"
"MS","COG5",117,"GNA13",0.011764705882353,TRUE,"[0,0.1]"
"MS","COG5",117,"GPNMB",-0.0017636684303351,TRUE,NA
"MS","COG5",117,"HIF1A",0.0222222222222222,TRUE,"[0,0.1]"
"MS","COG5",117,"HLA-DRA",-0.00180505415162455,TRUE,NA
"MS","COG5",117,"IFI44L",-0.00237529691211401,TRUE,NA
"MS","COG5",117,"ITM2B",-0.00390625,TRUE,NA
"MS","COG5",117,"LINC00278",-0.00202020202020202,TRUE,NA
"MS","COG5",117,"MBNL1",-0.0036231884057971,TRUE,NA
"MS","COG5",117,"MITF",-0.00253164556962025,TRUE,NA
"MS","COG5",117,"NAMPT",0.0138888888888888,TRUE,"[0,0.1]"
"MS","COG5",117,"NEAT1",0.0161290322580645,TRUE,"[0,0.1]"
"MS","COG5",117,"NHSL1",-0.00141242937853107,TRUE,NA
"MS","COG5",117,"NPAS3",-0.00291545189504373,TRUE,NA
"MS","COG5",117,"PDE8A",0.00308641975308642,TRUE,"[0,0.1]"
"MS","COG5",117,"PDGFC",-0.00231481481481482,TRUE,NA
"MS","COG5",117,"PLCL1",-0.00337837837837838,TRUE,NA
"MS","COG5",117,"PLSCR1",0.00467289719626168,TRUE,"[0,0.1]"
"MS","COG5",117,"PRKAG2",0.0999999999999998,TRUE,"[0,0.1]"
"MS","COG5",117,"RNF13",-0.0014265335235378,TRUE,NA
"MS","COG5",117,"SAMD4A",-0.0036231884057971,TRUE,NA
"MS","COG5",117,"SAT1",0.00869565217391304,TRUE,"[0,0.1]"
"MS","COG5",117,"SEC14L1",0.012987012987013,TRUE,"[0,0.1]"
"MS","COG5",117,"SLC16A10",0.0048780487804878,TRUE,"[0,0.1]"
"MS","COG5",117,"SLC4A7",-0.0666666666666669,TRUE,NA
"MS","COG5",117,"TCF4",0.125000000000001,TRUE,"(0.1,0.2]"
"MS","COG5",117,"TMEM65",-0.00465116279069767,TRUE,NA
"MS","COG5",117,"TMSB4X",-0.00198807157057654,TRUE,NA
"MS","COG5",117,"TXNIP",-0.0020746887966805,TRUE,NA
"MS","COG5",117,"UTY",-0.0048780487804878,TRUE,NA
"MS","COG5",117,"ZBTB20",-0.00289855072463768,TRUE,NA
"MS","DPYD",716,"AAK1",0.727272727272727,FALSE,"(0.7,0.8]"
"MS","DPYD",716,"ABCA1",0.06158357771261,FALSE,"[0,0.1]"
"MS","DPYD",716,"ACAP2",0.0777777777777778,FALSE,"[0,0.1]"
"MS","DPYD",716,"ACTB",-0.0303030303030303,FALSE,NA
"MS","DPYD",716,"ACYP2",0.0701754385964912,FALSE,"[0,0.1]"
"MS","DPYD",716,"ADGRB3",-0.891666666666667,FALSE,NA
"MS","DPYD",716,"AFF1",-0.0630630630630631,FALSE,NA
"MS","DPYD",716,"AKAP13",0.247619047619047,FALSE,"(0.2,0.3]"
"MS","DPYD",716,"AKT3",-0.22972972972973,FALSE,NA
"MS","DPYD",716,"AL035446.2",0.838235294117646,FALSE,"(0.8,0.9]"
"MS","DPYD",716,"ANKRD12",0.0416666666666667,FALSE,"[0,0.1]"
"MS","DPYD",716,"ANKRD17",-0.499999999999999,FALSE,NA
"MS","DPYD",716,"APBA1",-0.134615384615385,FALSE,NA
"MS","DPYD",716,"APOE",0.0232896652110626,FALSE,"[0,0.1]"
"MS","DPYD",716,"ARHGAP15",-0.0633187772925764,FALSE,NA
"MS","DPYD",716,"ARHGAP18",0.113207547169811,FALSE,"(0.1,0.2]"
"MS","DPYD",716,"ARHGAP21",-0.129213483146067,FALSE,NA
"MS","DPYD",716,"ARHGAP24",-0.223175965665236,FALSE,NA
"MS","DPYD",716,"ARID1B",0.0208333333333333,FALSE,"[0,0.1]"
"MS","DPYD",716,"ARID4B",-0.0555555555555555,FALSE,NA
"MS","DPYD",716,"ARIH1",0.166666666666667,FALSE,"(0.1,0.2]"
"MS","DPYD",716,"ARL15",-0.0285714285714286,FALSE,NA
"MS","DPYD",716,"ASAH1",0.0657534246575343,FALSE,"[0,0.1]"
"MS","DPYD",716,"ASAP1",2.24137931034482,FALSE,NA
"MS","DPYD",716,"ASTN2",0.179245283018868,FALSE,"(0.1,0.2]"
"MS","DPYD",716,"ATF6",-0.0178571428571429,FALSE,NA
"MS","DPYD",716,"ATF7IP",-0.132530120481928,FALSE,NA
"MS","DPYD",716,"ATG7",0.149100257069409,FALSE,"(0.1,0.2]"
"MS","DPYD",716,"ATM",-0.416666666666667,FALSE,NA
"MS","DPYD",716,"ATP1B3",0.214689265536723,FALSE,"(0.2,0.3]"
"MS","DPYD",716,"ATXN1",0.275862068965517,FALSE,"(0.2,0.3]"
"MS","DPYD",716,"B2M",-0.00304878048780488,FALSE,NA
"MS","DPYD",716,"BASP1",1.80769230769231,FALSE,NA
"MS","DPYD",716,"BAZ2B",-0.0857142857142857,FALSE,NA
"MS","DPYD",716,"BBX",-0.0535714285714286,FALSE,NA
"MS","DPYD",716,"BCAS3",-0.0666666666666667,FALSE,NA
"MS","DPYD",716,"BMP2K",-2.04,FALSE,NA
"MS","DPYD",716,"BNC2",-0.0112359550561798,FALSE,NA
"MS","DPYD",716,"BRWD1",-0.111111111111111,FALSE,NA
"MS","DPYD",716,"BTBD9",0.500000000000002,FALSE,"(0.5,0.6]"
"MS","DPYD",716,"C1QA",-0.0147058823529412,FALSE,NA
"MS","DPYD",716,"C1QB",0.0163934426229508,FALSE,"[0,0.1]"
"MS","DPYD",716,"C20orf194",0.146198830409357,FALSE,"(0.1,0.2]"
"MS","DPYD",716,"CADM1",-0.0372492836676218,FALSE,NA
"MS","DPYD",716,"CCDC91",-0.0671641791044776,FALSE,NA
"MS","DPYD",716,"CCND3",-0.403846153846154,FALSE,NA
"MS","DPYD",716,"CCNH",0.139175257731959,FALSE,"(0.1,0.2]"
"MS","DPYD",716,"CD163",0.068762278978389,FALSE,"[0,0.1]"
"MS","DPYD",716,"CD74",-0.102678571428571,FALSE,NA
"MS","DPYD",716,"CD86",-0.26,FALSE,NA
"MS","DPYD",716,"CDK14",0.0982367758186398,FALSE,"[0,0.1]"
"MS","DPYD",716,"CELF1",0.0857142857142857,FALSE,"[0,0.1]"
"MS","DPYD",716,"CEP170",0.0333333333333333,FALSE,"[0,0.1]"
"MS","DPYD",716,"CERT1",0.0935064935064935,FALSE,"[0,0.1]"
"MS","DPYD",716,"CFLAR",0.0526315789473684,FALSE,"[0,0.1]"
"MS","DPYD",716,"CHD1",0.125,FALSE,"(0.1,0.2]"
"MS","DPYD",716,"CHSY3",-0.666666666666669,FALSE,NA
"MS","DPYD",716,"CLASP1",0.0217391304347826,FALSE,"[0,0.1]"
"MS","DPYD",716,"CLASP2",-0.037037037037037,FALSE,NA
"MS","DPYD",716,"CNOT2",-0.21875,FALSE,NA
"MS","DPYD",716,"COP1",-0.0294117647058824,FALSE,NA
"MS","DPYD",716,"CPEB4",0.137931034482759,FALSE,"(0.1,0.2]"
"MS","DPYD",716,"CPM",0.00909090909090909,FALSE,"[0,0.1]"
"MS","DPYD",716,"CPQ",0.195876288659794,FALSE,"(0.1,0.2]"
"MS","DPYD",716,"CPVL",0.252747252747253,FALSE,"(0.2,0.3]"
"MS","DPYD",716,"CR1",0.131964809384164,FALSE,"(0.1,0.2]"
"MS","DPYD",716,"CTNNB1",0.0506756756756757,FALSE,"[0,0.1]"
"MS","DPYD",716,"CTSD",0.0838926174496644,FALSE,"[0,0.1]"
"MS","DPYD",716,"CYTH1",0.491666666666666,FALSE,"(0.4,0.5]"
"MS","DPYD",716,"DDX17",-0.159183673469388,FALSE,NA
"MS","DPYD",716,"DDX5",1.49999999999997,FALSE,NA
"MS","DPYD",716,"DENND1A",0.027027027027027,FALSE,"[0,0.1]"
"MS","DPYD",716,"DENND4C",0.130102040816327,FALSE,"(0.1,0.2]"
"MS","DPYD",716,"DIRC3",0.0608695652173913,FALSE,"[0,0.1]"
"MS","DPYD",716,"DLEU2",0.076923076923077,FALSE,"[0,0.1]"
"MS","DPYD",716,"DLG1",-0.166666666666667,FALSE,NA
"MS","DPYD",716,"DLG2",-0.0451127819548872,FALSE,NA
"MS","DPYD",716,"DMXL2",0.113761467889908,FALSE,"(0.1,0.2]"
"MS","DPYD",716,"DOCK5",-0.0294117647058823,FALSE,NA
"MS","DPYD",716,"DST",-0.134782608695652,FALSE,NA
"MS","DPYD",716,"DYRK1A",-0.111111111111111,FALSE,NA
"MS","DPYD",716,"EDA",0.035,FALSE,"[0,0.1]"
"MS","DPYD",716,"EEF1A1",-0.03003003003003,FALSE,NA
"MS","DPYD",716,"ELF2",0.226190476190476,FALSE,"(0.2,0.3]"
"MS","DPYD",716,"EPS15",0.0134228187919463,FALSE,"[0,0.1]"
"MS","DPYD",716,"EPSTI1",0.102564102564103,FALSE,"(0.1,0.2]"
"MS","DPYD",716,"ERC1",0.0606060606060606,FALSE,"[0,0.1]"
"MS","DPYD",716,"EVI5",-0.166666666666666,FALSE,NA
"MS","DPYD",716,"F13A1",0.0574162679425837,FALSE,"[0,0.1]"
"MS","DPYD",716,"FAM135A",-0.10752688172043,FALSE,NA
"MS","DPYD",716,"FAM135B",0.0735294117647059,FALSE,"[0,0.1]"
"MS","DPYD",716,"FAM13A",-0.04,FALSE,NA
"MS","DPYD",716,"FAM49A",0.263803680981595,FALSE,"(0.2,0.3]"
"MS","DPYD",716,"FARP1",0.310344827586207,FALSE,"(0.3,0.4]"
"MS","DPYD",716,"FBXL17",-0.0294117647058824,FALSE,NA
"MS","DPYD",716,"FCHO2",0.0230352303523035,FALSE,"[0,0.1]"
"MS","DPYD",716,"FER",-0.17557251908397,FALSE,NA
"MS","DPYD",716,"FMN1",0.171779141104295,FALSE,"(0.1,0.2]"
"MS","DPYD",716,"FNDC3A",0.12992125984252,FALSE,"(0.1,0.2]"
"MS","DPYD",716,"FNIP1",0.0655172413793103,FALSE,"[0,0.1]"
"MS","DPYD",716,"FNIP2",0.221574344023324,FALSE,"(0.2,0.3]"
"MS","DPYD",716,"FOXO3",-0.11063829787234,FALSE,NA
"MS","DPYD",716,"FOXP1",-0.0793650793650794,FALSE,NA
"MS","DPYD",716,"FRYL",-0.0476190476190476,FALSE,NA
"MS","DPYD",716,"FTH1",0.15211970074813,FALSE,"(0.1,0.2]"
"MS","DPYD",716,"FTL",0.0888594164456234,FALSE,"[0,0.1]"
"MS","DPYD",716,"FTX",-0.00526315789473684,FALSE,NA
"MS","DPYD",716,"GAB1",-0.150990099009901,FALSE,NA
"MS","DPYD",716,"GALNTL6",0.0618374558303887,FALSE,"[0,0.1]"
"MS","DPYD",716,"GK",0.325688073394495,FALSE,"(0.3,0.4]"
"MS","DPYD",716,"GLS",-0.228915662650602,FALSE,NA
"MS","DPYD",716,"GNA13",0.82352941176471,FALSE,"(0.8,0.9]"
"MS","DPYD",716,"GNB4",0.0158730158730159,FALSE,"[0,0.1]"
"MS","DPYD",716,"GOLGA4",2.5,FALSE,NA
"MS","DPYD",716,"GPD2",0.0681818181818182,FALSE,"[0,0.1]"
"MS","DPYD",716,"GPNMB",0.149911816578483,FALSE,"(0.1,0.2]"
"MS","DPYD",716,"GPRIN3",-0.0144927536231884,FALSE,NA
"MS","DPYD",716,"GRAMD1B",0.0384615384615385,FALSE,"[0,0.1]"
"MS","DPYD",716,"GRK3",-0.13265306122449,FALSE,NA
"MS","DPYD",716,"GSAP",-0.0827067669172932,FALSE,NA
"MS","DPYD",716,"GSK3B",-0.0153846153846154,FALSE,NA
"MS","DPYD",716,"H2AFY",0.113636363636364,FALSE,"(0.1,0.2]"
"MS","DPYD",716,"HELZ",0.0535714285714286,FALSE,"[0,0.1]"
"MS","DPYD",716,"HERC4",0.0857142857142857,FALSE,"[0,0.1]"
"MS","DPYD",716,"HIF1A",1.37777777777778,FALSE,NA
"MS","DPYD",716,"HLA-DRA",-0.0649819494584837,FALSE,NA
"MS","DPYD",716,"HLA-DRB1",-0.0564853556485356,FALSE,NA
"MS","DPYD",716,"HNRNPA2B1",-0.0134228187919463,FALSE,NA
"MS","DPYD",716,"HSP90AA1",0.185714285714286,FALSE,"(0.1,0.2]"
"MS","DPYD",716,"IFI44L",0.0878859857482185,FALSE,"[0,0.1]"
"MS","DPYD",716,"IGF1R",0.0579710144927536,FALSE,"[0,0.1]"
"MS","DPYD",716,"IL10RA",0.0516129032258064,FALSE,"[0,0.1]"
"MS","DPYD",716,"IMMP2L",-1.375,FALSE,NA
"MS","DPYD",716,"IQCJ-SCHIP1",0.213836477987421,FALSE,"(0.2,0.3]"
"MS","DPYD",716,"IQGAP2",0.0389473684210526,FALSE,"[0,0.1]"
"MS","DPYD",716,"IRS2",0.0511627906976744,FALSE,"[0,0.1]"
"MS","DPYD",716,"ITGAX",0.206896551724138,FALSE,"(0.2,0.3]"
"MS","DPYD",716,"ITM2B",-0.359375,FALSE,NA
"MS","DPYD",716,"ITSN2",0.0625,FALSE,"[0,0.1]"
"MS","DPYD",716,"JAK1",-0.0426829268292683,FALSE,NA
"MS","DPYD",716,"JARID2",0.130434782608696,FALSE,"(0.1,0.2]"
"MS","DPYD",716,"JMJD1C",-0.0120481927710843,FALSE,NA
"MS","DPYD",716,"KAT6A",0.0476190476190476,FALSE,"[0,0.1]"
"MS","DPYD",716,"KCTD12",-0.380952380952381,FALSE,NA
"MS","DPYD",716,"KDM6A",0.1,FALSE,"[0,0.1]"
"MS","DPYD",716,"KIF16B",0.0597014925373134,FALSE,"[0,0.1]"
"MS","DPYD",716,"KLHL6",0.10239651416122,FALSE,"(0.1,0.2]"
"MS","DPYD",716,"KMT2E",0.0140845070422535,FALSE,"[0,0.1]"
"MS","DPYD",716,"KYNU",0.1280276816609,FALSE,"(0.1,0.2]"
"MS","DPYD",716,"L3MBTL4",-0.144230769230769,FALSE,NA
"MS","DPYD",716,"LAPTM5",0.170940170940171,FALSE,"(0.1,0.2]"
"MS","DPYD",716,"LCORL",0.5,FALSE,"(0.4,0.5]"
"MS","DPYD",716,"LINC00278",-0.15959595959596,FALSE,NA
"MS","DPYD",716,"LINC01091",1.81818181818182,FALSE,NA
"MS","DPYD",716,"LPP",0.225806451612904,FALSE,"(0.2,0.3]"
"MS","DPYD",716,"LRBA",-0.268292682926829,FALSE,NA
"MS","DPYD",716,"LRCH1",0.384615384615385,FALSE,"(0.3,0.4]"
"MS","DPYD",716,"LRRC4C",-0.376068376068376,FALSE,NA
"MS","DPYD",716,"LRRK2",-0.0570902394106814,FALSE,NA
"MS","DPYD",716,"LYST",-0.0402684563758389,FALSE,NA
"MS","DPYD",716,"MAF",-0.0952380952380952,FALSE,NA
"MS","DPYD",716,"MAML2",0.201298701298701,FALSE,"(0.2,0.3]"
"MS","DPYD",716,"MAN1A1",0.0185614849187935,FALSE,"[0,0.1]"
"MS","DPYD",716,"MAN2A1",-0.0370370370370371,FALSE,NA
"MS","DPYD",716,"MANBA",0.0056497175141243,FALSE,"[0,0.1]"
"MS","DPYD",716,"MAP3K2",0.0342465753424658,FALSE,"[0,0.1]"
"MS","DPYD",716,"MAP4K3",-0.0246913580246914,FALSE,NA
"MS","DPYD",716,"MAPKAP1",0.0930232558139535,FALSE,"[0,0.1]"
"MS","DPYD",716,"MARK3",1.66666666666668,FALSE,NA
"MS","DPYD",716,"MBNL1",-0.289855072463768,FALSE,NA
"MS","DPYD",716,"MBNL2",0.119047619047619,FALSE,"(0.1,0.2]"
"MS","DPYD",716,"MERTK",0.578947368421053,FALSE,"(0.5,0.6]"
"MS","DPYD",716,"MGAT5",0.493975903614458,FALSE,"(0.4,0.5]"
"MS","DPYD",716,"MIR181A1HG",0.166666666666667,FALSE,"(0.1,0.2]"
"MS","DPYD",716,"MITF",0.0632911392405063,FALSE,"[0,0.1]"
"MS","DPYD",716,"MKLN1",0.0704225352112676,FALSE,"[0,0.1]"
"MS","DPYD",716,"MLLT10",-0.0526315789473684,FALSE,NA
"MS","DPYD",716,"MS4A4A",0.0866551126516464,FALSE,"[0,0.1]"
"MS","DPYD",716,"MS4A6A",0.0863787375415282,FALSE,"[0,0.1]"
"MS","DPYD",716,"MSR1",0.122529644268775,FALSE,"(0.1,0.2]"
"MS","DPYD",716,"MTSS1",1.88888888888889,FALSE,NA
"MS","DPYD",716,"MVB12B",-34.9999999999996,FALSE,NA
"MS","DPYD",716,"MYO1D",0.128260869565217,FALSE,"(0.1,0.2]"
"MS","DPYD",716,"MYO5A",0.0509803921568627,FALSE,"[0,0.1]"
"MS","DPYD",716,"N4BP2L2",0.0156862745098039,FALSE,"[0,0.1]"
"MS","DPYD",716,"NAALADL2",-0.0733944954128441,FALSE,NA
"MS","DPYD",716,"NAMPT",1.06944444444444,FALSE,NA
"MS","DPYD",716,"NBEA",-0.371428571428572,FALSE,NA
"MS","DPYD",716,"NCOA2",-0.0810810810810811,FALSE,NA
"MS","DPYD",716,"NCOA3",-0.666666666666667,FALSE,NA
"MS","DPYD",716,"NEAT1",1.56451612903225,FALSE,NA
"MS","DPYD",716,"NEK7",-0.103333333333333,FALSE,NA
"MS","DPYD",716,"NF1",-0.444444444444444,FALSE,NA
"MS","DPYD",716,"NFAT5",0.0566037735849057,FALSE,"[0,0.1]"
"MS","DPYD",716,"NFIA",-0.0882352941176471,FALSE,NA
"MS","DPYD",716,"NFKB1",0.1875,FALSE,"(0.1,0.2]"
"MS","DPYD",716,"NHSL1",-0.0423728813559322,FALSE,NA
"MS","DPYD",716,"NIPBL",-0.0387323943661972,FALSE,NA
"MS","DPYD",716,"NPAS3",-0.119533527696793,FALSE,NA
"MS","DPYD",716,"NPL",0.535433070866142,FALSE,"(0.5,0.6]"
"MS","DPYD",716,"NR3C1",0.0402010050251256,FALSE,"[0,0.1]"
"MS","DPYD",716,"NR3C2",-0.0465116279069767,FALSE,NA
"MS","DPYD",716,"NSMCE2",0.173913043478261,FALSE,"(0.1,0.2]"
"MS","DPYD",716,"OSBPL3",-0.171875,FALSE,NA
"MS","DPYD",716,"OSBPL8",-0.0137931034482759,FALSE,NA
"MS","DPYD",716,"PABPC1",-0.0432098765432099,FALSE,NA
"MS","DPYD",716,"PAN3",-0.131313131313131,FALSE,NA
"MS","DPYD",716,"PARP14",0.108843537414966,FALSE,"(0.1,0.2]"
"MS","DPYD",716,"PARP8",-0.130434782608696,FALSE,NA
"MS","DPYD",716,"PBX3",-0.0252707581227437,FALSE,NA
"MS","DPYD",716,"PDE3B",0.0657276995305164,FALSE,"[0,0.1]"
"MS","DPYD",716,"PDE4B",0.121915820029028,FALSE,"(0.1,0.2]"
"MS","DPYD",716,"PDE4D",0.025,FALSE,"[0,0.1]"
"MS","DPYD",716,"PDE8A",0.203703703703704,FALSE,"(0.2,0.3]"
"MS","DPYD",716,"PDGFC",-0.0462962962962963,FALSE,NA
"MS","DPYD",716,"PDS5B",-0.128571428571429,FALSE,NA
"MS","DPYD",716,"PEAK1",0.0249307479224377,FALSE,"[0,0.1]"
"MS","DPYD",716,"PECAM1",0.0388349514563107,FALSE,"[0,0.1]"
"MS","DPYD",716,"PELI1",-0.0159362549800797,FALSE,NA
"MS","DPYD",716,"PELI2",-0.16551724137931,FALSE,NA
"MS","DPYD",716,"PHC3",-0.125,FALSE,NA
"MS","DPYD",716,"PHF21A",0.600000000000001,FALSE,"(0.6,0.7]"
"MS","DPYD",716,"PHIP",-0.0352941176470588,FALSE,NA
"MS","DPYD",716,"PIAS1",-0.0697674418604651,FALSE,NA
"MS","DPYD",716,"PIK3R1",0.125,FALSE,"(0.1,0.2]"
"MS","DPYD",716,"PIK3R5",0.687500000000001,FALSE,"(0.6,0.7]"
"MS","DPYD",716,"PLCL1",-0.165540540540541,FALSE,NA
"MS","DPYD",716,"PLSCR1",0.294392523364486,FALSE,"(0.2,0.3]"
"MS","DPYD",716,"PNISR",0.0294117647058824,FALSE,"[0,0.1]"
"MS","DPYD",716,"POU2F1",-0.0851063829787234,FALSE,NA
"MS","DPYD",716,"PPM1L",0.0777777777777778,FALSE,"[0,0.1]"
"MS","DPYD",716,"PPP2R5C",0.0681818181818182,FALSE,"[0,0.1]"
"MS","DPYD",716,"PPP3CA",-0.096969696969697,FALSE,NA
"MS","DPYD",716,"PPP6R3",0.032258064516129,FALSE,"[0,0.1]"
"MS","DPYD",716,"PRKAG2",6.79999999999999,FALSE,NA
"MS","DPYD",716,"PRKCE",0.0944444444444445,FALSE,"[0,0.1]"
"MS","DPYD",716,"PRKCH",-1.14285714285714,FALSE,NA
"MS","DPYD",716,"PRKN",-0.316831683168317,FALSE,NA
"MS","DPYD",716,"PSAP",0.0466786355475763,FALSE,"[0,0.1]"
"MS","DPYD",716,"PSMA1",0.0869565217391304,FALSE,"[0,0.1]"
"MS","DPYD",716,"PTBP3",-0.0502793296089385,FALSE,NA
"MS","DPYD",716,"PTEN",-0.25,FALSE,NA
"MS","DPYD",716,"PTPRC",-1.75,FALSE,NA
"MS","DPYD",716,"PTPRG",0.412087912087912,FALSE,"(0.4,0.5]"
"MS","DPYD",716,"PTPRM",0.5,FALSE,"(0.4,0.5]"
"MS","DPYD",716,"PUM2",-0.120689655172414,FALSE,NA
"MS","DPYD",716,"RAB1A",0.0851063829787234,FALSE,"[0,0.1]"
"MS","DPYD",716,"RABGAP1L",-0.416666666666666,FALSE,NA
"MS","DPYD",716,"RAD51B",0.0810810810810811,FALSE,"[0,0.1]"
"MS","DPYD",716,"RASA1",-0.4375,FALSE,NA
"MS","DPYD",716,"RASSF3",0.0569105691056911,FALSE,"[0,0.1]"
"MS","DPYD",716,"RBMS1",0.201550387596899,FALSE,"(0.2,0.3]"
"MS","DPYD",716,"RBPJ",0.102564102564103,FALSE,"(0.1,0.2]"
"MS","DPYD",716,"RERE",-1,FALSE,NA
"MS","DPYD",716,"REV3L",0.131313131313131,FALSE,"(0.1,0.2]"
"MS","DPYD",716,"RFX3",-0.133333333333333,FALSE,NA
"MS","DPYD",716,"RGL1",0.137634408602151,FALSE,"(0.1,0.2]"
"MS","DPYD",716,"RGS1",-0.701754385964913,FALSE,NA
"MS","DPYD",716,"RICTOR",-0.0669856459330143,FALSE,NA
"MS","DPYD",716,"RNF13",0.0128388017118402,FALSE,"[0,0.1]"
"MS","DPYD",716,"RNF130",0.0617283950617284,FALSE,"[0,0.1]"
"MS","DPYD",716,"RNF144B",0.108552631578947,FALSE,"(0.1,0.2]"
"MS","DPYD",716,"RNF213",0.0939226519337017,FALSE,"[0,0.1]"
"MS","DPYD",716,"RREB1",0.0526315789473684,FALSE,"[0,0.1]"
"MS","DPYD",716,"RSRC1",-0.285714285714286,FALSE,NA
"MS","DPYD",716,"RTN4",-0.571428571428573,FALSE,NA
"MS","DPYD",716,"SAMD4A",0.184782608695652,FALSE,"(0.1,0.2]"
"MS","DPYD",716,"SAT1",0.904347826086956,FALSE,"(0.9,1]"
"MS","DPYD",716,"SBF2",0.0909090909090909,FALSE,"[0,0.1]"
"MS","DPYD",716,"SCAPER",0.166666666666667,FALSE,"(0.1,0.2]"
"MS","DPYD",716,"SDCBP",0.0851688693098385,FALSE,"[0,0.1]"
"MS","DPYD",716,"SDCCAG8",0.230769230769231,FALSE,"(0.2,0.3]"
"MS","DPYD",716,"SEC14L1",0.714285714285715,FALSE,"(0.7,0.8]"
"MS","DPYD",716,"SENP6",-0.107692307692308,FALSE,NA
"MS","DPYD",716,"SERPINE1",0.0666666666666667,FALSE,"[0,0.1]"
"MS","DPYD",716,"SGK1",0.0212201591511936,FALSE,"[0,0.1]"
"MS","DPYD",716,"SGK3",0.00649350649350649,FALSE,"[0,0.1]"
"MS","DPYD",716,"SGMS1",0.024390243902439,FALSE,"[0,0.1]"
"MS","DPYD",716,"SIK3",0.0272108843537415,FALSE,"[0,0.1]"
"MS","DPYD",716,"SLC16A10",0.229268292682927,FALSE,"(0.2,0.3]"
"MS","DPYD",716,"SLC25A13",0.0641025641025641,FALSE,"[0,0.1]"
"MS","DPYD",716,"SLC2A13",-0.0909090909090909,FALSE,NA
"MS","DPYD",716,"SLC44A1",-0.04,FALSE,NA
"MS","DPYD",716,"SLC4A7",-5.73333333333336,FALSE,NA
"MS","DPYD",716,"SMAD2",-0.051948051948052,FALSE,NA
"MS","DPYD",716,"SMAP2",-1.15686274509804,FALSE,NA
"MS","DPYD",716,"SMARCA2",-0.5,FALSE,NA
"MS","DPYD",716,"SMCHD1",0.0338164251207729,FALSE,"[0,0.1]"
"MS","DPYD",716,"SNCA",0.0377358490566038,FALSE,"[0,0.1]"
"MS","DPYD",716,"SND1",7609281930405190,FALSE,NA
"MS","DPYD",716,"SNX13",-0.117647058823529,FALSE,NA
"MS","DPYD",716,"SNX29",0.108695652173913,FALSE,"(0.1,0.2]"
"MS","DPYD",716,"SORT1",2.14285714285715,FALSE,NA
"MS","DPYD",716,"SOS1",0.0303030303030303,FALSE,"[0,0.1]"
"MS","DPYD",716,"SPIDR",0.221052631578948,FALSE,"(0.2,0.3]"
"MS","DPYD",716,"SPIRE1",0.100580270793037,FALSE,"(0.1,0.2]"
"MS","DPYD",716,"SPPL3",0.0280373831775701,FALSE,"[0,0.1]"
"MS","DPYD",716,"SRGAP1",0.0514469453376206,FALSE,"[0,0.1]"
"MS","DPYD",716,"SRPK2",0.0782608695652174,FALSE,"[0,0.1]"
"MS","DPYD",716,"SSBP2",-0.198275862068965,FALSE,NA
"MS","DPYD",716,"ST18",-0.0264900662251656,FALSE,NA
"MS","DPYD",716,"STAG1",-0.0434782608695652,FALSE,NA
"MS","DPYD",716,"STARD13",0.208888888888889,FALSE,"(0.2,0.3]"
"MS","DPYD",716,"STK3",0.173913043478261,FALSE,"(0.1,0.2]"
"MS","DPYD",716,"STX7",0.015625,FALSE,"[0,0.1]"
"MS","DPYD",716,"SUMF1",-0.032258064516129,FALSE,NA
"MS","DPYD",716,"SUPT3H",-0.4,FALSE,NA
"MS","DPYD",716,"SWAP70",0.0476190476190476,FALSE,"[0,0.1]"
"MS","DPYD",716,"TANC2",0.0234657039711191,FALSE,"[0,0.1]"
"MS","DPYD",716,"TAOK3",0.25,FALSE,"(0.2,0.3]"
"MS","DPYD",716,"TCF4",3.75000000000004,FALSE,NA
"MS","DPYD",716,"TENT2",0.00476190476190476,FALSE,"[0,0.1]"
"MS","DPYD",716,"TET2",-0.0508474576271186,FALSE,NA
"MS","DPYD",716,"TFEC",-0.0168674698795181,FALSE,NA
"MS","DPYD",716,"TFRC",0.283464566929134,FALSE,"(0.2,0.3]"
"MS","DPYD",716,"THADA",-0.333333333333333,FALSE,NA
"MS","DPYD",716,"TMCC1",0.0174418604651163,FALSE,"[0,0.1]"
"MS","DPYD",716,"TMEM117",0.0731707317073171,FALSE,"[0,0.1]"
"MS","DPYD",716,"TMEM65",-0.26046511627907,FALSE,NA
"MS","DPYD",716,"TMSB4X",-0.0556660039761431,FALSE,NA
"MS","DPYD",716,"TNPO1",-0.11353711790393,FALSE,NA
"MS","DPYD",716,"TNRC6B",-0.0655737704918033,FALSE,NA
"MS","DPYD",716,"TPK1",-0.4,FALSE,NA
"MS","DPYD",716,"TPRG1",0.464646464646465,FALSE,"(0.4,0.5]"
"MS","DPYD",716,"TRHDE",-0.048780487804878,FALSE,NA
"MS","DPYD",716,"TRIO",0.0896551724137931,FALSE,"[0,0.1]"
"MS","DPYD",716,"TRPS1",-0.0188679245283019,FALSE,NA
"MS","DPYD",716,"TSHR",-192153584101141,FALSE,NA
"MS","DPYD",716,"TTC28",-0.113207547169811,FALSE,NA
"MS","DPYD",716,"TTC3",0.0975609756097561,FALSE,"[0,0.1]"
"MS","DPYD",716,"TXNIP",-0.0829875518672199,FALSE,NA
"MS","DPYD",716,"TYROBP",0.0522388059701493,FALSE,"[0,0.1]"
"MS","DPYD",716,"UBE2W",0.0769230769230769,FALSE,"[0,0.1]"
"MS","DPYD",716,"UBR5",-0.015748031496063,FALSE,NA
"MS","DPYD",716,"UGCG",0.123456790123457,FALSE,"(0.1,0.2]"
"MS","DPYD",716,"USP15",0.0784313725490196,FALSE,"[0,0.1]"
"MS","DPYD",716,"USP34",0.0555555555555556,FALSE,"[0,0.1]"
"MS","DPYD",716,"UTRN",-0.0672514619883041,FALSE,NA
"MS","DPYD",716,"UTY",-0.346341463414634,FALSE,NA
"MS","DPYD",716,"UVRAG",-0.81578947368421,FALSE,NA
"MS","DPYD",716,"VMP1",0.140740740740741,FALSE,"(0.1,0.2]"
"MS","DPYD",716,"VOPP1",0.0434782608695652,FALSE,"[0,0.1]"
"MS","DPYD",716,"VPS13C",-0.21608040201005,FALSE,NA
"MS","DPYD",716,"VPS8",0.0482573726541555,FALSE,"[0,0.1]"
"MS","DPYD",716,"WASHC4",-0.0973154362416108,FALSE,NA
"MS","DPYD",716,"WIPF1",-0.0416666666666667,FALSE,NA
"MS","DPYD",716,"WSB1",0.111111111111111,FALSE,"(0.1,0.2]"
"MS","DPYD",716,"XPR1",-0.557692307692307,FALSE,NA
"MS","DPYD",716,"ZBTB16",-0.218181818181818,FALSE,NA
"MS","DPYD",716,"ZBTB20",-0.107246376811594,FALSE,NA
"MS","DPYD",716,"ZCCHC7",-0.090909090909091,FALSE,NA
"MS","DPYD",716,"ZEB2",-0.0422535211267606,FALSE,NA
"MS","DPYD",716,"ZFAND3",0.999999999999999,FALSE,"(0.9,1]"
"MS","DPYD",716,"ZFP36L2",-0.511627906976743,FALSE,NA
"MS","DPYD",716,"ZMYM2",-0.0882352941176471,FALSE,NA
"MS","DPYD",716,"ZNF148",-0.0845070422535211,FALSE,NA
"MS","DPYD",716,"ZNF292",0.0526315789473684,FALSE,"[0,0.1]"
"MS","DPYD",716,"ZNF407",-0.0655737704918033,FALSE,NA
"MS","DPYD",716,"ZNF644",-0.0555555555555556,FALSE,NA
"MS","DPYD",716,"ZNF804A",0.0685279187817259,FALSE,"[0,0.1]"
"MS","N4BP2L2",716,"AAK1",0.0909090909090909,FALSE,"[0,0.1]"
"MS","N4BP2L2",716,"ABCA1",0.0835777126099707,FALSE,"[0,0.1]"
"MS","N4BP2L2",716,"ACAP2",0.0666666666666666,FALSE,"[0,0.1]"
"MS","N4BP2L2",716,"ACTB",0.0606060606060606,FALSE,"[0,0.1]"
"MS","N4BP2L2",716,"ACYP2",0.0526315789473684,FALSE,"[0,0.1]"
"MS","N4BP2L2",716,"ADGRB3",0.341666666666667,FALSE,"(0.3,0.4]"
"MS","N4BP2L2",716,"AFF1",0.0720720720720721,FALSE,"[0,0.1]"
"MS","N4BP2L2",716,"AKAP13",0.104761904761905,FALSE,"(0.1,0.2]"
"MS","N4BP2L2",716,"AKT3",0.101351351351351,FALSE,"(0.1,0.2]"
"MS","N4BP2L2",716,"AL035446.2",0.13235294117647,FALSE,"(0.1,0.2]"
"MS","N4BP2L2",716,"ANKRD12",0.0520833333333333,FALSE,"[0,0.1]"
"MS","N4BP2L2",716,"ANKRD17",0.499999999999999,FALSE,"(0.4,0.5]"
"MS","N4BP2L2",716,"APBA1",0.0769230769230769,FALSE,"[0,0.1]"
"MS","N4BP2L2",716,"APOE",0.074235807860262,FALSE,"[0,0.1]"
"MS","N4BP2L2",716,"ARHGAP15",0.0873362445414847,FALSE,"[0,0.1]"
"MS","N4BP2L2",716,"ARHGAP18",0.0566037735849056,FALSE,"[0,0.1]"
"MS","N4BP2L2",716,"ARHGAP21",0.0786516853932584,FALSE,"[0,0.1]"
"MS","N4BP2L2",716,"ARHGAP24",0.107296137339056,FALSE,"(0.1,0.2]"
"MS","N4BP2L2",716,"ARID1B",0.0833333333333333,FALSE,"[0,0.1]"
"MS","N4BP2L2",716,"ARID4B",0.0555555555555555,FALSE,"[0,0.1]"
"MS","N4BP2L2",716,"ARL15",0.0571428571428571,FALSE,"[0,0.1]"
"MS","N4BP2L2",716,"ASAH1",0.0767123287671233,FALSE,"[0,0.1]"
"MS","N4BP2L2",716,"ASAP1",0.586206896551723,FALSE,"(0.5,0.6]"
"MS","N4BP2L2",716,"ASTN2",0.089622641509434,FALSE,"[0,0.1]"
"MS","N4BP2L2",716,"ATF6",0.0714285714285715,FALSE,"[0,0.1]"
"MS","N4BP2L2",716,"ATF7IP",0.0783132530120482,FALSE,"[0,0.1]"
"MS","N4BP2L2",716,"ATG7",0.118251928020566,FALSE,"(0.1,0.2]"
"MS","N4BP2L2",716,"ATM",0.0833333333333333,FALSE,"[0,0.1]"
"MS","N4BP2L2",716,"ATP1B3",0.112994350282486,FALSE,"(0.1,0.2]"
"MS","N4BP2L2",716,"ATXN1",0.0689655172413793,FALSE,"[0,0.1]"
"MS","N4BP2L2",716,"B2M",0.0746951219512195,FALSE,"[0,0.1]"
"MS","N4BP2L2",716,"BASP1",0.653846153846153,FALSE,"(0.6,0.7]"
"MS","N4BP2L2",716,"BAZ2B",0.0742857142857143,FALSE,"[0,0.1]"
"MS","N4BP2L2",716,"BBX",0.0535714285714286,FALSE,"[0,0.1]"
"MS","N4BP2L2",716,"BIRC6",0.0545454545454545,FALSE,"[0,0.1]"
"MS","N4BP2L2",716,"BMP2K",0.520000000000001,FALSE,"(0.5,0.6]"
"MS","N4BP2L2",716,"BNC2",0.0730337078651686,FALSE,"[0,0.1]"
"MS","N4BP2L2",716,"BRWD1",0.111111111111111,FALSE,"(0.1,0.2]"
"MS","N4BP2L2",716,"BTBD9",0.500000000000002,FALSE,"(0.5,0.6]"
"MS","N4BP2L2",716,"C1QA",0.0735294117647059,FALSE,"[0,0.1]"
"MS","N4BP2L2",716,"C1QB",0.0655737704918033,FALSE,"[0,0.1]"
"MS","N4BP2L2",716,"C20orf194",0.087719298245614,FALSE,"[0,0.1]"
"MS","N4BP2L2",716,"CADM1",0.0716332378223496,FALSE,"[0,0.1]"
"MS","N4BP2L2",716,"CCDC91",0.0746268656716418,FALSE,"[0,0.1]"
"MS","N4BP2L2",716,"CCND3",0.147435897435898,FALSE,"(0.1,0.2]"
"MS","N4BP2L2",716,"CCNH",0.103092783505155,FALSE,"(0.1,0.2]"
"MS","N4BP2L2",716,"CD163",0.0707269155206287,FALSE,"[0,0.1]"
"MS","N4BP2L2",716,"CD74",0.100446428571429,FALSE,"(0.1,0.2]"
"MS","N4BP2L2",716,"CD86",0.08,FALSE,"[0,0.1]"
"MS","N4BP2L2",716,"CDK14",0.0730478589420655,FALSE,"[0,0.1]"
"MS","N4BP2L2",716,"CELF1",0.0571428571428571,FALSE,"[0,0.1]"
"MS","N4BP2L2",716,"CEP170",0.0333333333333333,FALSE,"[0,0.1]"
"MS","N4BP2L2",716,"CERT1",0.0831168831168831,FALSE,"[0,0.1]"
"MS","N4BP2L2",716,"CFLAR",0.105263157894737,FALSE,"(0.1,0.2]"
"MS","N4BP2L2",716,"CHD1",0.136904761904762,FALSE,"(0.1,0.2]"
"MS","N4BP2L2",716,"CLASP1",0.0652173913043478,FALSE,"[0,0.1]"
"MS","N4BP2L2",716,"CLASP2",0.0666666666666667,FALSE,"[0,0.1]"
"MS","N4BP2L2",716,"CNOT2",0.0625,FALSE,"[0,0.1]"
"MS","N4BP2L2",716,"COP1",0.0588235294117647,FALSE,"[0,0.1]"
"MS","N4BP2L2",716,"CPEB4",0.0689655172413793,FALSE,"[0,0.1]"
"MS","N4BP2L2",716,"CPM",0.0893939393939394,FALSE,"[0,0.1]"
"MS","N4BP2L2",716,"CPQ",0.0618556701030927,FALSE,"[0,0.1]"
"MS","N4BP2L2",716,"CPVL",0.0769230769230769,FALSE,"[0,0.1]"
"MS","N4BP2L2",716,"CR1",0.0703812316715542,FALSE,"[0,0.1]"
"MS","N4BP2L2",716,"CTNNB1",0.0709459459459459,FALSE,"[0,0.1]"
"MS","N4BP2L2",716,"CTSD",0.0771812080536913,FALSE,"[0,0.1]"
"MS","N4BP2L2",716,"CYTH1",0.1,FALSE,"[0,0.1]"
"MS","N4BP2L2",716,"DDX17",0.0897959183673469,FALSE,"[0,0.1]"
"MS","N4BP2L2",716,"DENND1A",0.0675675675675676,FALSE,"[0,0.1]"
"MS","N4BP2L2",716,"DENND4C",0.114795918367347,FALSE,"(0.1,0.2]"
"MS","N4BP2L2",716,"DIRC3",0.0695652173913043,FALSE,"[0,0.1]"
"MS","N4BP2L2",716,"DLEU2",0.0384615384615385,FALSE,"[0,0.1]"
"MS","N4BP2L2",716,"DLG1",0.0555555555555556,FALSE,"[0,0.1]"
"MS","N4BP2L2",716,"DLG2",0.0676691729323308,FALSE,"[0,0.1]"
"MS","N4BP2L2",716,"DMXL2",0.0825688073394495,FALSE,"[0,0.1]"
"MS","N4BP2L2",716,"DOCK5",0.0735294117647059,FALSE,"[0,0.1]"
"MS","N4BP2L2",716,"DPYD",0.0754716981132074,FALSE,"[0,0.1]"
"MS","N4BP2L2",716,"DST",0.091304347826087,FALSE,"[0,0.1]"
"MS","N4BP2L2",716,"DYRK1A",0.111111111111111,FALSE,"(0.1,0.2]"
"MS","N4BP2L2",716,"EDA",0.07,FALSE,"[0,0.1]"
"MS","N4BP2L2",716,"EEF1A1",0.0810810810810811,FALSE,"[0,0.1]"
"MS","N4BP2L2",716,"ELF1",0.0810810810810811,FALSE,"[0,0.1]"
"MS","N4BP2L2",716,"ELF2",0.136904761904762,FALSE,"(0.1,0.2]"
"MS","N4BP2L2",716,"EPS15",0.0671140939597315,FALSE,"[0,0.1]"
"MS","N4BP2L2",716,"EPSTI1",0.076923076923077,FALSE,"[0,0.1]"
"MS","N4BP2L2",716,"ERBIN",0.0746268656716418,FALSE,"[0,0.1]"
"MS","N4BP2L2",716,"ERC1",0.0606060606060606,FALSE,"[0,0.1]"
"MS","N4BP2L2",716,"EVI5",0.166666666666666,FALSE,"(0.1,0.2]"
"MS","N4BP2L2",716,"EXOC6B",0.0624999999999999,FALSE,"[0,0.1]"
"MS","N4BP2L2",716,"F13A1",0.0669856459330143,FALSE,"[0,0.1]"
"MS","N4BP2L2",716,"FAM135A",0.0537634408602151,FALSE,"[0,0.1]"
"MS","N4BP2L2",716,"FAM135B",0.0735294117647059,FALSE,"[0,0.1]"
"MS","N4BP2L2",716,"FAM13A",0.072,FALSE,"[0,0.1]"
"MS","N4BP2L2",716,"FAM49A",0.202453987730061,FALSE,"(0.2,0.3]"
"MS","N4BP2L2",716,"FARP1",0.146551724137931,FALSE,"(0.1,0.2]"
"MS","N4BP2L2",716,"FBXL17",0.0588235294117647,FALSE,"[0,0.1]"
"MS","N4BP2L2",716,"FCHO2",0.0731707317073171,FALSE,"[0,0.1]"
"MS","N4BP2L2",716,"FER",0.0992366412213741,FALSE,"[0,0.1]"
"MS","N4BP2L2",716,"FMN1",0.110429447852761,FALSE,"(0.1,0.2]"
"MS","N4BP2L2",716,"FNDC3A",0.149606299212599,FALSE,"(0.1,0.2]"
"MS","N4BP2L2",716,"FNIP1",0.0689655172413793,FALSE,"[0,0.1]"
"MS","N4BP2L2",716,"FNIP2",0.134110787172012,FALSE,"(0.1,0.2]"
"MS","N4BP2L2",716,"FOXO3",0.0808510638297873,FALSE,"[0,0.1]"
"MS","N4BP2L2",716,"FOXP1",0.0846560846560847,FALSE,"[0,0.1]"
"MS","N4BP2L2",716,"FRYL",0.0714285714285714,FALSE,"[0,0.1]"
"MS","N4BP2L2",716,"FTH1",0.0947630922693267,FALSE,"[0,0.1]"
"MS","N4BP2L2",716,"FTL",0.090185676392573,FALSE,"[0,0.1]"
"MS","N4BP2L2",716,"FTX",0.0684210526315789,FALSE,"[0,0.1]"
"MS","N4BP2L2",716,"GAB1",0.103960396039604,FALSE,"(0.1,0.2]"
"MS","N4BP2L2",716,"GALNTL6",0.07773851590106,FALSE,"[0,0.1]"
"MS","N4BP2L2",716,"GK",0.114678899082569,FALSE,"(0.1,0.2]"
"MS","N4BP2L2",716,"GLS",0.072289156626506,FALSE,"[0,0.1]"
"MS","N4BP2L2",716,"GNA13",0.341176470588237,FALSE,"(0.3,0.4]"
"MS","N4BP2L2",716,"GNB4",0.0634920634920635,FALSE,"[0,0.1]"
"MS","N4BP2L2",716,"GPD2",0.0757575757575758,FALSE,"[0,0.1]"
"MS","N4BP2L2",716,"GPNMB",0.165784832451499,FALSE,"(0.1,0.2]"
"MS","N4BP2L2",716,"GPRIN3",0.072463768115942,FALSE,"[0,0.1]"
"MS","N4BP2L2",716,"GRAMD1B",0.0576923076923077,FALSE,"[0,0.1]"
"MS","N4BP2L2",716,"GRK3",0.0612244897959184,FALSE,"[0,0.1]"
"MS","N4BP2L2",716,"GSAP",0.075187969924812,FALSE,"[0,0.1]"
"MS","N4BP2L2",716,"GSK3B",0.0615384615384615,FALSE,"[0,0.1]"
"MS","N4BP2L2",716,"GTDC1",0.0454545454545454,FALSE,"[0,0.1]"
"MS","N4BP2L2",716,"H2AFY",0.0757575757575757,FALSE,"[0,0.1]"
"MS","N4BP2L2",716,"HELZ",0.0535714285714286,FALSE,"[0,0.1]"
"MS","N4BP2L2",716,"HERC1",0.0789473684210527,FALSE,"[0,0.1]"
"MS","N4BP2L2",716,"HERC4",0.0571428571428571,FALSE,"[0,0.1]"
"MS","N4BP2L2",716,"HIF1A",0.533333333333334,FALSE,"(0.5,0.6]"
"MS","N4BP2L2",716,"HLA-DRA",0.0884476534296029,FALSE,"[0,0.1]"
"MS","N4BP2L2",716,"HLA-DRB1",0.0815899581589958,FALSE,"[0,0.1]"
"MS","N4BP2L2",716,"HNRNPA2B1",0.0604026845637584,FALSE,"[0,0.1]"
"MS","N4BP2L2",716,"HNRNPU",0.0652173913043478,FALSE,"[0,0.1]"
"MS","N4BP2L2",716,"HSP90AA1",0.0571428571428571,FALSE,"[0,0.1]"
"MS","N4BP2L2",716,"IFI44L",0.121140142517815,FALSE,"(0.1,0.2]"
"MS","N4BP2L2",716,"IGF1R",0.0652173913043478,FALSE,"[0,0.1]"
"MS","N4BP2L2",716,"IL10RA",0.064516129032258,FALSE,"[0,0.1]"
"MS","N4BP2L2",716,"IMMP2L",0.125,FALSE,"(0.1,0.2]"
"MS","N4BP2L2",716,"IQCJ-SCHIP1",0.0754716981132075,FALSE,"[0,0.1]"
"MS","N4BP2L2",716,"IQGAP2",0.0852631578947368,FALSE,"[0,0.1]"
"MS","N4BP2L2",716,"IRS2",0.130232558139535,FALSE,"(0.1,0.2]"
"MS","N4BP2L2",716,"ITGAX",0.0689655172413793,FALSE,"[0,0.1]"
"MS","N4BP2L2",716,"ITM2B",0.17578125,FALSE,"(0.1,0.2]"
"MS","N4BP2L2",716,"JAK1",0.0701219512195122,FALSE,"[0,0.1]"
"MS","N4BP2L2",716,"JARID2",0.0543478260869565,FALSE,"[0,0.1]"
"MS","N4BP2L2",716,"JMJD1C",0.072289156626506,FALSE,"[0,0.1]"
"MS","N4BP2L2",716,"KAT6A",0.0714285714285714,FALSE,"[0,0.1]"
"MS","N4BP2L2",716,"KCTD12",0.123809523809524,FALSE,"(0.1,0.2]"
"MS","N4BP2L2",716,"KIF16B",0.0597014925373134,FALSE,"[0,0.1]"
"MS","N4BP2L2",716,"KLHL6",0.0740740740740741,FALSE,"[0,0.1]"
"MS","N4BP2L2",716,"KMT2E",0.0563380281690141,FALSE,"[0,0.1]"
"MS","N4BP2L2",716,"KYNU",0.0968858131487889,FALSE,"[0,0.1]"
"MS","N4BP2L2",716,"L3MBTL4",0.0865384615384616,FALSE,"[0,0.1]"
"MS","N4BP2L2",716,"LAPTM5",0.111111111111111,FALSE,"(0.1,0.2]"
"MS","N4BP2L2",716,"LCORL",0.5,FALSE,"(0.4,0.5]"
"MS","N4BP2L2",716,"LINC00278",0.127272727272727,FALSE,"(0.1,0.2]"
"MS","N4BP2L2",716,"LINC01091",0.0909090909090908,FALSE,"[0,0.1]"
"MS","N4BP2L2",716,"LPP",0.145161290322581,FALSE,"(0.1,0.2]"
"MS","N4BP2L2",716,"LRBA",0.0975609756097561,FALSE,"[0,0.1]"
"MS","N4BP2L2",716,"LRCH1",0.230769230769231,FALSE,"(0.2,0.3]"
"MS","N4BP2L2",716,"LRRC4C",0.111111111111111,FALSE,"(0.1,0.2]"
"MS","N4BP2L2",716,"LRRK2",0.0939226519337017,FALSE,"[0,0.1]"
"MS","N4BP2L2",716,"LYST",0.0939597315436242,FALSE,"[0,0.1]"
"MS","N4BP2L2",716,"MAF",0.0793650793650794,FALSE,"[0,0.1]"
"MS","N4BP2L2",716,"MAML2",0.0974025974025974,FALSE,"[0,0.1]"
"MS","N4BP2L2",716,"MAN1A1",0.0672853828306264,FALSE,"[0,0.1]"
"MS","N4BP2L2",716,"MAN2A1",1.25925925925926,FALSE,NA
"MS","N4BP2L2",716,"MANBA",0.0706214689265537,FALSE,"[0,0.1]"
"MS","N4BP2L2",716,"MAP3K2",0.0684931506849315,FALSE,"[0,0.1]"
"MS","N4BP2L2",716,"MAP4K3",0.0617283950617284,FALSE,"[0,0.1]"
"MS","N4BP2L2",716,"MAPKAP1",0.0697674418604652,FALSE,"[0,0.1]"
"MS","N4BP2L2",716,"MARK3",-0.333333333333336,FALSE,NA
"MS","N4BP2L2",716,"MBNL1",0.144927536231884,FALSE,"(0.1,0.2]"
"MS","N4BP2L2",716,"MBNL2",0.0595238095238095,FALSE,"[0,0.1]"
"MS","N4BP2L2",716,"MERTK",0.0526315789473685,FALSE,"[0,0.1]"
"MS","N4BP2L2",716,"MGAT5",0.120481927710843,FALSE,"(0.1,0.2]"
"MS","N4BP2L2",716,"MIR181A1HG",0.131578947368421,FALSE,"(0.1,0.2]"
"MS","N4BP2L2",716,"MITF",0.121518987341772,FALSE,"(0.1,0.2]"
"MS","N4BP2L2",716,"MKLN1",0.0704225352112676,FALSE,"[0,0.1]"
"MS","N4BP2L2",716,"MLLT10",0.105263157894737,FALSE,"(0.1,0.2]"
"MS","N4BP2L2",716,"MS4A4A",0.0710571923743501,FALSE,"[0,0.1]"
"MS","N4BP2L2",716,"MS4A6A",0.0697674418604651,FALSE,"[0,0.1]"
"MS","N4BP2L2",716,"MSR1",0.0948616600790514,FALSE,"[0,0.1]"
"MS","N4BP2L2",716,"MTSS1",0.277777777777777,FALSE,"(0.2,0.3]"
"MS","N4BP2L2",716,"MVB12B",4.99999999999994,FALSE,NA
"MS","N4BP2L2",716,"MYO1D",0.0956521739130435,FALSE,"[0,0.1]"
"MS","N4BP2L2",716,"MYO5A",0.0705882352941176,FALSE,"[0,0.1]"
"MS","N4BP2L2",716,"NAALADL2",0.0688073394495413,FALSE,"[0,0.1]"
"MS","N4BP2L2",716,"NAMPT",0.430555555555554,FALSE,"(0.4,0.5]"
"MS","N4BP2L2",716,"NBEA",0.0857142857142858,FALSE,"[0,0.1]"
"MS","N4BP2L2",716,"NCOA2",0.0675675675675676,FALSE,"[0,0.1]"
"MS","N4BP2L2",716,"NCOA3",0.111111111111111,FALSE,"(0.1,0.2]"
"MS","N4BP2L2",716,"NEAT1",0.306451612903225,FALSE,"(0.3,0.4]"
"MS","N4BP2L2",716,"NEDD4L",-0.5,FALSE,NA
"MS","N4BP2L2",716,"NEK7",0.08,FALSE,"[0,0.1]"
"MS","N4BP2L2",716,"NF1",0.111111111111111,FALSE,"(0.1,0.2]"
"MS","N4BP2L2",716,"NFAT5",0.0566037735849057,FALSE,"[0,0.1]"
"MS","N4BP2L2",716,"NFIA",0.0686274509803922,FALSE,"[0,0.1]"
"MS","N4BP2L2",716,"NHSL1",0.0889830508474576,FALSE,"[0,0.1]"
"MS","N4BP2L2",716,"NIPBL",0.073943661971831,FALSE,"[0,0.1]"
"MS","N4BP2L2",716,"NLK",0.0666666666666666,FALSE,"[0,0.1]"
"MS","N4BP2L2",716,"NPAS3",0.0903790087463557,FALSE,"[0,0.1]"
"MS","N4BP2L2",716,"NPL",0.15748031496063,FALSE,"(0.1,0.2]"
"MS","N4BP2L2",716,"NR3C1",0.0703517587939698,FALSE,"[0,0.1]"
"MS","N4BP2L2",716,"NR3C2",0.0697674418604651,FALSE,"[0,0.1]"
"MS","N4BP2L2",716,"NSMCE2",0.0869565217391305,FALSE,"[0,0.1]"
"MS","N4BP2L2",716,"OSBPL1A",0.0535714285714286,FALSE,"[0,0.1]"
"MS","N4BP2L2",716,"OSBPL3",0.078125,FALSE,"[0,0.1]"
"MS","N4BP2L2",716,"OSBPL8",0.0689655172413793,FALSE,"[0,0.1]"
"MS","N4BP2L2",716,"PABPC1",0.0679012345679012,FALSE,"[0,0.1]"
"MS","N4BP2L2",716,"PAN3",0.0707070707070707,FALSE,"[0,0.1]"
"MS","N4BP2L2",716,"PARP14",0.0748299319727891,FALSE,"[0,0.1]"
"MS","N4BP2L2",716,"PARP8",0.0760869565217392,FALSE,"[0,0.1]"
"MS","N4BP2L2",716,"PBX3",0.0649819494584838,FALSE,"[0,0.1]"
"MS","N4BP2L2",716,"PCDH9",0.0638297872340425,FALSE,"[0,0.1]"
"MS","N4BP2L2",716,"PCM1",0.0588235294117647,FALSE,"[0,0.1]"
"MS","N4BP2L2",716,"PDE3B",0.0657276995305164,FALSE,"[0,0.1]"
"MS","N4BP2L2",716,"PDE4B",0.0899854862119013,FALSE,"[0,0.1]"
"MS","N4BP2L2",716,"PDE4D",0.0681818181818182,FALSE,"[0,0.1]"
"MS","N4BP2L2",716,"PDE8A",0.095679012345679,FALSE,"[0,0.1]"
"MS","N4BP2L2",716,"PDGFC",0.0810185185185185,FALSE,"[0,0.1]"
"MS","N4BP2L2",716,"PDS5B",0.0714285714285715,FALSE,"[0,0.1]"
"MS","N4BP2L2",716,"PEAK1",0.0664819944598338,FALSE,"[0,0.1]"
"MS","N4BP2L2",716,"PECAM1",0.0679611650485437,FALSE,"[0,0.1]"
"MS","N4BP2L2",716,"PELI1",0.0717131474103586,FALSE,"[0,0.1]"
"MS","N4BP2L2",716,"PELI2",0.0827586206896552,FALSE,"[0,0.1]"
"MS","N4BP2L2",716,"PHC3",0.125,FALSE,"(0.1,0.2]"
"MS","N4BP2L2",716,"PHF21A",0.0500000000000001,FALSE,"[0,0.1]"
"MS","N4BP2L2",716,"PHIP",0.0588235294117647,FALSE,"[0,0.1]"
"MS","N4BP2L2",716,"PIAS1",0.0697674418604651,FALSE,"[0,0.1]"
"MS","N4BP2L2",716,"PIK3R5",0.125,FALSE,"(0.1,0.2]"
"MS","N4BP2L2",716,"PLCL1",0.097972972972973,FALSE,"[0,0.1]"
"MS","N4BP2L2",716,"PLSCR1",0.121495327102804,FALSE,"(0.1,0.2]"
"MS","N4BP2L2",716,"PNISR",0.0294117647058824,FALSE,"[0,0.1]"
"MS","N4BP2L2",716,"POU2F1",0.0638297872340425,FALSE,"[0,0.1]"
"MS","N4BP2L2",716,"PPM1L",0.0666666666666667,FALSE,"[0,0.1]"
"MS","N4BP2L2",716,"PPP2R5C",0.0681818181818182,FALSE,"[0,0.1]"
"MS","N4BP2L2",716,"PPP3CA",0.0666666666666667,FALSE,"[0,0.1]"
"MS","N4BP2L2",716,"PPP6R3",0.0645161290322581,FALSE,"[0,0.1]"
"MS","N4BP2L2",716,"PRKAG2",2.49999999999999,FALSE,NA
"MS","N4BP2L2",716,"PRKCE",0.0796296296296296,FALSE,"[0,0.1]"
"MS","N4BP2L2",716,"PRKCH",0.142857142857143,FALSE,"(0.1,0.2]"
"MS","N4BP2L2",716,"PRKN",0.099009900990099,FALSE,"[0,0.1]"
"MS","N4BP2L2",716,"PSAP",0.0718132854578097,FALSE,"[0,0.1]"
"MS","N4BP2L2",716,"PSMA1",0.0434782608695652,FALSE,"[0,0.1]"
"MS","N4BP2L2",716,"PTBP3",0.0614525139664804,FALSE,"[0,0.1]"
"MS","N4BP2L2",716,"PTEN",0.0833333333333334,FALSE,"[0,0.1]"
"MS","N4BP2L2",716,"PTPRC",0.25,FALSE,"(0.2,0.3]"
"MS","N4BP2L2",716,"PTPRG",0.131868131868132,FALSE,"(0.1,0.2]"
"MS","N4BP2L2",716,"PTPRM",0.0875,FALSE,"[0,0.1]"
"MS","N4BP2L2",716,"PUM2",0.0689655172413793,FALSE,"[0,0.1]"
"MS","N4BP2L2",716,"RAB1A",0.0638297872340425,FALSE,"[0,0.1]"
"MS","N4BP2L2",716,"RABGAP1L",0.0833333333333332,FALSE,"[0,0.1]"
"MS","N4BP2L2",716,"RAD51B",0.0810810810810811,FALSE,"[0,0.1]"
"MS","N4BP2L2",716,"RASA1",0.104166666666667,FALSE,"(0.1,0.2]"
"MS","N4BP2L2",716,"RASSF3",0.0569105691056911,FALSE,"[0,0.1]"
"MS","N4BP2L2",716,"RBMS1",0.0697674418604651,FALSE,"[0,0.1]"
"MS","N4BP2L2",716,"RBPJ",0.0769230769230769,FALSE,"[0,0.1]"
"MS","N4BP2L2",716,"RERE",1,FALSE,"(0.9,1]"
"MS","N4BP2L2",716,"REV3L",0.0808080808080808,FALSE,"[0,0.1]"
"MS","N4BP2L2",716,"RFX3",0.0833333333333333,FALSE,"[0,0.1]"
"MS","N4BP2L2",716,"RGL1",0.101075268817204,FALSE,"(0.1,0.2]"
"MS","N4BP2L2",716,"RGS1",0.24561403508772,FALSE,"(0.2,0.3]"
"MS","N4BP2L2",716,"RICTOR",0.0717703349282297,FALSE,"[0,0.1]"
"MS","N4BP2L2",716,"RNF13",0.0784593437945792,FALSE,"[0,0.1]"
"MS","N4BP2L2",716,"RNF130",0.0617283950617284,FALSE,"[0,0.1]"
"MS","N4BP2L2",716,"RNF144B",0.0855263157894736,FALSE,"[0,0.1]"
"MS","N4BP2L2",716,"RNF213",0.0662983425414365,FALSE,"[0,0.1]"
"MS","N4BP2L2",716,"ROCK1",0.0731707317073171,FALSE,"[0,0.1]"
"MS","N4BP2L2",716,"RSRC1",0.142857142857143,FALSE,"(0.1,0.2]"
"MS","N4BP2L2",716,"RTN4",0.178571428571429,FALSE,"(0.1,0.2]"
"MS","N4BP2L2",716,"SAMD4A",0.170289855072464,FALSE,"(0.1,0.2]"
"MS","N4BP2L2",716,"SAT1",0.347826086956522,FALSE,"(0.3,0.4]"
"MS","N4BP2L2",716,"SBF2",0.0636363636363636,FALSE,"[0,0.1]"
"MS","N4BP2L2",716,"SCAF11",0.125,FALSE,"(0.1,0.2]"
"MS","N4BP2L2",716,"SCAPER",0.166666666666667,FALSE,"(0.1,0.2]"
"MS","N4BP2L2",716,"SDCBP",0.079295154185022,FALSE,"[0,0.1]"
"MS","N4BP2L2",716,"SDCCAG8",0.076923076923077,FALSE,"[0,0.1]"
"MS","N4BP2L2",716,"SEC14L1",0.233766233766234,FALSE,"(0.2,0.3]"
"MS","N4BP2L2",716,"SENP6",0.0615384615384615,FALSE,"[0,0.1]"
"MS","N4BP2L2",716,"SERPINE1",0.0666666666666667,FALSE,"[0,0.1]"
"MS","N4BP2L2",716,"SETD2",0.133333333333333,FALSE,"(0.1,0.2]"
"MS","N4BP2L2",716,"SGK1",0.0663129973474801,FALSE,"[0,0.1]"
"MS","N4BP2L2",716,"SGK3",0.0649350649350649,FALSE,"[0,0.1]"
"MS","N4BP2L2",716,"SGMS1",0.0731707317073171,FALSE,"[0,0.1]"
"MS","N4BP2L2",716,"SIK3",0.0680272108843537,FALSE,"[0,0.1]"
"MS","N4BP2L2",716,"SLC16A10",0.107317073170732,FALSE,"(0.1,0.2]"
"MS","N4BP2L2",716,"SLC25A13",0.0641025641025641,FALSE,"[0,0.1]"
"MS","N4BP2L2",716,"SLC2A13",0.0909090909090909,FALSE,"[0,0.1]"
"MS","N4BP2L2",716,"SLC44A1",0.06,FALSE,"[0,0.1]"
"MS","N4BP2L2",716,"SLC4A7",1.46666666666667,FALSE,NA
"MS","N4BP2L2",716,"SMAD2",0.051948051948052,FALSE,"[0,0.1]"
"MS","N4BP2L2",716,"SMAP2",0.274509803921568,FALSE,"(0.2,0.3]"
"MS","N4BP2L2",716,"SMCHD1",0.0676328502415459,FALSE,"[0,0.1]"
"MS","N4BP2L2",716,"SMYD3",0.0588235294117647,FALSE,"[0,0.1]"
"MS","N4BP2L2",716,"SNCA",0.0660377358490566,FALSE,"[0,0.1]"
"MS","N4BP2L2",716,"SND1",922337203685478,FALSE,NA
"MS","N4BP2L2",716,"SNX13",0.0705882352941176,FALSE,"[0,0.1]"
"MS","N4BP2L2",716,"SNX29",0.0739130434782609,FALSE,"[0,0.1]"
"MS","N4BP2L2",716,"SORT1",0.142857142857143,FALSE,"(0.1,0.2]"
"MS","N4BP2L2",716,"SOS1",0.0606060606060606,FALSE,"[0,0.1]"
"MS","N4BP2L2",716,"SPIDR",0.0736842105263158,FALSE,"[0,0.1]"
"MS","N4BP2L2",716,"SPIRE1",0.104448742746615,FALSE,"(0.1,0.2]"
"MS","N4BP2L2",716,"SPPL3",0.0560747663551402,FALSE,"[0,0.1]"
"MS","N4BP2L2",716,"SRGAP1",0.0803858520900321,FALSE,"[0,0.1]"
"MS","N4BP2L2",716,"SRPK2",0.0695652173913043,FALSE,"[0,0.1]"
"MS","N4BP2L2",716,"SSBP2",0.0775862068965517,FALSE,"[0,0.1]"
"MS","N4BP2L2",716,"ST18",0.0662251655629139,FALSE,"[0,0.1]"
"MS","N4BP2L2",716,"STAG1",0.0652173913043478,FALSE,"[0,0.1]"
"MS","N4BP2L2",716,"STARD13",0.126666666666667,FALSE,"(0.1,0.2]"
"MS","N4BP2L2",716,"STK3",0.0434782608695652,FALSE,"[0,0.1]"
"MS","N4BP2L2",716,"STX7",0.06875,FALSE,"[0,0.1]"
"MS","N4BP2L2",716,"SUMF1",0.0537634408602151,FALSE,"[0,0.1]"
"MS","N4BP2L2",716,"SUPT3H",0.15,FALSE,"(0.1,0.2]"
"MS","N4BP2L2",716,"SUSD6",-0.166666666666667,FALSE,NA
"MS","N4BP2L2",716,"SWAP70",0.0571428571428571,FALSE,"[0,0.1]"
"MS","N4BP2L2",716,"TANC2",0.0703971119133574,FALSE,"[0,0.1]"
"MS","N4BP2L2",716,"TANK",0.0952380952380952,FALSE,"[0,0.1]"
"MS","N4BP2L2",716,"TBC1D12",0.0645161290322581,FALSE,"[0,0.1]"
"MS","N4BP2L2",716,"TBC1D5",0.0818181818181818,FALSE,"[0,0.1]"
"MS","N4BP2L2",716,"TCF4",3.37500000000003,FALSE,NA
"MS","N4BP2L2",716,"TENT2",0.0666666666666667,FALSE,"[0,0.1]"
"MS","N4BP2L2",716,"TET2",0.0677966101694915,FALSE,"[0,0.1]"
"MS","N4BP2L2",716,"TFEC",0.072289156626506,FALSE,"[0,0.1]"
"MS","N4BP2L2",716,"TFRC",0.094488188976378,FALSE,"[0,0.1]"
"MS","N4BP2L2",716,"THADA",-0.333333333333333,FALSE,NA
"MS","N4BP2L2",716,"TMCC1",0.0755813953488372,FALSE,"[0,0.1]"
"MS","N4BP2L2",716,"TMEM117",0.0731707317073171,FALSE,"[0,0.1]"
"MS","N4BP2L2",716,"TMEM65",0.111627906976744,FALSE,"(0.1,0.2]"
"MS","N4BP2L2",716,"TMSB4X",0.0834990059642147,FALSE,"[0,0.1]"
"MS","N4BP2L2",716,"TNPO1",0.074235807860262,FALSE,"[0,0.1]"
"MS","N4BP2L2",716,"TNRC6B",0.0655737704918033,FALSE,"[0,0.1]"
"MS","N4BP2L2",716,"TPK1",0.133333333333333,FALSE,"(0.1,0.2]"
"MS","N4BP2L2",716,"TPRG1",0.171717171717172,FALSE,"(0.1,0.2]"
"MS","N4BP2L2",716,"TREM2",0.0634920634920635,FALSE,"[0,0.1]"
"MS","N4BP2L2",716,"TRHDE",0.097560975609756,FALSE,"[0,0.1]"
"MS","N4BP2L2",716,"TRIO",0.0689655172413793,FALSE,"[0,0.1]"
"MS","N4BP2L2",716,"TRIP12",0.25,FALSE,"(0.2,0.3]"
"MS","N4BP2L2",716,"TRPS1",0.0735849056603774,FALSE,"[0,0.1]"
"MS","N4BP2L2",716,"TTC17",0.333333333333333,FALSE,"(0.3,0.4]"
"MS","N4BP2L2",716,"TTC28",0.0754716981132076,FALSE,"[0,0.1]"
"MS","N4BP2L2",716,"TTC3",0.0731707317073171,FALSE,"[0,0.1]"
"MS","N4BP2L2",716,"TUT7",0.1,FALSE,"[0,0.1]"
"MS","N4BP2L2",716,"TXNIP",0.0871369294605809,FALSE,"[0,0.1]"
"MS","N4BP2L2",716,"TYROBP",0.0671641791044776,FALSE,"[0,0.1]"
"MS","N4BP2L2",716,"UBE2D3",0.0512820512820513,FALSE,"[0,0.1]"
"MS","N4BP2L2",716,"UBR5",0.062992125984252,FALSE,"[0,0.1]"
"MS","N4BP2L2",716,"UGCG",0.0617283950617284,FALSE,"[0,0.1]"
"MS","N4BP2L2",716,"USP15",0.0588235294117647,FALSE,"[0,0.1]"
"MS","N4BP2L2",716,"USP34",0.111111111111111,FALSE,"(0.1,0.2]"
"MS","N4BP2L2",716,"UTRN",0.0730994152046784,FALSE,"[0,0.1]"
"MS","N4BP2L2",716,"UTY",0.180487804878049,FALSE,"(0.1,0.2]"
"MS","N4BP2L2",716,"UVRAG",0.157894736842105,FALSE,"(0.1,0.2]"
"MS","N4BP2L2",716,"VMP1",0.0666666666666667,FALSE,"[0,0.1]"
"MS","N4BP2L2",716,"VOPP1",0.0869565217391304,FALSE,"[0,0.1]"
"MS","N4BP2L2",716,"VPS13C",0.0954773869346734,FALSE,"[0,0.1]"
"MS","N4BP2L2",716,"VPS8",0.0697050938337802,FALSE,"[0,0.1]"
"MS","N4BP2L2",716,"WASHC4",0.0738255033557047,FALSE,"[0,0.1]"
"MS","N4BP2L2",716,"WDR7",0.166666666666667,FALSE,"(0.1,0.2]"
"MS","N4BP2L2",716,"WIPF1",0.0694444444444444,FALSE,"[0,0.1]"
"MS","N4BP2L2",716,"WSB1",0.111111111111111,FALSE,"(0.1,0.2]"
"MS","N4BP2L2",716,"XPR1",0.0961538461538461,FALSE,"[0,0.1]"
"MS","N4BP2L2",716,"ZBTB16",0.109090909090909,FALSE,"(0.1,0.2]"
"MS","N4BP2L2",716,"ZBTB20",0.0840579710144928,FALSE,"[0,0.1]"
"MS","N4BP2L2",716,"ZCCHC7",0.0454545454545455,FALSE,"[0,0.1]"
"MS","N4BP2L2",716,"ZEB2",0.112676056338028,FALSE,"(0.1,0.2]"
"MS","N4BP2L2",716,"ZFP36L2",0.209302325581395,FALSE,"(0.2,0.3]"
"MS","N4BP2L2",716,"ZMYM2",0.0588235294117647,FALSE,"[0,0.1]"
"MS","N4BP2L2",716,"ZNF148",0.0563380281690141,FALSE,"[0,0.1]"
"MS","N4BP2L2",716,"ZNF407",0.0655737704918033,FALSE,"[0,0.1]"
"MS","N4BP2L2",716,"ZNF804A",0.083756345177665,FALSE,"[0,0.1]"
"MS","PREX1",716,"AAK1",-0.181818181818182,FALSE,NA
"MS","PREX1",716,"ABCA1",-0.104105571847507,FALSE,NA
"MS","PREX1",716,"ACAP2",-0.1,FALSE,NA
"MS","PREX1",716,"ACTB",-0.0757575757575758,FALSE,NA
"MS","PREX1",716,"ACYP2",-0.087719298245614,FALSE,NA
"MS","PREX1",716,"ADGRB3",-0.35,FALSE,NA
"MS","PREX1",716,"AFF1",-0.0630630630630631,FALSE,NA
"MS","PREX1",716,"AKAP13",-0.019047619047619,FALSE,NA
"MS","PREX1",716,"AKT3",-0.0743243243243243,FALSE,NA
"MS","PREX1",716,"AL035446.2",-0.220588235294117,FALSE,NA
"MS","PREX1",716,"ANKRD12",-0.0625,FALSE,NA
"MS","PREX1",716,"ANKRD17",-0.499999999999999,FALSE,NA
"MS","PREX1",716,"APBA1",-0.115384615384615,FALSE,NA
"MS","PREX1",716,"APOE",-0.0800582241630277,FALSE,NA
"MS","PREX1",716,"ARHGAP15",-0.0786026200873363,FALSE,NA
"MS","PREX1",716,"ARHGAP18",-0.0566037735849056,FALSE,NA
"MS","PREX1",716,"ARHGAP21",-0.0674157303370786,FALSE,NA
"MS","PREX1",716,"ARHGAP24",-0.124463519313305,FALSE,NA
"MS","PREX1",716,"ARID1B",-0.0833333333333333,FALSE,NA
"MS","PREX1",716,"ARID4B",-0.0555555555555555,FALSE,NA
"MS","PREX1",716,"ARL15",-0.0714285714285714,FALSE,NA
"MS","PREX1",716,"ASAH1",-0.0794520547945206,FALSE,NA
"MS","PREX1",716,"ASAP1",-1.10344827586207,FALSE,NA
"MS","PREX1",716,"ASTN2",-0.14622641509434,FALSE,NA
"MS","PREX1",716,"ATF6",0.0178571428571429,FALSE,"[0,0.1]"
"MS","PREX1",716,"ATF7IP",-0.0783132530120482,FALSE,NA
"MS","PREX1",716,"ATG7",-0.172236503856041,FALSE,NA
"MS","PREX1",716,"ATM",-0.0833333333333333,FALSE,NA
"MS","PREX1",716,"ATP1B3",-0.0508474576271186,FALSE,NA
"MS","PREX1",716,"ATXN1",-0.0344827586206897,FALSE,NA
"MS","PREX1",716,"B2M",-0.0807926829268293,FALSE,NA
"MS","PREX1",716,"BASP1",-0.0384615384615384,FALSE,NA
"MS","PREX1",716,"BAZ2B",-0.0685714285714286,FALSE,NA
"MS","PREX1",716,"BBX",-0.0535714285714286,FALSE,NA
"MS","PREX1",716,"BIRC6",-0.0727272727272727,FALSE,NA
"MS","PREX1",716,"BMP2K",-0.840000000000002,FALSE,NA
"MS","PREX1",716,"BNC2",-0.112359550561798,FALSE,NA
"MS","PREX1",716,"BRWD1",-0.111111111111111,FALSE,NA
"MS","PREX1",716,"BTBD9",-1,FALSE,NA
"MS","PREX1",716,"C1QA",-0.0882352941176471,FALSE,NA
"MS","PREX1",716,"C1QB",-0.0655737704918033,FALSE,NA
"MS","PREX1",716,"C20orf194",-0.128654970760234,FALSE,NA
"MS","PREX1",716,"CADM1",-0.0830945558739255,FALSE,NA
"MS","PREX1",716,"CCDC91",-0.0746268656716418,FALSE,NA
"MS","PREX1",716,"CCND3",-0.153846153846154,FALSE,NA
"MS","PREX1",716,"CCNH",-0.0463917525773195,FALSE,NA
"MS","PREX1",716,"CD163",-0.0766208251473477,FALSE,NA
"MS","PREX1",716,"CD74",-0.0982142857142857,FALSE,NA
"MS","PREX1",716,"CD86",-0.04,FALSE,NA
"MS","PREX1",716,"CDK14",-0.0931989924433249,FALSE,NA
"MS","PREX1",716,"CELF1",-0.0857142857142857,FALSE,NA
"MS","PREX1",716,"CEP170",-0.0666666666666667,FALSE,NA
"MS","PREX1",716,"CERT1",-0.114285714285714,FALSE,NA
"MS","PREX1",716,"CFLAR",-0.105263157894737,FALSE,NA
"MS","PREX1",716,"CHD1",-0.0535714285714285,FALSE,NA
"MS","PREX1",716,"CHSY3",-1,FALSE,NA
"MS","PREX1",716,"CLASP1",-0.0760869565217391,FALSE,NA
"MS","PREX1",716,"CLASP2",-0.0740740740740741,FALSE,NA
"MS","PREX1",716,"CNOT2",-0.0625,FALSE,NA
"MS","PREX1",716,"COP1",-0.0588235294117647,FALSE,NA
"MS","PREX1",716,"CPEB4",-0.103448275862069,FALSE,NA
"MS","PREX1",716,"CPM",-0.115151515151515,FALSE,NA
"MS","PREX1",716,"CPQ",-0.0103092783505155,FALSE,NA
"MS","PREX1",716,"CPVL",-0.021978021978022,FALSE,NA
"MS","PREX1",716,"CR1",-0.0733137829912023,FALSE,NA
"MS","PREX1",716,"CTNNB1",-0.0608108108108108,FALSE,NA
"MS","PREX1",716,"CTSD",-0.0939597315436242,FALSE,NA
"MS","PREX1",716,"CYTH1",-0.1,FALSE,NA
"MS","PREX1",716,"DDX17",-0.0897959183673469,FALSE,NA
"MS","PREX1",716,"DDX5",0.999999999999982,FALSE,"(0.9,1]"
"MS","PREX1",716,"DENND1A",-0.0810810810810811,FALSE,NA
"MS","PREX1",716,"DENND4C",-0.165816326530612,FALSE,NA
"MS","PREX1",716,"DIRC3",-0.0956521739130435,FALSE,NA
"MS","PREX1",716,"DLG1",-0.166666666666667,FALSE,NA
"MS","PREX1",716,"DLG2",-0.0601503759398496,FALSE,NA
"MS","PREX1",716,"DMXL2",-0.102752293577982,FALSE,NA
"MS","PREX1",716,"DOCK5",-0.0294117647058823,FALSE,NA
"MS","PREX1",716,"DPYD",-0.0943396226415093,FALSE,NA
"MS","PREX1",716,"DST",-0.117391304347826,FALSE,NA
"MS","PREX1",716,"DYRK1A",-0.166666666666667,FALSE,NA
"MS","PREX1",716,"EDA",-0.09,FALSE,NA
"MS","PREX1",716,"EEF1A1",-0.0825825825825826,FALSE,NA
"MS","PREX1",716,"ELF1",-0.0810810810810811,FALSE,NA
"MS","PREX1",716,"ELF2",-0.0535714285714286,FALSE,NA
"MS","PREX1",716,"EPS15",-0.0738255033557047,FALSE,NA
"MS","PREX1",716,"EPSTI1",-0.108974358974359,FALSE,NA
"MS","PREX1",716,"ERBIN",-0.0945273631840796,FALSE,NA
"MS","PREX1",716,"ERC1",-0.0909090909090909,FALSE,NA
"MS","PREX1",716,"EVI5",-0.25,FALSE,NA
"MS","PREX1",716,"EXOC6B",-0.1875,FALSE,NA
"MS","PREX1",716,"F13A1",-0.076555023923445,FALSE,NA
"MS","PREX1",716,"FAM135A",-0.0537634408602151,FALSE,NA
"MS","PREX1",716,"FAM135B",-0.110294117647059,FALSE,NA
"MS","PREX1",716,"FAM13A",-0.048,FALSE,NA
"MS","PREX1",716,"FAM49A",-0.0920245398773006,FALSE,NA
"MS","PREX1",716,"FARP1",-0.267241379310345,FALSE,NA
"MS","PREX1",716,"FBXL17",-0.0588235294117647,FALSE,NA
"MS","PREX1",716,"FCHO2",-0.0799457994579946,FALSE,NA
"MS","PREX1",716,"FER",-0.129770992366412,FALSE,NA
"MS","PREX1",716,"FMN1",-0.147239263803681,FALSE,NA
"MS","PREX1",716,"FNDC3A",-0.0826771653543308,FALSE,NA
"MS","PREX1",716,"FNIP1",-0.0896551724137931,FALSE,NA
"MS","PREX1",716,"FNIP2",-0.19533527696793,FALSE,NA
"MS","PREX1",716,"FOXO3",-0.0851063829787234,FALSE,NA
"MS","PREX1",716,"FOXP1",-0.0793650793650794,FALSE,NA
"MS","PREX1",716,"FRYL",-0.0714285714285714,FALSE,NA
"MS","PREX1",716,"FTH1",-0.0748129675810474,FALSE,NA
"MS","PREX1",716,"FTL",-0.110079575596817,FALSE,NA
"MS","PREX1",716,"FTX",-0.0736842105263158,FALSE,NA
"MS","PREX1",716,"GAB1",-0.116336633663366,FALSE,NA
"MS","PREX1",716,"GALNTL6",-0.0989399293286219,FALSE,NA
"MS","PREX1",716,"GK",-0.0779816513761467,FALSE,NA
"MS","PREX1",716,"GLS",-0.0843373493975904,FALSE,NA
"MS","PREX1",716,"GNA13",-0.152941176470589,FALSE,NA
"MS","PREX1",716,"GNB4",-0.0952380952380952,FALSE,NA
"MS","PREX1",716,"GPD2",-0.0833333333333333,FALSE,NA
"MS","PREX1",716,"GPNMB",-0.223985890652557,FALSE,NA
"MS","PREX1",716,"GPRIN3",-0.0434782608695652,FALSE,NA
"MS","PREX1",716,"GRAMD1B",-0.0961538461538461,FALSE,NA
"MS","PREX1",716,"GRK3",-0.0714285714285715,FALSE,NA
"MS","PREX1",716,"GSAP",-0.0827067669172932,FALSE,NA
"MS","PREX1",716,"GSK3B",-0.0769230769230769,FALSE,NA
"MS","PREX1",716,"GTDC1",-0.0681818181818182,FALSE,NA
"MS","PREX1",716,"H2AFY",-0.136363636363636,FALSE,NA
"MS","PREX1",716,"HELZ",-0.0892857142857143,FALSE,NA
"MS","PREX1",716,"HERC1",-0.0921052631578948,FALSE,NA
"MS","PREX1",716,"HERC4",-0.0571428571428571,FALSE,NA
"MS","PREX1",716,"HIF1A",-0.155555555555556,FALSE,NA
"MS","PREX1",716,"HLA-DRA",-0.0866425992779783,FALSE,NA
"MS","PREX1",716,"HLA-DRB1",-0.0794979079497908,FALSE,NA
"MS","PREX1",716,"HNRNPA2B1",-0.0604026845637584,FALSE,NA
"MS","PREX1",716,"HNRNPU",-0.0579710144927536,FALSE,NA
"MS","PREX1",716,"HSP90AA1",-0.0571428571428571,FALSE,NA
"MS","PREX1",716,"IFI44L",-0.175771971496437,FALSE,NA
"MS","PREX1",716,"IGF1R",-0.0869565217391304,FALSE,NA
"MS","PREX1",716,"IL10RA",-0.0387096774193548,FALSE,NA
"MS","PREX1",716,"IMMP2L",-0.25,FALSE,NA
"MS","PREX1",716,"IQCJ-SCHIP1",-0.125786163522013,FALSE,NA
"MS","PREX1",716,"IQGAP2",-0.0978947368421053,FALSE,NA
"MS","PREX1",716,"IRS2",-0.0651162790697675,FALSE,NA
"MS","PREX1",716,"ITGAX",-0.0896551724137931,FALSE,NA
"MS","PREX1",716,"ITM2B",-0.1875,FALSE,NA
"MS","PREX1",716,"ITSN2",-0.0625,FALSE,NA
"MS","PREX1",716,"JAK1",-0.0731707317073171,FALSE,NA
"MS","PREX1",716,"JARID2",-0.0434782608695652,FALSE,NA
"MS","PREX1",716,"JMJD1C",-0.0963855421686747,FALSE,NA
"MS","PREX1",716,"KAT6A",-0.0952380952380952,FALSE,NA
"MS","PREX1",716,"KCTD12",-0.161904761904762,FALSE,NA
"MS","PREX1",716,"KIF16B",-0.0597014925373134,FALSE,NA
"MS","PREX1",716,"KLHL6",-0.093681917211329,FALSE,NA
"MS","PREX1",716,"KMT2E",-0.0422535211267606,FALSE,NA
"MS","PREX1",716,"KYNU",-0.0622837370242214,FALSE,NA
"MS","PREX1",716,"L3MBTL4",-0.0673076923076923,FALSE,NA
"MS","PREX1",716,"LAPTM5",-0.0341880341880342,FALSE,NA
"MS","PREX1",716,"LCORL",-0.5,FALSE,NA
"MS","PREX1",716,"LINC00278",-0.133333333333333,FALSE,NA
"MS","PREX1",716,"LINC01091",0.0909090909090908,FALSE,"[0,0.1]"
"MS","PREX1",716,"LPP",-0.322580645161291,FALSE,NA
"MS","PREX1",716,"LRBA",-0.0975609756097561,FALSE,NA
"MS","PREX1",716,"LRCH1",-0.76923076923077,FALSE,NA
"MS","PREX1",716,"LRRC4C",-0.11965811965812,FALSE,NA
"MS","PREX1",716,"LRRK2",-0.0847145488029466,FALSE,NA
"MS","PREX1",716,"LYST",-0.161073825503356,FALSE,NA
"MS","PREX1",716,"MAF",-0.103174603174603,FALSE,NA
"MS","PREX1",716,"MAML2",-0.168831168831169,FALSE,NA
"MS","PREX1",716,"MAN1A1",-0.0788863109048724,FALSE,NA
"MS","PREX1",716,"MAN2A1",-0.444444444444445,FALSE,NA
"MS","PREX1",716,"MANBA",-0.0593220338983051,FALSE,NA
"MS","PREX1",716,"MAP3K2",-0.0753424657534246,FALSE,NA
"MS","PREX1",716,"MAP4K3",-0.0740740740740741,FALSE,NA
"MS","PREX1",716,"MAPKAP1",-0.108527131782946,FALSE,NA
"MS","PREX1",716,"MBNL1",-0.159420289855073,FALSE,NA
"MS","PREX1",716,"MBNL2",-0.0238095238095238,FALSE,NA
"MS","PREX1",716,"MERTK",-0.0526315789473685,FALSE,NA
"MS","PREX1",716,"MGAT5",-0.240963855421687,FALSE,NA
"MS","PREX1",716,"MIR181A1HG",-0.0350877192982456,FALSE,NA
"MS","PREX1",716,"MITF",-0.179746835443038,FALSE,NA
"MS","PREX1",716,"MKLN1",-0.0140845070422535,FALSE,NA
"MS","PREX1",716,"MLLT10",-0.157894736842105,FALSE,NA
"MS","PREX1",716,"MS4A4A",-0.0745233968804159,FALSE,NA
"MS","PREX1",716,"MS4A6A",-0.0897009966777409,FALSE,NA
"MS","PREX1",716,"MSR1",-0.0790513833992095,FALSE,NA
"MS","PREX1",716,"MTSS1",-0.777777777777777,FALSE,NA
"MS","PREX1",716,"MYO1D",-0.130434782608696,FALSE,NA
"MS","PREX1",716,"MYO5A",-0.0980392156862745,FALSE,NA
"MS","PREX1",716,"N4BP2L2",-0.0745098039215686,FALSE,NA
"MS","PREX1",716,"NAALADL2",-0.0688073394495413,FALSE,NA
"MS","PREX1",716,"NAMPT",-0.194444444444444,FALSE,NA
"MS","PREX1",716,"NBEA",-0.114285714285714,FALSE,NA
"MS","PREX1",716,"NCOA2",-0.0810810810810811,FALSE,NA
"MS","PREX1",716,"NCOA3",-0.148148148148148,FALSE,NA
"MS","PREX1",716,"NEAT1",-0.241935483870967,FALSE,NA
"MS","PREX1",716,"NEDD4L",1,FALSE,"(0.9,1]"
"MS","PREX1",716,"NEK7",-0.0766666666666667,FALSE,NA
"MS","PREX1",716,"NF1",-0.111111111111111,FALSE,NA
"MS","PREX1",716,"NFAT5",-0.0943396226415094,FALSE,NA
"MS","PREX1",716,"NFIA",-0.0490196078431373,FALSE,NA
"MS","PREX1",716,"NHSL1",-0.104519774011299,FALSE,NA
"MS","PREX1",716,"NIPBL",-0.0774647887323944,FALSE,NA
"MS","PREX1",716,"NLK",-0.2,FALSE,NA
"MS","PREX1",716,"NPAS3",-0.110787172011662,FALSE,NA
"MS","PREX1",716,"NPL",-0.267716535433071,FALSE,NA
"MS","PREX1",716,"NR3C1",-0.0904522613065327,FALSE,NA
"MS","PREX1",716,"NR3C2",-0.0697674418604651,FALSE,NA
"MS","PREX1",716,"NSMCE2",-0.130434782608696,FALSE,NA
"MS","PREX1",716,"OSBPL1A",-0.0714285714285714,FALSE,NA
"MS","PREX1",716,"OSBPL3",-0.078125,FALSE,NA
"MS","PREX1",716,"OSBPL8",-0.0827586206896552,FALSE,NA
"MS","PREX1",716,"PABPC1",-0.0679012345679012,FALSE,NA
"MS","PREX1",716,"PAN3",-0.0808080808080808,FALSE,NA
"MS","PREX1",716,"PARP14",-0.105442176870748,FALSE,NA
"MS","PREX1",716,"PARP8",-0.0869565217391305,FALSE,NA
"MS","PREX1",716,"PBX3",-0.072202166064982,FALSE,NA
"MS","PREX1",716,"PCDH9",-0.0638297872340425,FALSE,NA
"MS","PREX1",716,"PCM1",-0.0588235294117647,FALSE,NA
"MS","PREX1",716,"PDE3B",-0.0563380281690141,FALSE,NA
"MS","PREX1",716,"PDE4B",-0.108853410740203,FALSE,NA
"MS","PREX1",716,"PDE4D",-0.0795454545454546,FALSE,NA
"MS","PREX1",716,"PDE8A",-0.0771604938271605,FALSE,NA
"MS","PREX1",716,"PDGFC",-0.104166666666667,FALSE,NA
"MS","PREX1",716,"PDS5B",-0.0571428571428572,FALSE,NA
"MS","PREX1",716,"PEAK1",-0.0775623268698061,FALSE,NA
"MS","PREX1",716,"PECAM1",-0.087378640776699,FALSE,NA
"MS","PREX1",716,"PELI1",-0.047808764940239,FALSE,NA
"MS","PREX1",716,"PELI2",-0.0689655172413793,FALSE,NA
"MS","PREX1",716,"PHC3",-0.125,FALSE,NA
"MS","PREX1",716,"PHF21A",0.1,FALSE,"(0.1,0.2]"
"MS","PREX1",716,"PHIP",-0.0588235294117647,FALSE,NA
"MS","PREX1",716,"PIAS1",-0.0697674418604651,FALSE,NA
"MS","PREX1",716,"PIK3R5",-0.3125,FALSE,NA
"MS","PREX1",716,"PLCL1",-0.118243243243243,FALSE,NA
"MS","PREX1",716,"PLSCR1",-0.0747663551401868,FALSE,NA
"MS","PREX1",716,"POU2F1",-0.0851063829787234,FALSE,NA
"MS","PREX1",716,"PPM1L",-0.0777777777777778,FALSE,NA
"MS","PREX1",716,"PPP2R5C",-0.0227272727272727,FALSE,NA
"MS","PREX1",716,"PPP3CA",-0.0666666666666667,FALSE,NA
"MS","PREX1",716,"PPP6R3",-0.0967741935483871,FALSE,NA
"MS","PREX1",716,"PRKAG2",-0.799999999999998,FALSE,NA
"MS","PREX1",716,"PRKCE",-0.103703703703704,FALSE,NA
"MS","PREX1",716,"PRKCH",-0.0714285714285715,FALSE,NA
"MS","PREX1",716,"PRKN",-0.0792079207920792,FALSE,NA
"MS","PREX1",716,"PSAP",-0.0861759425493717,FALSE,NA
"MS","PREX1",716,"PSMA1",-0.0434782608695652,FALSE,NA
"MS","PREX1",716,"PTBP3",-0.0726256983240224,FALSE,NA
"MS","PREX1",716,"PTEN",-0.0833333333333334,FALSE,NA
"MS","PREX1",716,"PTPRC",0.166666666666667,FALSE,"(0.1,0.2]"
"MS","PREX1",716,"PTPRG",-0.197802197802198,FALSE,NA
"MS","PREX1",716,"PTPRM",-0.15,FALSE,NA
"MS","PREX1",716,"PUM2",-0.0689655172413793,FALSE,NA
"MS","PREX1",716,"RAB1A",-0.0780141843971631,FALSE,NA
"MS","PREX1",716,"RABGAP1L",-0.166666666666666,FALSE,NA
"MS","PREX1",716,"RAD51B",-0.121621621621622,FALSE,NA
"MS","PREX1",716,"RASA1",-0.166666666666667,FALSE,NA
"MS","PREX1",716,"RASSF3",-0.0813008130081301,FALSE,NA
"MS","PREX1",716,"RBMS1",-0.10077519379845,FALSE,NA
"MS","PREX1",716,"RBPJ",-0.102564102564103,FALSE,NA
"MS","PREX1",716,"RERE",-1,FALSE,NA
"MS","PREX1",716,"REV3L",-0.0303030303030303,FALSE,NA
"MS","PREX1",716,"RFX3",-0.0166666666666667,FALSE,NA
"MS","PREX1",716,"RGL1",-0.139784946236559,FALSE,NA
"MS","PREX1",716,"RGS1",-0.0701754385964913,FALSE,NA
"MS","PREX1",716,"RICTOR",-0.0813397129186603,FALSE,NA
"MS","PREX1",716,"RNF13",-0.094151212553495,FALSE,NA
"MS","PREX1",716,"RNF130",-0.0740740740740741,FALSE,NA
"MS","PREX1",716,"RNF144B",-0.0592105263157894,FALSE,NA
"MS","PREX1",716,"RNF213",-0.0939226519337017,FALSE,NA
"MS","PREX1",716,"ROCK1",-0.0975609756097561,FALSE,NA
"MS","PREX1",716,"RSRC1",-0.142857142857143,FALSE,NA
"MS","PREX1",716,"RTN4",-0.42857142857143,FALSE,NA
"MS","PREX1",716,"SAMD4A",-0.264492753623188,FALSE,NA
"MS","PREX1",716,"SAT1",-0.226086956521739,FALSE,NA
"MS","PREX1",716,"SBF2",-0.0545454545454545,FALSE,NA
"MS","PREX1",716,"SCAF11",-0.125,FALSE,NA
"MS","PREX1",716,"SCAPER",-0.166666666666667,FALSE,NA
"MS","PREX1",716,"SDCBP",-0.079295154185022,FALSE,NA
"MS","PREX1",716,"SDCCAG8",-0.153846153846154,FALSE,NA
"MS","PREX1",716,"SEC14L1",-0.064935064935065,FALSE,NA
"MS","PREX1",716,"SENP6",-0.0769230769230769,FALSE,NA
"MS","PREX1",716,"SERPINE1",-0.0666666666666667,FALSE,NA
"MS","PREX1",716,"SETD2",-0.133333333333333,FALSE,NA
"MS","PREX1",716,"SGK1",-0.0742705570291777,FALSE,NA
"MS","PREX1",716,"SGK3",-0.0779220779220779,FALSE,NA
"MS","PREX1",716,"SGMS1",-0.0975609756097561,FALSE,NA
"MS","PREX1",716,"SIK3",-0.0816326530612245,FALSE,NA
"MS","PREX1",716,"SLC16A10",-0.0585365853658536,FALSE,NA
"MS","PREX1",716,"SLC25A13",-0.0897435897435897,FALSE,NA
"MS","PREX1",716,"SLC2A13",-0.0909090909090909,FALSE,NA
"MS","PREX1",716,"SLC44A1",-0.08,FALSE,NA
"MS","PREX1",716,"SLC4A7",-1.33333333333334,FALSE,NA
"MS","PREX1",716,"SMAD2",-0.0779220779220779,FALSE,NA
"MS","PREX1",716,"SMAP2",-0.215686274509803,FALSE,NA
"MS","PREX1",716,"SMCHD1",-0.0483091787439614,FALSE,NA
"MS","PREX1",716,"SMYD3",-0.117647058823529,FALSE,NA
"MS","PREX1",716,"SNCA",-0.0754716981132075,FALSE,NA
"MS","PREX1",716,"SND1",-2997595911977802,FALSE,NA
"MS","PREX1",716,"SNX13",-0.0823529411764706,FALSE,NA
"MS","PREX1",716,"SNX29",-0.108695652173913,FALSE,NA
"MS","PREX1",716,"SORT1",0.571428571428573,FALSE,"(0.5,0.6]"
"MS","PREX1",716,"SOS1",-0.0707070707070707,FALSE,NA
"MS","PREX1",716,"SPIDR",-0.0210526315789474,FALSE,NA
"MS","PREX1",716,"SPIRE1",-0.145067698259188,FALSE,NA
"MS","PREX1",716,"SPPL3",-0.0654205607476636,FALSE,NA
"MS","PREX1",716,"SRGAP1",-0.0546623794212219,FALSE,NA
"MS","PREX1",716,"SRPK2",-0.0956521739130435,FALSE,NA
"MS","PREX1",716,"SSBP2",-0.0775862068965517,FALSE,NA
"MS","PREX1",716,"ST18",-0.0596026490066225,FALSE,NA
"MS","PREX1",716,"STAG1",-0.0869565217391304,FALSE,NA
"MS","PREX1",716,"STARD13",-0.173333333333333,FALSE,NA
"MS","PREX1",716,"STK3",-0.0434782608695652,FALSE,NA
"MS","PREX1",716,"STX7",-0.0875,FALSE,NA
"MS","PREX1",716,"SUMF1",-0.0537634408602151,FALSE,NA
"MS","PREX1",716,"SUPT3H",-0.2,FALSE,NA
"MS","PREX1",716,"SUSD6",0.166666666666667,FALSE,"(0.1,0.2]"
"MS","PREX1",716,"SWAP70",-0.0666666666666667,FALSE,NA
"MS","PREX1",716,"TANC2",-0.0848375451263538,FALSE,NA
"MS","PREX1",716,"TANK",-0.0952380952380952,FALSE,NA
"MS","PREX1",716,"TBC1D12",-0.0967741935483871,FALSE,NA
"MS","PREX1",716,"TBC1D5",-0.109090909090909,FALSE,NA
"MS","PREX1",716,"TCF4",-0.750000000000007,FALSE,NA
"MS","PREX1",716,"TENT2",-0.0857142857142857,FALSE,NA
"MS","PREX1",716,"TET2",-0.0169491525423729,FALSE,NA
"MS","PREX1",716,"TFEC",-0.091566265060241,FALSE,NA
"MS","PREX1",716,"TFRC",-0.0393700787401575,FALSE,NA
"MS","PREX1",716,"THADA",0.333333333333333,FALSE,"(0.3,0.4]"
"MS","PREX1",716,"TMCC1",-0.0988372093023256,FALSE,NA
"MS","PREX1",716,"TMEM117",-0.0975609756097561,FALSE,NA
"MS","PREX1",716,"TMEM65",-0.125581395348837,FALSE,NA
"MS","PREX1",716,"TMSB4X",-0.101391650099404,FALSE,NA
"MS","PREX1",716,"TNPO1",-0.0829694323144105,FALSE,NA
"MS","PREX1",716,"TNRC6B",-0.0655737704918033,FALSE,NA
"MS","PREX1",716,"TPK1",-0.133333333333333,FALSE,NA
"MS","PREX1",716,"TPRG1",-0.323232323232324,FALSE,NA
"MS","PREX1",716,"TREM2",-0.0793650793650794,FALSE,NA
"MS","PREX1",716,"TRHDE",-0.195121951219512,FALSE,NA
"MS","PREX1",716,"TRIO",-0.096551724137931,FALSE,NA
"MS","PREX1",716,"TRIP12",-0.25,FALSE,NA
"MS","PREX1",716,"TRPS1",-0.0811320754716981,FALSE,NA
"MS","PREX1",716,"TSHR",-192153584101141,FALSE,NA
"MS","PREX1",716,"TTC17",-0.666666666666665,FALSE,NA
"MS","PREX1",716,"TTC28",-0.0754716981132076,FALSE,NA
"MS","PREX1",716,"TTC3",-0.0975609756097561,FALSE,NA
"MS","PREX1",716,"TUT7",-0.1,FALSE,NA
"MS","PREX1",716,"TXNIP",-0.0892116182572614,FALSE,NA
"MS","PREX1",716,"TYROBP",-0.0597014925373134,FALSE,NA
"MS","PREX1",716,"UBE2D3",-0.0512820512820513,FALSE,NA
"MS","PREX1",716,"UBR5",-0.0708661417322835,FALSE,NA
"MS","PREX1",716,"UGCG",-0.0864197530864197,FALSE,NA
"MS","PREX1",716,"USP15",-0.0392156862745098,FALSE,NA
"MS","PREX1",716,"USP34",-0.166666666666667,FALSE,NA
"MS","PREX1",716,"UTRN",-0.0789473684210527,FALSE,NA
"MS","PREX1",716,"UTY",-0.136585365853659,FALSE,NA
"MS","PREX1",716,"UVRAG",-0.263157894736842,FALSE,NA
"MS","PREX1",716,"VMP1",-0.0444444444444444,FALSE,NA
"MS","PREX1",716,"VOPP1",-0.130434782608696,FALSE,NA
"MS","PREX1",716,"VPS13C",-0.105527638190955,FALSE,NA
"MS","PREX1",716,"VPS8",-0.0938337801608579,FALSE,NA
"MS","PREX1",716,"WASHC4",-0.0805369127516779,FALSE,NA
"MS","PREX1",716,"WDR7",-0.166666666666667,FALSE,NA
"MS","PREX1",716,"WIPF1",-0.0555555555555556,FALSE,NA
"MS","PREX1",716,"WSB1",-0.222222222222222,FALSE,NA
"MS","PREX1",716,"XPR1",-0.0961538461538461,FALSE,NA
"MS","PREX1",716,"ZBTB16",-0.0787878787878788,FALSE,NA
"MS","PREX1",716,"ZBTB20",-0.0898550724637681,FALSE,NA
"MS","PREX1",716,"ZCCHC7",-0.090909090909091,FALSE,NA
"MS","PREX1",716,"ZEB2",-0.211267605633803,FALSE,NA
"MS","PREX1",716,"ZFAND3",-0.2,FALSE,NA
"MS","PREX1",716,"ZFP36L2",-0.104651162790697,FALSE,NA
"MS","PREX1",716,"ZMYM2",-0.0441176470588235,FALSE,NA
"MS","PREX1",716,"ZNF148",-0.0704225352112676,FALSE,NA
"MS","PREX1",716,"ZNF407",-0.114754098360656,FALSE,NA
"MS","PREX1",716,"ZNF804A",-0.116751269035533,FALSE,NA
"MS","REV3L",716,"ABCA1",-0.0117302052785924,FALSE,NA
"MS","REV3L",716,"ACAP2",-0.1,FALSE,NA
"MS","REV3L",716,"ACYP2",-0.0350877192982456,FALSE,NA
"MS","REV3L",716,"ADGRB3",-0.116666666666667,FALSE,NA
"MS","REV3L",716,"AFF1",0.0990990990990991,FALSE,"[0,0.1]"
"MS","REV3L",716,"AKAP13",0.561904761904762,FALSE,"(0.5,0.6]"
"MS","REV3L",716,"AKT3",0.135135135135135,FALSE,"(0.1,0.2]"
"MS","REV3L",716,"AL035446.2",0.0147058823529412,FALSE,"[0,0.1]"
"MS","REV3L",716,"ANKRD17",-0.999999999999997,FALSE,NA
"MS","REV3L",716,"APBA1",-0.192307692307692,FALSE,NA
"MS","REV3L",716,"APOE",0.0407569141193595,FALSE,"[0,0.1]"
"MS","REV3L",716,"ARHGAP15",0.0895196506550219,FALSE,"[0,0.1]"
"MS","REV3L",716,"ARHGAP18",0.113207547169811,FALSE,"(0.1,0.2]"
"MS","REV3L",716,"ARHGAP21",0.0730337078651685,FALSE,"[0,0.1]"
"MS","REV3L",716,"ARHGAP24",-0.0686695278969957,FALSE,NA
"MS","REV3L",716,"ARID4B",0.111111111111111,FALSE,"(0.1,0.2]"
"MS","REV3L",716,"ARIH1",0.333333333333334,FALSE,"(0.3,0.4]"
"MS","REV3L",716,"ASAH1",0.0726027397260274,FALSE,"[0,0.1]"
"MS","REV3L",716,"ASAP1",-1.24137931034482,FALSE,NA
"MS","REV3L",716,"ASTN2",-0.122641509433962,FALSE,NA
"MS","REV3L",716,"ATF6",0.428571428571429,FALSE,"(0.4,0.5]"
"MS","REV3L",716,"ATF7IP",0.0180722891566265,FALSE,"[0,0.1]"
"MS","REV3L",716,"ATG7",-0.0976863753213368,FALSE,NA
"MS","REV3L",716,"ATM",-0.0833333333333333,FALSE,NA
"MS","REV3L",716,"ATP1B3",0.446327683615819,FALSE,"(0.4,0.5]"
"MS","REV3L",716,"ATXN1",0.172413793103448,FALSE,"(0.1,0.2]"
"MS","REV3L",716,"B2M",0.0320121951219512,FALSE,"[0,0.1]"
"MS","REV3L",716,"BASP1",4.03846153846153,FALSE,NA
"MS","REV3L",716,"BAZ2B",0.0342857142857143,FALSE,"[0,0.1]"
"MS","REV3L",716,"BBX",0.0535714285714286,FALSE,"[0,0.1]"
"MS","REV3L",716,"BIRC6",-0.0181818181818182,FALSE,NA
"MS","REV3L",716,"BMP2K",-1.92,FALSE,NA
"MS","REV3L",716,"BNC2",-0.117977528089888,FALSE,NA
"MS","REV3L",716,"BTBD9",-0.500000000000002,FALSE,NA
"MS","REV3L",716,"C1QB",0.0491803278688525,FALSE,"[0,0.1]"
"MS","REV3L",716,"C20orf194",-0.0614035087719298,FALSE,NA
"MS","REV3L",716,"CADM1",-0.0229226361031519,FALSE,NA
"MS","REV3L",716,"CCDC91",0.0223880597014925,FALSE,"[0,0.1]"
"MS","REV3L",716,"CCND3",-0.0641025641025641,FALSE,NA
"MS","REV3L",716,"CCNH",0.386597938144329,FALSE,"(0.3,0.4]"
"MS","REV3L",716,"CD163",0.0628683693516699,FALSE,"[0,0.1]"
"MS","REV3L",716,"CD74",0.0580357142857143,FALSE,"[0,0.1]"
"MS","REV3L",716,"CD86",0.14,FALSE,"(0.1,0.2]"
"MS","REV3L",716,"CDK14",-0.00251889168765743,FALSE,NA
"MS","REV3L",716,"CELF1",-0.114285714285714,FALSE,NA
"MS","REV3L",716,"CEP170",-0.0666666666666667,FALSE,NA
"MS","REV3L",716,"CERT1",-0.0493506493506493,FALSE,NA
"MS","REV3L",716,"CFLAR",0.0526315789473684,FALSE,"[0,0.1]"
"MS","REV3L",716,"CHD1",0.547619047619047,FALSE,"(0.5,0.6]"
"MS","REV3L",716,"CHSY3",-4.00000000000001,FALSE,NA
"MS","REV3L",716,"CLASP1",0.0217391304347826,FALSE,"[0,0.1]"
"MS","REV3L",716,"CLASP2",0.0185185185185185,FALSE,"[0,0.1]"
"MS","REV3L",716,"CNOT2",-0.0937500000000001,FALSE,NA
"MS","REV3L",716,"CPEB4",-0.0459770114942529,FALSE,NA
"MS","REV3L",716,"CPM",-0.0454545454545454,FALSE,NA
"MS","REV3L",716,"CPQ",0.350515463917525,FALSE,"(0.3,0.4]"
"MS","REV3L",716,"CPVL",0.362637362637363,FALSE,"(0.3,0.4]"
"MS","REV3L",716,"CR1",0.0967741935483871,FALSE,"[0,0.1]"
"MS","REV3L",716,"CTNNB1",0.125,FALSE,"(0.1,0.2]"
"MS","REV3L",716,"CTSD",0.0184563758389262,FALSE,"[0,0.1]"
"MS","REV3L",716,"CYTH1",0.266666666666667,FALSE,"(0.2,0.3]"
"MS","REV3L",716,"DDX17",0.0244897959183673,FALSE,"[0,0.1]"
"MS","REV3L",716,"DDX5",4.49999999999992,FALSE,NA
"MS","REV3L",716,"DENND4C",-0.104591836734694,FALSE,NA
"MS","REV3L",716,"DIRC3",-0.0391304347826087,FALSE,NA
"MS","REV3L",716,"DLEU2",0.230769230769231,FALSE,"(0.2,0.3]"
"MS","REV3L",716,"DLG1",-0.277777777777778,FALSE,NA
"MS","REV3L",716,"DLG2",0.0601503759398496,FALSE,"[0,0.1]"
"MS","REV3L",716,"DMXL2",0.0201834862385321,FALSE,"[0,0.1]"
"MS","REV3L",716,"DOCK5",0.205882352941176,FALSE,"(0.2,0.3]"
"MS","REV3L",716,"DPYD",0.245283018867924,FALSE,"(0.2,0.3]"
"MS","REV3L",716,"DST",-0.1,FALSE,NA
"MS","REV3L",716,"DYRK1A",-0.111111111111111,FALSE,NA
"MS","REV3L",716,"EDA",-0.03,FALSE,NA
"MS","REV3L",716,"EEF1A1",0.0480480480480481,FALSE,"[0,0.1]"
"MS","REV3L",716,"ELF1",0.0810810810810811,FALSE,"[0,0.1]"
"MS","REV3L",716,"ELF2",0.565476190476191,FALSE,"(0.5,0.6]"
"MS","REV3L",716,"EPS15",0.00671140939597315,FALSE,"[0,0.1]"
"MS","REV3L",716,"EPSTI1",-0.0480769230769231,FALSE,NA
"MS","REV3L",716,"ERBIN",-0.0348258706467662,FALSE,NA
"MS","REV3L",716,"ERC1",-0.0303030303030303,FALSE,NA
"MS","REV3L",716,"EVI5",-0.166666666666666,FALSE,NA
"MS","REV3L",716,"EXOC6B",-0.3125,FALSE,NA
"MS","REV3L",716,"F13A1",0.0143540669856459,FALSE,"[0,0.1]"
"MS","REV3L",716,"FAM135A",0.032258064516129,FALSE,"[0,0.1]"
"MS","REV3L",716,"FAM135B",-0.0735294117647059,FALSE,NA
"MS","REV3L",716,"FAM13A",0.16,FALSE,"(0.1,0.2]"
"MS","REV3L",716,"FAM49A",0.760736196319018,FALSE,"(0.7,0.8]"
"MS","REV3L",716,"FARP1",-0.336206896551724,FALSE,NA
"MS","REV3L",716,"FBXL17",-0.0294117647058824,FALSE,NA
"MS","REV3L",716,"FCHO2",0.0365853658536585,FALSE,"[0,0.1]"
"MS","REV3L",716,"FER",-0.16030534351145,FALSE,NA
"MS","REV3L",716,"FMN1",-0.0224948875255624,FALSE,NA
"MS","REV3L",716,"FNDC3A",0.468503937007875,FALSE,"(0.4,0.5]"
"MS","REV3L",716,"FNIP1",-0.0137931034482759,FALSE,NA
"MS","REV3L",716,"FNIP2",-0.0932944606413994,FALSE,NA
"MS","REV3L",716,"FOXP1",0.0582010582010582,FALSE,"[0,0.1]"
"MS","REV3L",716,"FRYL",0.0119047619047619,FALSE,"[0,0.1]"
"MS","REV3L",716,"FTH1",0.221945137157107,FALSE,"(0.2,0.3]"
"MS","REV3L",716,"FTL",0.0106100795755968,FALSE,"[0,0.1]"
"MS","REV3L",716,"FTX",0.0236842105263158,FALSE,"[0,0.1]"
"MS","REV3L",716,"GAB1",-0.0272277227722772,FALSE,NA
"MS","REV3L",716,"GALNTL6",-0.0159010600706714,FALSE,NA
"MS","REV3L",716,"GK",0.36697247706422,FALSE,"(0.3,0.4]"
"MS","REV3L",716,"GLS",-0.0602409638554217,FALSE,NA
"MS","REV3L",716,"GNA13",1.43529411764707,FALSE,NA
"MS","REV3L",716,"GNB4",-0.0793650793650794,FALSE,NA
"MS","REV3L",716,"GOLGA4",1.25,FALSE,NA
"MS","REV3L",716,"GPD2",0.0227272727272727,FALSE,"[0,0.1]"
"MS","REV3L",716,"GPNMB",-0.0811287477954145,FALSE,NA
"MS","REV3L",716,"GPRIN3",0.115942028985507,FALSE,"(0.1,0.2]"
"MS","REV3L",716,"GRAMD1B",-0.0769230769230769,FALSE,NA
"MS","REV3L",716,"GRK3",-0.0408163265306123,FALSE,NA
"MS","REV3L",716,"GSAP",0.0037593984962406,FALSE,"[0,0.1]"
"MS","REV3L",716,"GSK3B",-0.0923076923076923,FALSE,NA
"MS","REV3L",716,"GTDC1",0.0227272727272727,FALSE,"[0,0.1]"
"MS","REV3L",716,"H2AFY",-0.189393939393939,FALSE,NA
"MS","REV3L",716,"HELZ",-0.0714285714285714,FALSE,NA
"MS","REV3L",716,"HERC1",-0.0263157894736842,FALSE,NA
"MS","REV3L",716,"HERC4",0.0857142857142857,FALSE,"[0,0.1]"
"MS","REV3L",716,"HIF1A",2.64444444444445,FALSE,NA
"MS","REV3L",716,"HLA-DRA",0.0541516245487365,FALSE,"[0,0.1]"
"MS","REV3L",716,"HLA-DRB1",0.0523012552301255,FALSE,"[0,0.1]"
"MS","REV3L",716,"HNRNPA2B1",0.0268456375838926,FALSE,"[0,0.1]"
"MS","REV3L",716,"HNRNPU",0.0797101449275362,FALSE,"[0,0.1]"
"MS","REV3L",716,"HSP90AA1",0.1,FALSE,"[0,0.1]"
"MS","REV3L",716,"IFI44L",-0.128266033254157,FALSE,NA
"MS","REV3L",716,"IGF1R",-0.0507246376811594,FALSE,NA
"MS","REV3L",716,"IL10RA",0.2,FALSE,"(0.1,0.2]"
"MS","REV3L",716,"IMMP2L",-0.625,FALSE,NA
"MS","REV3L",716,"IQCJ-SCHIP1",-0.0880503144654088,FALSE,NA
"MS","REV3L",716,"IQGAP2",0.0231578947368421,FALSE,"[0,0.1]"
"MS","REV3L",716,"IRS2",0.418604651162791,FALSE,"(0.4,0.5]"
"MS","REV3L",716,"ITGAX",0.0275862068965517,FALSE,"[0,0.1]"
"MS","REV3L",716,"ITM2B",-0.0390625,FALSE,NA
"MS","REV3L",716,"JAK1",0.0274390243902439,FALSE,"[0,0.1]"
"MS","REV3L",716,"JARID2",0.184782608695652,FALSE,"(0.1,0.2]"
"MS","REV3L",716,"JMJD1C",-0.0602409638554217,FALSE,NA
"MS","REV3L",716,"KCTD12",-0.190476190476191,FALSE,NA
"MS","REV3L",716,"KIF16B",0.0746268656716418,FALSE,"[0,0.1]"
"MS","REV3L",716,"KLHL6",0.0108932461873638,FALSE,"[0,0.1]"
"MS","REV3L",716,"KMT2E",0.0985915492957746,FALSE,"[0,0.1]"
"MS","REV3L",716,"KYNU",0.283737024221453,FALSE,"(0.2,0.3]"
"MS","REV3L",716,"L3MBTL4",0.0961538461538462,FALSE,"[0,0.1]"
"MS","REV3L",716,"LAPTM5",0.512820512820513,FALSE,"(0.5,0.6]"
"MS","REV3L",716,"LINC00278",0.0242424242424242,FALSE,"[0,0.1]"
"MS","REV3L",716,"LINC01091",1.63636363636363,FALSE,NA
"MS","REV3L",716,"LPP",-0.661290322580647,FALSE,NA
"MS","REV3L",716,"LRBA",-0.0731707317073171,FALSE,NA
"MS","REV3L",716,"LRCH1",-2.15384615384615,FALSE,NA
"MS","REV3L",716,"LRRC4C",-0.102564102564103,FALSE,NA
"MS","REV3L",716,"LRRK2",0.101289134438306,FALSE,"(0.1,0.2]"
"MS","REV3L",716,"LYST",-0.228187919463087,FALSE,NA
"MS","REV3L",716,"MAF",-0.0753968253968254,FALSE,NA
"MS","REV3L",716,"MAML2",-0.194805194805195,FALSE,NA
"MS","REV3L",716,"MAN1A1",0.00928074245939675,FALSE,"[0,0.1]"
"MS","REV3L",716,"MAN2A1",4.77777777777779,FALSE,NA
"MS","REV3L",716,"MANBA",0.112994350282486,FALSE,"(0.1,0.2]"
"MS","REV3L",716,"MAP3K2",0.0205479452054795,FALSE,"[0,0.1]"
"MS","REV3L",716,"MAP4K3",0.0246913580246914,FALSE,"[0,0.1]"
"MS","REV3L",716,"MAPKAP1",-0.10077519379845,FALSE,NA
"MS","REV3L",716,"MARK3",-0.666666666666671,FALSE,NA
"MS","REV3L",716,"MBNL1",-0.0579710144927537,FALSE,NA
"MS","REV3L",716,"MBNL2",0.238095238095238,FALSE,"(0.2,0.3]"
"MS","REV3L",716,"MERTK",0.315789473684211,FALSE,"(0.3,0.4]"
"MS","REV3L",716,"MGAT5",-0.265060240963855,FALSE,NA
"MS","REV3L",716,"MIR181A1HG",0.631578947368421,FALSE,"(0.6,0.7]"
"MS","REV3L",716,"MITF",-0.146835443037975,FALSE,NA
"MS","REV3L",716,"MKLN1",0.394366197183099,FALSE,"(0.3,0.4]"
"MS","REV3L",716,"MLLT10",-0.210526315789474,FALSE,NA
"MS","REV3L",716,"MS4A4A",0.0710571923743501,FALSE,"[0,0.1]"
"MS","REV3L",716,"MS4A6A",-0.00664451827242525,FALSE,NA
"MS","REV3L",716,"MSR1",0.189723320158103,FALSE,"(0.1,0.2]"
"MS","REV3L",716,"MTSS1",-1.22222222222222,FALSE,NA
"MS","REV3L",716,"MVB12B",12.9999999999998,FALSE,NA
"MS","REV3L",716,"MYO1D",-0.0456521739130435,FALSE,NA
"MS","REV3L",716,"MYO5A",-0.0549019607843137,FALSE,NA
"MS","REV3L",716,"N4BP2L2",0.0274509803921569,FALSE,"[0,0.1]"
"MS","REV3L",716,"NAALADL2",0.0321100917431193,FALSE,"[0,0.1]"
"MS","REV3L",716,"NAMPT",1.79166666666666,FALSE,NA
"MS","REV3L",716,"NBEA",-0.171428571428572,FALSE,NA
"MS","REV3L",716,"NCOA2",-0.0135135135135135,FALSE,NA
"MS","REV3L",716,"NCOA3",-0.370370370370371,FALSE,NA
"MS","REV3L",716,"NEAT1",1.08064516129032,FALSE,NA
"MS","REV3L",716,"NEK7",0.03,FALSE,"[0,0.1]"
"MS","REV3L",716,"NF1",-0.333333333333333,FALSE,NA
"MS","REV3L",716,"NFAT5",-0.0188679245283019,FALSE,NA
"MS","REV3L",716,"NFIA",0.117647058823529,FALSE,"(0.1,0.2]"
"MS","REV3L",716,"NFKB1",0.125,FALSE,"(0.1,0.2]"
"MS","REV3L",716,"NHSL1",-0.019774011299435,FALSE,NA
"MS","REV3L",716,"NIPBL",0.0246478873239437,FALSE,"[0,0.1]"
"MS","REV3L",716,"NLK",-0.599999999999999,FALSE,NA
"MS","REV3L",716,"NPAS3",-0.0728862973760933,FALSE,NA
"MS","REV3L",716,"NPL",-0.181102362204724,FALSE,NA
"MS","REV3L",716,"NR3C1",-0.0301507537688442,FALSE,NA
"MS","REV3L",716,"NR3C2",-0.0232558139534884,FALSE,NA
"MS","REV3L",716,"NSMCE2",-0.217391304347826,FALSE,NA
"MS","REV3L",716,"OSBPL1A",0.0178571428571429,FALSE,"[0,0.1]"
"MS","REV3L",716,"OSBPL3",-0.078125,FALSE,NA
"MS","REV3L",716,"OSBPL8",-0.0137931034482759,FALSE,NA
"MS","REV3L",716,"PABPC1",0.0246913580246914,FALSE,"[0,0.1]"
"MS","REV3L",716,"PAN3",-0.0101010101010101,FALSE,NA
"MS","REV3L",716,"PARP14",-0.0476190476190476,FALSE,NA
"MS","REV3L",716,"PBX3",0.0108303249097473,FALSE,"[0,0.1]"
"MS","REV3L",716,"PCDH9",0.0212765957446808,FALSE,"[0,0.1]"
"MS","REV3L",716,"PCM1",0.0735294117647059,FALSE,"[0,0.1]"
"MS","REV3L",716,"PDE3B",0.107981220657277,FALSE,"(0.1,0.2]"
"MS","REV3L",716,"PDE4B",0.0333817126269956,FALSE,"[0,0.1]"
"MS","REV3L",716,"PDE4D",0.0136363636363636,FALSE,"[0,0.1]"
"MS","REV3L",716,"PDE8A",0.225308641975309,FALSE,"(0.2,0.3]"
"MS","REV3L",716,"PDGFC",-0.0578703703703704,FALSE,NA
"MS","REV3L",716,"PDS5B",0.128571428571429,FALSE,"(0.1,0.2]"
"MS","REV3L",716,"PEAK1",0.0110803324099723,FALSE,"[0,0.1]"
"MS","REV3L",716,"PECAM1",-0.0388349514563107,FALSE,NA
"MS","REV3L",716,"PELI1",0.159362549800797,FALSE,"(0.1,0.2]"
"MS","REV3L",716,"PELI2",0.0620689655172414,FALSE,"[0,0.1]"
"MS","REV3L",716,"PHF21A",1.1,FALSE,NA
"MS","REV3L",716,"PHIP",0.0117647058823529,FALSE,"[0,0.1]"
"MS","REV3L",716,"PIAS1",0.0232558139534884,FALSE,"[0,0.1]"
"MS","REV3L",716,"PIK3R1",0.125,FALSE,"(0.1,0.2]"
"MS","REV3L",716,"PIK3R5",-0.458333333333334,FALSE,NA
"MS","REV3L",716,"PLCL1",-0.0743243243243243,FALSE,NA
"MS","REV3L",716,"PLSCR1",0.439252336448598,FALSE,"(0.4,0.5]"
"MS","REV3L",716,"PNISR",0.117647058823529,FALSE,"(0.1,0.2]"
"MS","REV3L",716,"POU2F1",-0.0212765957446809,FALSE,NA
"MS","REV3L",716,"PPM1L",-0.0111111111111111,FALSE,NA
"MS","REV3L",716,"PPP2R5C",0.272727272727273,FALSE,"(0.2,0.3]"
"MS","REV3L",716,"PPP3CA",0.00606060606060606,FALSE,"[0,0.1]"
"MS","REV3L",716,"PPP6R3",-0.0967741935483871,FALSE,NA
"MS","REV3L",716,"PRKAG2",12.6,FALSE,NA
"MS","REV3L",716,"PRKCE",-0.00925925925925926,FALSE,NA
"MS","REV3L",716,"PRKN",0.0297029702970297,FALSE,"[0,0.1]"
"MS","REV3L",716,"PSAP",0.00538599640933573,FALSE,"[0,0.1]"
"MS","REV3L",716,"PSMA1",0.130434782608696,FALSE,"(0.1,0.2]"
"MS","REV3L",716,"PTBP3",-0.0111731843575419,FALSE,NA
"MS","REV3L",716,"PTPRC",1.33333333333333,FALSE,NA
"MS","REV3L",716,"PTPRG",-0.0549450549450549,FALSE,NA
"MS","REV3L",716,"PTPRM",-0.025,FALSE,NA
"MS","REV3L",716,"PUM2",0.0344827586206897,FALSE,"[0,0.1]"
"MS","REV3L",716,"RAB1A",0.0141843971631206,FALSE,"[0,0.1]"
"MS","REV3L",716,"RABGAP1L",-0.333333333333333,FALSE,NA
"MS","REV3L",716,"RAD51B",-0.0810810810810811,FALSE,NA
"MS","REV3L",716,"RASA1",-0.3125,FALSE,NA
"MS","REV3L",716,"RASSF3",-0.024390243902439,FALSE,NA
"MS","REV3L",716,"RBMS1",-0.0232558139534884,FALSE,NA
"MS","REV3L",716,"RBPJ",-0.0256410256410256,FALSE,NA
"MS","REV3L",716,"RFX3",0.333333333333333,FALSE,"(0.3,0.4]"
"MS","REV3L",716,"RGL1",-0.0408602150537634,FALSE,NA
"MS","REV3L",716,"RGS1",0.719298245614036,FALSE,"(0.7,0.8]"
"MS","REV3L",716,"RICTOR",-0.00478468899521531,FALSE,NA
"MS","REV3L",716,"RNF13",-0.00855920114122682,FALSE,NA
"MS","REV3L",716,"RNF130",-0.0123456790123457,FALSE,NA
"MS","REV3L",716,"RNF144B",0.233552631578947,FALSE,"(0.2,0.3]"
"MS","REV3L",716,"RNF213",-0.0386740331491713,FALSE,NA
"MS","REV3L",716,"ROCK1",-0.0487804878048781,FALSE,NA
"MS","REV3L",716,"RREB1",0.105263157894737,FALSE,"(0.1,0.2]"
"MS","REV3L",716,"RTN4",-1.14285714285715,FALSE,NA
"MS","REV3L",716,"SAMD4A",-0.242753623188406,FALSE,NA
"MS","REV3L",716,"SAT1",1.19130434782609,FALSE,NA
"MS","REV3L",716,"SBF2",0.118181818181818,FALSE,"(0.1,0.2]"
"MS","REV3L",716,"SCAF11",-0.0625,FALSE,NA
"MS","REV3L",716,"SDCBP",0.0954478707782673,FALSE,"[0,0.1]"
"MS","REV3L",716,"SDCCAG8",-0.153846153846154,FALSE,NA
"MS","REV3L",716,"SEC14L1",1.20779220779221,FALSE,NA
"MS","REV3L",716,"SENP6",-0.0461538461538462,FALSE,NA
"MS","REV3L",716,"SETD2",-0.133333333333333,FALSE,NA
"MS","REV3L",716,"SGK1",0.0238726790450928,FALSE,"[0,0.1]"
"MS","REV3L",716,"SGK3",-0.00649350649350649,FALSE,NA
"MS","REV3L",716,"SGMS1",-0.024390243902439,FALSE,NA
"MS","REV3L",716,"SIK3",0.0136054421768707,FALSE,"[0,0.1]"
"MS","REV3L",716,"SLC16A10",0.4,FALSE,"(0.3,0.4]"
"MS","REV3L",716,"SLC25A13",-0.0512820512820513,FALSE,NA
"MS","REV3L",716,"SLC2A13",0.0454545454545455,FALSE,"[0,0.1]"
"MS","REV3L",716,"SMAD2",-0.0909090909090909,FALSE,NA
"MS","REV3L",716,"SMAP2",0.117647058823529,FALSE,"(0.1,0.2]"
"MS","REV3L",716,"SMCHD1",0.159420289855072,FALSE,"(0.1,0.2]"
"MS","REV3L",716,"SMYD3",-0.117647058823529,FALSE,NA
"MS","REV3L",716,"SNCA",0.0188679245283019,FALSE,"[0,0.1]"
"MS","REV3L",716,"SND1",-5764607523034235,FALSE,NA
"MS","REV3L",716,"SNX13",-0.0352941176470588,FALSE,NA
"MS","REV3L",716,"SNX29",-0.0695652173913043,FALSE,NA
"MS","REV3L",716,"SORT1",4.2857142857143,FALSE,NA
"MS","REV3L",716,"SOS1",0.0101010101010101,FALSE,"[0,0.1]"
"MS","REV3L",716,"SPIDR",0.4,FALSE,"(0.4,0.5]"
"MS","REV3L",716,"SPIRE1",-0.06963249516441,FALSE,NA
"MS","REV3L",716,"SPPL3",0.0186915887850467,FALSE,"[0,0.1]"
"MS","REV3L",716,"SRGAP1",0.202572347266881,FALSE,"(0.2,0.3]"
"MS","REV3L",716,"SRPK2",-0.0434782608695652,FALSE,NA
"MS","REV3L",716,"SSBP2",0.0172413793103448,FALSE,"[0,0.1]"
"MS","REV3L",716,"ST18",0.0662251655629139,FALSE,"[0,0.1]"
"MS","REV3L",716,"ST8SIA4",0.111111111111111,FALSE,"(0.1,0.2]"
"MS","REV3L",716,"STAG1",-0.0652173913043478,FALSE,NA
"MS","REV3L",716,"STARD13",-0.0333333333333334,FALSE,NA
"MS","REV3L",716,"STK3",-0.0434782608695652,FALSE,NA
"MS","REV3L",716,"STX7",-0.021875,FALSE,NA
"MS","REV3L",716,"SUMF1",0.032258064516129,FALSE,"[0,0.1]"
"MS","REV3L",716,"SUPT3H",-0.3,FALSE,NA
"MS","REV3L",716,"SWAP70",0.0476190476190476,FALSE,"[0,0.1]"
"MS","REV3L",716,"TANC2",-0.00902527075812275,FALSE,NA
"MS","REV3L",716,"TANK",0.0476190476190476,FALSE,"[0,0.1]"
"MS","REV3L",716,"TBC1D12",-0.112903225806452,FALSE,NA
"MS","REV3L",716,"TBC1D5",-0.0909090909090909,FALSE,NA
"MS","REV3L",716,"TCF4",16.2500000000002,FALSE,NA
"MS","REV3L",716,"TENT2",-0.0285714285714286,FALSE,NA
"MS","REV3L",716,"TET2",0.305084745762712,FALSE,"(0.3,0.4]"
"MS","REV3L",716,"TFEC",-0.0265060240963855,FALSE,NA
"MS","REV3L",716,"TFRC",0.425196850393701,FALSE,"(0.4,0.5]"
"MS","REV3L",716,"TMCC1",-0.0581395348837209,FALSE,NA
"MS","REV3L",716,"TMEM117",-0.024390243902439,FALSE,NA
"MS","REV3L",716,"TMEM65",-0.0651162790697674,FALSE,NA
"MS","REV3L",716,"TMSB4X",-0.0357852882703777,FALSE,NA
"MS","REV3L",716,"TNPO1",-0.0174672489082969,FALSE,NA
"MS","REV3L",716,"TNRC6B",0.0163934426229508,FALSE,"[0,0.1]"
"MS","REV3L",716,"TPK1",-0.133333333333333,FALSE,NA
"MS","REV3L",716,"TPRG1",-0.373737373737374,FALSE,NA
"MS","REV3L",716,"TREM2",-0.0317460317460317,FALSE,NA
"MS","REV3L",716,"TRHDE",-0.390243902439024,FALSE,NA
"MS","REV3L",716,"TRIO",-0.0482758620689655,FALSE,NA
"MS","REV3L",716,"TRPS1",0.0150943396226415,FALSE,"[0,0.1]"
"MS","REV3L",716,"TSHR",-384307168202282,FALSE,NA
"MS","REV3L",716,"TTC17",-1.33333333333333,FALSE,NA
"MS","REV3L",716,"TTC3",-0.0487804878048781,FALSE,NA
"MS","REV3L",716,"TXNIP",0.020746887966805,FALSE,"[0,0.1]"
"MS","REV3L",716,"TYROBP",0.0746268656716418,FALSE,"[0,0.1]"
"MS","REV3L",716,"UBE2D3",0.0512820512820513,FALSE,"[0,0.1]"
"MS","REV3L",716,"UBE2W",0.0769230769230769,FALSE,"[0,0.1]"
"MS","REV3L",716,"UBR5",0.015748031496063,FALSE,"[0,0.1]"
"MS","REV3L",716,"UGCG",-0.0123456790123457,FALSE,NA
"MS","REV3L",716,"USP15",0.196078431372549,FALSE,"(0.1,0.2]"
"MS","REV3L",716,"UTRN",0.0146198830409357,FALSE,"[0,0.1]"
"MS","REV3L",716,"UTY",0.209756097560976,FALSE,"(0.2,0.3]"
"MS","REV3L",716,"UVRAG",-0.710526315789473,FALSE,NA
"MS","REV3L",716,"VMP1",0.207407407407407,FALSE,"(0.2,0.3]"
"MS","REV3L",716,"VOPP1",-0.0869565217391304,FALSE,NA
"MS","REV3L",716,"VPS13C",-0.0251256281407035,FALSE,NA
"MS","REV3L",716,"VPS8",-0.0375335120643432,FALSE,NA
"MS","REV3L",716,"WDFY3",0.0555555555555556,FALSE,"[0,0.1]"
"MS","REV3L",716,"WDR7",-0.333333333333333,FALSE,NA
"MS","REV3L",716,"WIPF1",0.0555555555555556,FALSE,"[0,0.1]"
"MS","REV3L",716,"WSB1",-0.333333333333333,FALSE,NA
"MS","REV3L",716,"XPR1",-0.134615384615385,FALSE,NA
"MS","REV3L",716,"ZBTB16",0.145454545454546,FALSE,"(0.1,0.2]"
"MS","REV3L",716,"ZBTB20",0.00289855072463768,FALSE,"[0,0.1]"
"MS","REV3L",716,"ZCCHC7",-0.318181818181818,FALSE,NA
"MS","REV3L",716,"ZEB2",-0.394366197183099,FALSE,NA
"MS","REV3L",716,"ZFAND3",-0.2,FALSE,NA
"MS","REV3L",716,"ZFP36L2",0.488372093023255,FALSE,"(0.4,0.5]"
"MS","REV3L",716,"ZMYM2",0.0735294117647059,FALSE,"[0,0.1]"
"MS","REV3L",716,"ZNF148",-0.0563380281690141,FALSE,NA
"MS","REV3L",716,"ZNF292",0.105263157894737,FALSE,"(0.1,0.2]"
"MS","REV3L",716,"ZNF407",-0.163934426229508,FALSE,NA
"MS","REV3L",716,"ZNF644",0.0555555555555556,FALSE,"[0,0.1]"
"MS","REV3L",716,"ZNF804A",-0.0634517766497462,FALSE,NA
"MS","ADAM28",768,"AAK1",-1.72727272727273,FALSE,NA
"MS","ADAM28",768,"ABCA1",-0.237536656891496,FALSE,NA
"MS","ADAM28",768,"ACAP2",-0.477777777777778,FALSE,NA
"MS","ADAM28",768,"ACTB",0.0303030303030303,FALSE,"[0,0.1]"
"MS","ADAM28",768,"ACYP2",-0.280701754385965,FALSE,NA
"MS","ADAM28",768,"ADGRB3",1.575,FALSE,NA
"MS","ADAM28",768,"AFF1",0.315315315315315,FALSE,"(0.3,0.4]"
"MS","ADAM28",768,"AKAP13",0.647619047619047,FALSE,"(0.6,0.7]"
"MS","ADAM28",768,"AKT3",0.790540540540541,FALSE,"(0.7,0.8]"
"MS","ADAM28",768,"AL035446.2",-2.05882352941176,FALSE,NA
"MS","ADAM28",768,"ANK2",-0.1,FALSE,NA
"MS","ADAM28",768,"ANKRD12",-0.135416666666667,FALSE,NA
"MS","ADAM28",768,"ANKRD17",-2.49999999999999,FALSE,NA
"MS","ADAM28",768,"APBA1",-0.153846153846154,FALSE,NA
"MS","ADAM28",768,"APOE",-0.0131004366812227,FALSE,NA
"MS","ADAM28",768,"ARHGAP15",0.294759825327511,FALSE,"(0.2,0.3]"
"MS","ADAM28",768,"ARHGAP18",-0.0566037735849056,FALSE,NA
"MS","ADAM28",768,"ARHGAP21",0.415730337078652,FALSE,"(0.4,0.5]"
"MS","ADAM28",768,"ARHGAP24",0.278969957081545,FALSE,"(0.2,0.3]"
"MS","ADAM28",768,"ARID1B",-0.0833333333333333,FALSE,NA
"MS","ADAM28",768,"ARID4B",0.333333333333333,FALSE,"(0.3,0.4]"
"MS","ADAM28",768,"ARIH1",0.333333333333334,FALSE,"(0.3,0.4]"
"MS","ADAM28",768,"ARL15",0.0142857142857143,FALSE,"[0,0.1]"
"MS","ADAM28",768,"ASAH1",-0.0424657534246575,FALSE,NA
"MS","ADAM28",768,"ASAP1",-8.65517241379308,FALSE,NA
"MS","ADAM28",768,"ASTN2",-0.787735849056604,FALSE,NA
"MS","ADAM28",768,"ATF6",1,FALSE,NA
"MS","ADAM28",768,"ATF7IP",0.307228915662651,FALSE,"(0.3,0.4]"
"MS","ADAM28",768,"ATG7",-0.676092544987147,FALSE,NA
"MS","ADAM28",768,"ATM",0.777777777777778,FALSE,"(0.7,0.8]"
"MS","ADAM28",768,"ATP1B3",0.463276836158192,FALSE,"(0.4,0.5]"
"MS","ADAM28",768,"ATXN1",-0.241379310344828,FALSE,NA
"MS","ADAM28",768,"B2M",0.0228658536585366,FALSE,"[0,0.1]"
"MS","ADAM28",768,"BASP1",4.65384615384615,FALSE,NA
"MS","ADAM28",768,"BAZ2B",0.228571428571429,FALSE,"(0.2,0.3]"
"MS","ADAM28",768,"BBS9",-0.333333333333333,FALSE,NA
"MS","ADAM28",768,"BBX",0.178571428571429,FALSE,"(0.1,0.2]"
"MS","ADAM28",768,"BCAS3",0.2,FALSE,"(0.1,0.2]"
"MS","ADAM28",768,"BIRC6",-0.109090909090909,FALSE,NA
"MS","ADAM28",768,"BMP2K",-0.12,FALSE,NA
"MS","ADAM28",768,"BNC2",-0.303370786516854,FALSE,NA
"MS","ADAM28",768,"BRWD1",0.222222222222222,FALSE,"(0.2,0.3]"
"MS","ADAM28",768,"BTBD9",-3.00000000000001,FALSE,NA
"MS","ADAM28",768,"C1QA",-0.0147058823529412,FALSE,NA
"MS","ADAM28",768,"C1QB",0.0163934426229508,FALSE,"[0,0.1]"
"MS","ADAM28",768,"C20orf194",-0.564327485380117,FALSE,NA
"MS","ADAM28",768,"CADM1",-0.0143266475644699,FALSE,NA
"MS","ADAM28",768,"CCDC91",0.149253731343284,FALSE,"(0.1,0.2]"
"MS","ADAM28",768,"CCND3",0.692307692307693,FALSE,"(0.6,0.7]"
"MS","ADAM28",768,"CCNH",0.494845360824742,FALSE,"(0.4,0.5]"
"MS","ADAM28",768,"CD163",-0.0707269155206287,FALSE,NA
"MS","ADAM28",768,"CD74",0.303571428571429,FALSE,"(0.3,0.4]"
"MS","ADAM28",768,"CD86",0.9,FALSE,"(0.9,1]"
"MS","ADAM28",768,"CDK14",-0.297229219143577,FALSE,NA
"MS","ADAM28",768,"CELF1",-0.514285714285714,FALSE,NA
"MS","ADAM28",768,"CEP170",-0.233333333333333,FALSE,NA
"MS","ADAM28",768,"CERT1",-0.397402597402597,FALSE,NA
"MS","ADAM28",768,"CHD1",0.88095238095238,FALSE,"(0.8,0.9]"
"MS","ADAM28",768,"CHSY3",-7.66666666666669,FALSE,NA
"MS","ADAM28",768,"CLASP1",-0.0652173913043478,FALSE,NA
"MS","ADAM28",768,"CLASP2",0.0777777777777778,FALSE,"[0,0.1]"
"MS","ADAM28",768,"CNOT2",0.28125,FALSE,"(0.2,0.3]"
"MS","ADAM28",768,"COP1",0.0294117647058824,FALSE,"[0,0.1]"
"MS","ADAM28",768,"CPEB4",-0.505747126436782,FALSE,NA
"MS","ADAM28",768,"CPM",-0.195454545454545,FALSE,NA
"MS","ADAM28",768,"CPQ",0.309278350515464,FALSE,"(0.3,0.4]"
"MS","ADAM28",768,"CPVL",0.208791208791209,FALSE,"(0.2,0.3]"
"MS","ADAM28",768,"CR1",-0.13782991202346,FALSE,NA
"MS","ADAM28",768,"CTNNB1",0.125,FALSE,"(0.1,0.2]"
"MS","ADAM28",768,"CTSD",-0.213087248322148,FALSE,NA
"MS","ADAM28",768,"CYTH1",-0.6,FALSE,NA
"MS","ADAM28",768,"DDX17",0.363265306122449,FALSE,"(0.3,0.4]"
"MS","ADAM28",768,"DDX5",7.49999999999986,FALSE,NA
"MS","ADAM28",768,"DENND1A",-0.121621621621622,FALSE,NA
"MS","ADAM28",768,"DENND4C",-0.64030612244898,FALSE,NA
"MS","ADAM28",768,"DIRC3",-0.295652173913044,FALSE,NA
"MS","ADAM28",768,"DLEU2",0.307692307692308,FALSE,"(0.3,0.4]"
"MS","ADAM28",768,"DLG1",-0.444444444444444,FALSE,NA
"MS","ADAM28",768,"DLG2",0.195488721804511,FALSE,"(0.1,0.2]"
"MS","ADAM28",768,"DMXL2",-0.288073394495413,FALSE,NA
"MS","ADAM28",768,"DOCK5",0.485294117647059,FALSE,"(0.4,0.5]"
"MS","ADAM28",768,"DPYD",-0.981132075471697,FALSE,NA
"MS","ADAM28",768,"DST",0.0130434782608696,FALSE,"[0,0.1]"
"MS","ADAM28",768,"DYRK1A",-0.0555555555555555,FALSE,NA
"MS","ADAM28",768,"EDA",-0.21,FALSE,NA
"MS","ADAM28",768,"EEF1A1",0.121621621621622,FALSE,"(0.1,0.2]"
"MS","ADAM28",768,"ELF1",0.108108108108108,FALSE,"(0.1,0.2]"
"MS","ADAM28",768,"ELF2",0.696428571428572,FALSE,"(0.6,0.7]"
"MS","ADAM28",768,"EPS15",-0.0671140939597315,FALSE,NA
"MS","ADAM28",768,"EPSTI1",-0.416666666666667,FALSE,NA
"MS","ADAM28",768,"ERBIN",-0.144278606965174,FALSE,NA
"MS","ADAM28",768,"ERC1",-0.303030303030303,FALSE,NA
"MS","ADAM28",768,"EVI5",-0.0833333333333332,FALSE,NA
"MS","ADAM28",768,"EXOC6B",-0.812499999999999,FALSE,NA
"MS","ADAM28",768,"F13A1",-0.148325358851675,FALSE,NA
"MS","ADAM28",768,"FAM135A",0.290322580645161,FALSE,"(0.2,0.3]"
"MS","ADAM28",768,"FAM135B",-0.404411764705882,FALSE,NA
"MS","ADAM28",768,"FAM13A",0.416,FALSE,"(0.4,0.5]"
"MS","ADAM28",768,"FAM49A",1,FALSE,"(0.9,1]"
"MS","ADAM28",768,"FARP1",-1.63793103448276,FALSE,NA
"MS","ADAM28",768,"FBXL17",-0.0588235294117647,FALSE,NA
"MS","ADAM28",768,"FBXO11",0.142857142857143,FALSE,"(0.1,0.2]"
"MS","ADAM28",768,"FCHO2",-0.02710027100271,FALSE,NA
"MS","ADAM28",768,"FER",-0.0305343511450382,FALSE,NA
"MS","ADAM28",768,"FHIT",-0.5,FALSE,NA
"MS","ADAM28",768,"FMN1",-0.54601226993865,FALSE,NA
"MS","ADAM28",768,"FNDC3A",0.673228346456694,FALSE,"(0.6,0.7]"
"MS","ADAM28",768,"FNIP1",-0.244827586206897,FALSE,NA
"MS","ADAM28",768,"FNIP2",-0.854227405247813,FALSE,NA
"MS","ADAM28",768,"FOXO3",0.204255319148936,FALSE,"(0.2,0.3]"
"MS","ADAM28",768,"FOXP1",0.261904761904762,FALSE,"(0.2,0.3]"
"MS","ADAM28",768,"FRYL",0.0833333333333333,FALSE,"[0,0.1]"
"MS","ADAM28",768,"FTH1",0.0922693266832918,FALSE,"[0,0.1]"
"MS","ADAM28",768,"FTL",-0.257294429708223,FALSE,NA
"MS","ADAM28",768,"FTX",0.0184210526315789,FALSE,"[0,0.1]"
"MS","ADAM28",768,"GAB1",0.212871287128713,FALSE,"(0.2,0.3]"
"MS","ADAM28",768,"GALNTL6",-0.242049469964664,FALSE,NA
"MS","ADAM28",768,"GK",0.0137614678899082,FALSE,"[0,0.1]"
"MS","ADAM28",768,"GLS",0.337349397590361,FALSE,"(0.3,0.4]"
"MS","ADAM28",768,"GNA13",1.16470588235295,FALSE,NA
"MS","ADAM28",768,"GNB4",-0.26984126984127,FALSE,NA
"MS","ADAM28",768,"GOLGA4",-2.875,FALSE,NA
"MS","ADAM28",768,"GPD2",-0.166666666666667,FALSE,NA
"MS","ADAM28",768,"GPNMB",-0.671957671957672,FALSE,NA
"MS","ADAM28",768,"GPRIN3",0.246376811594203,FALSE,"(0.2,0.3]"
"MS","ADAM28",768,"GRAMD1B",-0.288461538461538,FALSE,NA
"MS","ADAM28",768,"GRK3",0.163265306122449,FALSE,"(0.1,0.2]"
"MS","ADAM28",768,"GSAP",0.139097744360902,FALSE,"(0.1,0.2]"
"MS","ADAM28",768,"GSK3B",-0.230769230769231,FALSE,NA
"MS","ADAM28",768,"H2AFY",-0.765151515151514,FALSE,NA
"MS","ADAM28",768,"HELZ",-0.339285714285714,FALSE,NA
"MS","ADAM28",768,"HERC1",-0.0921052631578948,FALSE,NA
"MS","ADAM28",768,"HERC4",-0.0285714285714286,FALSE,NA
"MS","ADAM28",768,"HIF1A",2.55555555555556,FALSE,NA
"MS","ADAM28",768,"HLA-DRA",0.216606498194946,FALSE,"(0.2,0.3]"
"MS","ADAM28",768,"HLA-DRB1",0.194560669456067,FALSE,"(0.1,0.2]"
"MS","ADAM28",768,"HNRNPA2B1",0.0604026845637584,FALSE,"[0,0.1]"
"MS","ADAM28",768,"HNRNPU",0.130434782608696,FALSE,"(0.1,0.2]"
"MS","ADAM28",768,"HSP90AA1",-0.242857142857143,FALSE,NA
"MS","ADAM28",768,"IFI44L",-0.605700712589073,FALSE,NA
"MS","ADAM28",768,"IGF1R",-0.304347826086957,FALSE,NA
"MS","ADAM28",768,"IL10RA",0.290322580645161,FALSE,"(0.2,0.3]"
"MS","ADAM28",768,"IMMP2L",1.625,FALSE,NA
"MS","ADAM28",768,"IQCJ-SCHIP1",-0.773584905660377,FALSE,NA
"MS","ADAM28",768,"IQGAP2",-0.104210526315789,FALSE,NA
"MS","ADAM28",768,"IRS2",0.772093023255814,FALSE,"(0.7,0.8]"
"MS","ADAM28",768,"ITGAX",-0.482758620689655,FALSE,NA
"MS","ADAM28",768,"ITM2B",0.621093750000001,FALSE,"(0.6,0.7]"
"MS","ADAM28",768,"ITSN2",-0.125,FALSE,NA
"MS","ADAM28",768,"JAK1",0.11280487804878,FALSE,"(0.1,0.2]"
"MS","ADAM28",768,"JARID2",0.0760869565217391,FALSE,"[0,0.1]"
"MS","ADAM28",768,"JMJD1C",-0.144578313253012,FALSE,NA
"MS","ADAM28",768,"KAT6A",-0.166666666666667,FALSE,NA
"MS","ADAM28",768,"KCTD12",0.352380952380953,FALSE,"(0.3,0.4]"
"MS","ADAM28",768,"KDM6A",-0.3,FALSE,NA
"MS","ADAM28",768,"KIF16B",-0.00746268656716418,FALSE,NA
"MS","ADAM28",768,"KLHL6",-0.270152505446623,FALSE,NA
"MS","ADAM28",768,"KMT2E",0.183098591549296,FALSE,"(0.1,0.2]"
"MS","ADAM28",768,"KYNU",0.290657439446367,FALSE,"(0.2,0.3]"
"MS","ADAM28",768,"L3MBTL4",0.509615384615385,FALSE,"(0.5,0.6]"
"MS","ADAM28",768,"LAPTM5",0.735042735042735,FALSE,"(0.7,0.8]"
"MS","ADAM28",768,"LCORL",-0.5,FALSE,NA
"MS","ADAM28",768,"LINC00278",0.335353535353535,FALSE,"(0.3,0.4]"
"MS","ADAM28",768,"LINC01091",-0.545454545454545,FALSE,NA
"MS","ADAM28",768,"LPP",-2.17741935483871,FALSE,NA
"MS","ADAM28",768,"LRBA",0.365853658536586,FALSE,"(0.3,0.4]"
"MS","ADAM28",768,"LRCH1",-6.15384615384616,FALSE,NA
"MS","ADAM28",768,"LRRC4C",0.572649572649573,FALSE,"(0.5,0.6]"
"MS","ADAM28",768,"LRRK2",0.302025782688766,FALSE,"(0.3,0.4]"
"MS","ADAM28",768,"LYST",-0.523489932885906,FALSE,NA
"MS","ADAM28",768,"MAF",-0.00793650793650794,FALSE,NA
"MS","ADAM28",768,"MAML2",-1.00649350649351,FALSE,NA
"MS","ADAM28",768,"MAN1A1",-0.0765661252900232,FALSE,NA
"MS","ADAM28",768,"MAN2A1",10.3703703703704,FALSE,NA
"MS","ADAM28",768,"MANBA",0.200564971751412,FALSE,"(0.2,0.3]"
"MS","ADAM28",768,"MAP3K2",-0.0753424657534246,FALSE,NA
"MS","ADAM28",768,"MAP4K3",0.0617283950617284,FALSE,"[0,0.1]"
"MS","ADAM28",768,"MAPKAP1",-0.503875968992248,FALSE,NA
"MS","ADAM28",768,"MARK3",-5.33333333333337,FALSE,NA
"MS","ADAM28",768,"MBNL1",0.442028985507247,FALSE,"(0.4,0.5]"
"MS","ADAM28",768,"MBNL2",0.238095238095238,FALSE,"(0.2,0.3]"
"MS","ADAM28",768,"MERTK",-0.68421052631579,FALSE,NA
"MS","ADAM28",768,"MGAT5",-1.87951807228916,FALSE,NA
"MS","ADAM28",768,"MIR181A1HG",0.991228070175439,FALSE,"(0.9,1]"
"MS","ADAM28",768,"MITF",-0.594936708860759,FALSE,NA
"MS","ADAM28",768,"MKLN1",0.690140845070423,FALSE,"(0.6,0.7]"
"MS","ADAM28",768,"MLLT10",-0.473684210526316,FALSE,NA
"MS","ADAM28",768,"MS4A4A",-0.0935875216637781,FALSE,NA
"MS","ADAM28",768,"MS4A6A",-0.269102990033223,FALSE,NA
"MS","ADAM28",768,"MSR1",0.0869565217391304,FALSE,"[0,0.1]"
"MS","ADAM28",768,"MTSS1",-7.55555555555555,FALSE,NA
"MS","ADAM28",768,"MVB12B",109.999999999999,FALSE,NA
"MS","ADAM28",768,"MYO1D",-0.482608695652174,FALSE,NA
"MS","ADAM28",768,"MYO5A",-0.309803921568627,FALSE,NA
"MS","ADAM28",768,"N4BP2L2",-0.0274509803921569,FALSE,NA
"MS","ADAM28",768,"NAALADL2",0.197247706422018,FALSE,"(0.1,0.2]"
"MS","ADAM28",768,"NAMPT",1.34722222222222,FALSE,NA
"MS","ADAM28",768,"NBEA",0.371428571428572,FALSE,"(0.3,0.4]"
"MS","ADAM28",768,"NCOA2",0.121621621621622,FALSE,"(0.1,0.2]"
"MS","ADAM28",768,"NCOA3",0.62962962962963,FALSE,"(0.6,0.7]"
"MS","ADAM28",768,"NEAT1",-1.38709677419355,FALSE,NA
"MS","ADAM28",768,"NEDD4L",0.5,FALSE,"(0.4,0.5]"
"MS","ADAM28",768,"NEK7",0.253333333333333,FALSE,"(0.2,0.3]"
"MS","ADAM28",768,"NF1",0.111111111111111,FALSE,"(0.1,0.2]"
"MS","ADAM28",768,"NFAT5",-0.207547169811321,FALSE,NA
"MS","ADAM28",768,"NFIA",0.42156862745098,FALSE,"(0.4,0.5]"
"MS","ADAM28",768,"NFKB1",-0.1875,FALSE,NA
"MS","ADAM28",768,"NHSL1",-0.0127118644067797,FALSE,NA
"MS","ADAM28",768,"NIPBL",0.0950704225352113,FALSE,"[0,0.1]"
"MS","ADAM28",768,"NLK",-1.46666666666666,FALSE,NA
"MS","ADAM28",768,"NPAS3",0.0408163265306122,FALSE,"[0,0.1]"
"MS","ADAM28",768,"NPL",-1.82677165354331,FALSE,NA
"MS","ADAM28",768,"NR3C1",-0.21608040201005,FALSE,NA
"MS","ADAM28",768,"NSMCE2",-0.956521739130436,FALSE,NA
"MS","ADAM28",768,"OSBPL1A",-0.0178571428571429,FALSE,NA
"MS","ADAM28",768,"OSBPL3",0.171875,FALSE,"(0.1,0.2]"
"MS","ADAM28",768,"OSBPL8",-0.0482758620689655,FALSE,NA
"MS","ADAM28",768,"PABPC1",0.104938271604938,FALSE,"(0.1,0.2]"
"MS","ADAM28",768,"PACS1",-0.111111111111111,FALSE,NA
"MS","ADAM28",768,"PAN3",0.222222222222222,FALSE,"(0.2,0.3]"
"MS","ADAM28",768,"PARP14",-0.421768707482993,FALSE,NA
"MS","ADAM28",768,"PARP8",0.228260869565217,FALSE,"(0.2,0.3]"
"MS","ADAM28",768,"PBX3",0.036101083032491,FALSE,"[0,0.1]"
"MS","ADAM28",768,"PCM1",0.117647058823529,FALSE,"(0.1,0.2]"
"MS","ADAM28",768,"PDE3B",0.0563380281690141,FALSE,"[0,0.1]"
"MS","ADAM28",768,"PDE4B",-0.28011611030479,FALSE,NA
"MS","ADAM28",768,"PDE4D",-0.0818181818181818,FALSE,NA
"MS","ADAM28",768,"PDE8A",-0.0216049382716049,FALSE,NA
"MS","ADAM28",768,"PDGFC",-0.087962962962963,FALSE,NA
"MS","ADAM28",768,"PDS5B",0.542857142857143,FALSE,"(0.5,0.6]"
"MS","ADAM28",768,"PEAK1",-0.0886426592797784,FALSE,NA
"MS","ADAM28",768,"PECAM1",-0.233009708737864,FALSE,NA
"MS","ADAM28",768,"PELI1",0.358565737051793,FALSE,"(0.3,0.4]"
"MS","ADAM28",768,"PELI2",0.468965517241379,FALSE,"(0.4,0.5]"
"MS","ADAM28",768,"PHC3",0.25,FALSE,"(0.2,0.3]"
"MS","ADAM28",768,"PHF21A",1.15,FALSE,NA
"MS","ADAM28",768,"PHIP",0.0705882352941176,FALSE,"[0,0.1]"
"MS","ADAM28",768,"PIAS1",0.162790697674419,FALSE,"(0.1,0.2]"
"MS","ADAM28",768,"PIK3R5",-2.83333333333334,FALSE,NA
"MS","ADAM28",768,"PLCL1",0.141891891891892,FALSE,"(0.1,0.2]"
"MS","ADAM28",768,"PLSCR1",0.242990654205607,FALSE,"(0.2,0.3]"
"MS","ADAM28",768,"PNISR",0.176470588235294,FALSE,"(0.1,0.2]"
"MS","ADAM28",768,"POU2F1",0.0851063829787234,FALSE,"[0,0.1]"
"MS","ADAM28",768,"PPM1L",-0.255555555555556,FALSE,NA
"MS","ADAM28",768,"PPP2R5C",0.443181818181818,FALSE,"(0.4,0.5]"
"MS","ADAM28",768,"PPP3CA",0.193939393939394,FALSE,"(0.1,0.2]"
"MS","ADAM28",768,"PPP6R3",-0.354838709677419,FALSE,NA
"MS","ADAM28",768,"PRKAG2",11.5,FALSE,NA
"MS","ADAM28",768,"PRKCE",-0.309259259259259,FALSE,NA
"MS","ADAM28",768,"PRKCH",2.64285714285715,FALSE,NA
"MS","ADAM28",768,"PRKN",0.732673267326732,FALSE,"(0.7,0.8]"
"MS","ADAM28",768,"PSAP",-0.152603231597846,FALSE,NA
"MS","ADAM28",768,"PSMA1",0.0869565217391304,FALSE,"[0,0.1]"
"MS","ADAM28",768,"PTBP3",0.0446927374301676,FALSE,"[0,0.1]"
"MS","ADAM28",768,"PTEN",0.666666666666667,FALSE,"(0.6,0.7]"
"MS","ADAM28",768,"PTPRC",7.16666666666667,FALSE,NA
"MS","ADAM28",768,"PTPRG",-1.20879120879121,FALSE,NA
"MS","ADAM28",768,"PTPRM",-1.3125,FALSE,NA
"MS","ADAM28",768,"PUM2",0.275862068965517,FALSE,"(0.2,0.3]"
"MS","ADAM28",768,"RAB1A",-0.205673758865248,FALSE,NA
"MS","ADAM28",768,"RABGAP1L",0.0833333333333332,FALSE,"[0,0.1]"
"MS","ADAM28",768,"RAD51B",-0.432432432432432,FALSE,NA
"MS","ADAM28",768,"RASA1",0.208333333333334,FALSE,"(0.2,0.3]"
"MS","ADAM28",768,"RASSF3",-0.24390243902439,FALSE,NA
"MS","ADAM28",768,"RBMS1",-0.581395348837209,FALSE,NA
"MS","ADAM28",768,"RBPJ",-0.358974358974359,FALSE,NA
"MS","ADAM28",768,"RERE",1,FALSE,"(0.9,1]"
"MS","ADAM28",768,"REV3L",0.444444444444444,FALSE,"(0.4,0.5]"
"MS","ADAM28",768,"RFX3",1.06666666666667,FALSE,NA
"MS","ADAM28",768,"RGL1",-0.501075268817204,FALSE,NA
"MS","ADAM28",768,"RGS1",3.15789473684211,FALSE,NA
"MS","ADAM28",768,"RICTOR",0.0909090909090909,FALSE,"[0,0.1]"
"MS","ADAM28",768,"RNF13",-0.109843081312411,FALSE,NA
"MS","ADAM28",768,"RNF130",-0.234567901234568,FALSE,NA
"MS","ADAM28",768,"RNF144B",0.233552631578947,FALSE,"(0.2,0.3]"
"MS","ADAM28",768,"RNF213",-0.364640883977901,FALSE,NA
"MS","ADAM28",768,"ROCK1",-0.170731707317073,FALSE,NA
"MS","ADAM28",768,"RREB1",0.105263157894737,FALSE,"(0.1,0.2]"
"MS","ADAM28",768,"RSRC1",0.571428571428572,FALSE,"(0.5,0.6]"
"MS","ADAM28",768,"RTN4",-1.42857142857143,FALSE,NA
"MS","ADAM28",768,"SAMD4A",-1.13405797101449,FALSE,NA
"MS","ADAM28",768,"SAT1",0.391304347826087,FALSE,"(0.3,0.4]"
"MS","ADAM28",768,"SBF2",0.00909090909090909,FALSE,"[0,0.1]"
"MS","ADAM28",768,"SCAF11",-0.25,FALSE,NA
"MS","ADAM28",768,"SCAPER",-0.333333333333333,FALSE,NA
"MS","ADAM28",768,"SDCBP",-0.0381791483113069,FALSE,NA
"MS","ADAM28",768,"SDCCAG8",-0.923076923076924,FALSE,NA
"MS","ADAM28",768,"SEC14L1",0.974025974025974,FALSE,"(0.9,1]"
"MS","ADAM28",768,"SENP6",0.0923076923076923,FALSE,"[0,0.1]"
"MS","ADAM28",768,"SERPINE1",-0.2,FALSE,NA
"MS","ADAM28",768,"SETD2",-0.4,FALSE,NA
"MS","ADAM28",768,"SGK1",-0.0424403183023873,FALSE,NA
"MS","ADAM28",768,"SGK3",-0.0844155844155844,FALSE,NA
"MS","ADAM28",768,"SGMS1",-0.146341463414634,FALSE,NA
"MS","ADAM28",768,"SIK3",-0.0952380952380952,FALSE,NA
"MS","ADAM28",768,"SLC16A10",0.307317073170731,FALSE,"(0.3,0.4]"
"MS","ADAM28",768,"SLC25A13",-0.32051282051282,FALSE,NA
"MS","ADAM28",768,"SLC2A13",0.181818181818182,FALSE,"(0.1,0.2]"
"MS","ADAM28",768,"SLC44A1",0.08,FALSE,"[0,0.1]"
"MS","ADAM28",768,"SLC4A7",12.4,FALSE,NA
"MS","ADAM28",768,"SMAD2",-0.142857142857143,FALSE,NA
"MS","ADAM28",768,"SMAP2",2.80392156862744,FALSE,NA
"MS","ADAM28",768,"SMARCA2",1.5,FALSE,NA
"MS","ADAM28",768,"SMCHD1",0.251207729468599,FALSE,"(0.2,0.3]"
"MS","ADAM28",768,"SMYD3",-0.294117647058823,FALSE,NA
"MS","ADAM28",768,"SNCA",-0.0849056603773585,FALSE,NA
"MS","ADAM28",768,"SND1",-32051217828070348,FALSE,NA
"MS","ADAM28",768,"SNX13",0.152941176470588,FALSE,"(0.1,0.2]"
"MS","ADAM28",768,"SNX29",-0.482608695652174,FALSE,NA
"MS","ADAM28",768,"SORT1",5.00000000000002,FALSE,NA
"MS","ADAM28",768,"SOS1",-0.101010101010101,FALSE,NA
"MS","ADAM28",768,"SPIDR",0.378947368421053,FALSE,"(0.3,0.4]"
"MS","ADAM28",768,"SPIRE1",-0.481624758220503,FALSE,NA
"MS","ADAM28",768,"SPPL3",-0.0654205607476636,FALSE,NA
"MS","ADAM28",768,"SRGAP1",0.295819935691318,FALSE,"(0.2,0.3]"
"MS","ADAM28",768,"SRPK2",-0.339130434782609,FALSE,NA
"MS","ADAM28",768,"SSBP2",0.456896551724138,FALSE,"(0.4,0.5]"
"MS","ADAM28",768,"ST18",0.172185430463576,FALSE,"(0.1,0.2]"
"MS","ADAM28",768,"ST8SIA4",0.111111111111111,FALSE,"(0.1,0.2]"
"MS","ADAM28",768,"STAG1",-0.0869565217391304,FALSE,NA
"MS","ADAM28",768,"STARD13",-0.673333333333334,FALSE,NA
"MS","ADAM28",768,"STK3",-0.434782608695652,FALSE,NA
"MS","ADAM28",768,"STX7",-0.14375,FALSE,NA
"MS","ADAM28",768,"SUMF1",0.10752688172043,FALSE,"(0.1,0.2]"
"MS","ADAM28",768,"SUPT3H",0.25,FALSE,"(0.2,0.3]"
"MS","ADAM28",768,"SUSD6",0.333333333333333,FALSE,"(0.3,0.4]"
"MS","ADAM28",768,"SWAP70",-0.0571428571428571,FALSE,NA
"MS","ADAM28",768,"TANC2",-0.128158844765343,FALSE,NA
"MS","ADAM28",768,"TAOK3",-0.25,FALSE,NA
"MS","ADAM28",768,"TBC1D12",-0.32258064516129,FALSE,NA
"MS","ADAM28",768,"TBC1D5",-0.272727272727273,FALSE,NA
"MS","ADAM28",768,"TCF4",26.7500000000003,FALSE,NA
"MS","ADAM28",768,"TENT2",-0.123809523809524,FALSE,NA
"MS","ADAM28",768,"TET2",0.779661016949152,FALSE,"(0.7,0.8]"
"MS","ADAM28",768,"TFEC",-0.0819277108433735,FALSE,NA
"MS","ADAM28",768,"TFRC",0.259842519685039,FALSE,"(0.2,0.3]"
"MS","ADAM28",768,"THADA",1.33333333333333,FALSE,NA
"MS","ADAM28",768,"TMCC1",-0.238372093023256,FALSE,NA
"MS","ADAM28",768,"TMEM117",-0.268292682926829,FALSE,NA
"MS","ADAM28",768,"TMEM65",0.376744186046512,FALSE,"(0.3,0.4]"
"MS","ADAM28",768,"TMSB4X",-0.0178926441351889,FALSE,NA
"MS","ADAM28",768,"TNPO1",0.174672489082969,FALSE,"(0.1,0.2]"
"MS","ADAM28",768,"TNRC6B",0.180327868852459,FALSE,"(0.1,0.2]"
"MS","ADAM28",768,"TPK1",0.533333333333333,FALSE,"(0.5,0.6]"
"MS","ADAM28",768,"TPRG1",-2.13131313131313,FALSE,NA
"MS","ADAM28",768,"TREM2",-0.158730158730159,FALSE,NA
"MS","ADAM28",768,"TRHDE",-0.878048780487804,FALSE,NA
"MS","ADAM28",768,"TRIO",-0.379310344827586,FALSE,NA
"MS","ADAM28",768,"TRIP12",-0.25,FALSE,NA
"MS","ADAM28",768,"TRPS1",0.0245283018867925,FALSE,"[0,0.1]"
"MS","ADAM28",768,"TSHR",-384307168202282,FALSE,NA
"MS","ADAM28",768,"TTC17",-3.33333333333333,FALSE,NA
"MS","ADAM28",768,"TTC28",0.188679245283019,FALSE,"(0.1,0.2]"
"MS","ADAM28",768,"TTC3",-0.390243902439024,FALSE,NA
"MS","ADAM28",768,"TUT7",-0.15,FALSE,NA
"MS","ADAM28",768,"TXNIP",0.178423236514523,FALSE,"(0.1,0.2]"
"MS","ADAM28",768,"TYROBP",0.00746268656716418,FALSE,"[0,0.1]"
"MS","ADAM28",768,"UBE2D3",0.0897435897435898,FALSE,"[0,0.1]"
"MS","ADAM28",768,"UBE2W",0.0769230769230769,FALSE,"[0,0.1]"
"MS","ADAM28",768,"UBR5",0.015748031496063,FALSE,"[0,0.1]"
"MS","ADAM28",768,"UGCG",-0.37037037037037,FALSE,NA
"MS","ADAM28",768,"USP15",0.235294117647059,FALSE,"(0.2,0.3]"
"MS","ADAM28",768,"USP34",-0.166666666666667,FALSE,NA
"MS","ADAM28",768,"UTRN",0.134502923976608,FALSE,"(0.1,0.2]"
"MS","ADAM28",768,"UTY",1.18048780487805,FALSE,NA
"MS","ADAM28",768,"UVRAG",0.131578947368421,FALSE,"(0.1,0.2]"
"MS","ADAM28",768,"VMP1",0.103703703703704,FALSE,"(0.1,0.2]"
"MS","ADAM28",768,"VOPP1",-0.260869565217391,FALSE,NA
"MS","ADAM28",768,"VPS13C",0.366834170854271,FALSE,"(0.3,0.4]"
"MS","ADAM28",768,"VPS8",-0.257372654155496,FALSE,NA
"MS","ADAM28",768,"WASHC4",0.174496644295302,FALSE,"(0.1,0.2]"
"MS","ADAM28",768,"WDFY3",0.0555555555555556,FALSE,"[0,0.1]"
"MS","ADAM28",768,"WDR7",-0.666666666666667,FALSE,NA
"MS","ADAM28",768,"WIPF1",0.166666666666667,FALSE,"(0.1,0.2]"
"MS","ADAM28",768,"WSB1",-1,FALSE,NA
"MS","ADAM28",768,"XPR1",0.923076923076923,FALSE,"(0.9,1]"
"MS","ADAM28",768,"ZBTB16",0.76969696969697,FALSE,"(0.7,0.8]"
"MS","ADAM28",768,"ZBTB20",0.197101449275362,FALSE,"(0.1,0.2]"
"MS","ADAM28",768,"ZCCHC7",-0.454545454545455,FALSE,NA
"MS","ADAM28",768,"ZEB2",-0.901408450704226,FALSE,NA
"MS","ADAM28",768,"ZFAND3",-2.8,FALSE,NA
"MS","ADAM28",768,"ZFP36L2",2.20930232558139,FALSE,NA
"MS","ADAM28",768,"ZMYM2",0.338235294117647,FALSE,"(0.3,0.4]"
"MS","ADAM28",768,"ZNF148",0.028169014084507,FALSE,"[0,0.1]"
"MS","ADAM28",768,"ZNF292",0.105263157894737,FALSE,"(0.1,0.2]"
"MS","ADAM28",768,"ZNF407",-0.295081967213115,FALSE,NA
"MS","ADAM28",768,"ZNF644",0.222222222222222,FALSE,"(0.2,0.3]"
"MS","ADAM28",768,"ZNF804A",-0.373096446700508,FALSE,NA
"MS","ATG7",768,"AAK1",1.81818181818182,FALSE,NA
"MS","ATG7",768,"ABCA1",0.432551319648094,FALSE,"(0.4,0.5]"
"MS","ATG7",768,"ACAP2",0.644444444444444,FALSE,"(0.6,0.7]"
"MS","ATG7",768,"ACTB",0.121212121212121,FALSE,"(0.1,0.2]"
"MS","ATG7",768,"ACYP2",0.43859649122807,FALSE,"(0.4,0.5]"
"MS","ATG7",768,"ADGRB3",-0.683333333333334,FALSE,NA
"MS","ATG7",768,"AFF1",-0.162162162162162,FALSE,NA
"MS","ATG7",768,"AKAP13",-0.552380952380952,FALSE,NA
"MS","ATG7",768,"AKT3",-0.560810810810811,FALSE,NA
"MS","ATG7",768,"AL035446.2",2.3235294117647,FALSE,NA
"MS","ATG7",768,"ANK2",0.1,FALSE,"[0,0.1]"
"MS","ATG7",768,"ANKRD12",0.260416666666667,FALSE,"(0.2,0.3]"
"MS","ATG7",768,"ANKRD17",3.49999999999999,FALSE,NA
"MS","ATG7",768,"APBA1",0.384615384615385,FALSE,"(0.3,0.4]"
"MS","ATG7",768,"APOE",0.177583697234352,FALSE,"(0.1,0.2]"
"MS","ATG7",768,"ARHGAP15",-0.102620087336245,FALSE,NA
"MS","ATG7",768,"ARHGAP18",0.160377358490566,FALSE,"(0.1,0.2]"
"MS","ATG7",768,"ARHGAP21",-0.235955056179775,FALSE,NA
"MS","ATG7",768,"ARHGAP24",0.00858369098712446,FALSE,"[0,0.1]"
"MS","ATG7",768,"ARID1B",0.25,FALSE,"(0.2,0.3]"
"MS","ATG7",768,"ARID4B",-0.166666666666667,FALSE,NA
"MS","ATG7",768,"ARIH1",-0.5,FALSE,NA
"MS","ATG7",768,"ARL15",0.128571428571429,FALSE,"(0.1,0.2]"
"MS","ATG7",768,"ASAH1",0.202739726027397,FALSE,"(0.2,0.3]"
"MS","ATG7",768,"ASAP1",10.1724137931034,FALSE,NA
"MS","ATG7",768,"ASTN2",1.01415094339623,FALSE,NA
"MS","ATG7",768,"ATF6",-0.946428571428572,FALSE,NA
"MS","ATG7",768,"ATF7IP",-0.120481927710843,FALSE,NA
"MS","ATG7",768,"ATM",-0.5,FALSE,NA
"MS","ATG7",768,"ATP1B3",-0.31638418079096,FALSE,NA
"MS","ATG7",768,"ATXN1",0.344827586206897,FALSE,"(0.3,0.4]"
"MS","ATG7",768,"B2M",0.147865853658537,FALSE,"(0.1,0.2]"
"MS","ATG7",768,"BASP1",-4.15384615384615,FALSE,NA
"MS","ATG7",768,"BAZ2B",-0.0628571428571428,FALSE,NA
"MS","ATG7",768,"BBS9",0.333333333333333,FALSE,"(0.3,0.4]"
"MS","ATG7",768,"BBX",-0.0535714285714286,FALSE,NA
"MS","ATG7",768,"BCAS3",-0.133333333333333,FALSE,NA
"MS","ATG7",768,"BIRC6",0.272727272727273,FALSE,"(0.2,0.3]"
"MS","ATG7",768,"BMP2K",1.92,FALSE,NA
"MS","ATG7",768,"BNC2",0.50561797752809,FALSE,"(0.5,0.6]"
"MS","ATG7",768,"BTBD9",4.50000000000001,FALSE,NA
"MS","ATG7",768,"C1QA",0.176470588235294,FALSE,"(0.1,0.2]"
"MS","ATG7",768,"C1QB",0.114754098360656,FALSE,"(0.1,0.2]"
"MS","ATG7",768,"C20orf194",0.77485380116959,FALSE,"(0.7,0.8]"
"MS","ATG7",768,"CADM1",0.189111747851003,FALSE,"(0.1,0.2]"
"MS","ATG7",768,"CCDC91",0.0223880597014925,FALSE,"[0,0.1]"
"MS","ATG7",768,"CCND3",-0.301282051282051,FALSE,NA
"MS","ATG7",768,"CCNH",-0.355670103092783,FALSE,NA
"MS","ATG7",768,"CD163",0.220039292730845,FALSE,"(0.2,0.3]"
"MS","ATG7",768,"CD74",-0.0714285714285714,FALSE,NA
"MS","ATG7",768,"CD86",-0.72,FALSE,NA
"MS","ATG7",768,"CDK14",0.463476070528967,FALSE,"(0.4,0.5]"
"MS","ATG7",768,"CDK19",1,FALSE,"(0.9,1]"
"MS","ATG7",768,"CELF1",0.657142857142857,FALSE,"(0.6,0.7]"
"MS","ATG7",768,"CEP170",0.333333333333333,FALSE,"(0.3,0.4]"
"MS","ATG7",768,"CERT1",0.597402597402597,FALSE,"(0.5,0.6]"
"MS","ATG7",768,"CFLAR",0.210526315789474,FALSE,"(0.2,0.3]"
"MS","ATG7",768,"CHD1",-0.69047619047619,FALSE,NA
"MS","ATG7",768,"CHSY3",8.66666666666669,FALSE,NA
"MS","ATG7",768,"CLASP1",0.228260869565217,FALSE,"(0.2,0.3]"
"MS","ATG7",768,"CLASP2",0.0814814814814815,FALSE,"[0,0.1]"
"MS","ATG7",768,"CNOT2",-0.0937500000000001,FALSE,NA
"MS","ATG7",768,"COP1",0.117647058823529,FALSE,"(0.1,0.2]"
"MS","ATG7",768,"CPEB4",0.67816091954023,FALSE,"(0.6,0.7]"
"MS","ATG7",768,"CPM",0.418181818181818,FALSE,"(0.4,0.5]"
"MS","ATG7",768,"CPQ",-0.257731958762886,FALSE,NA
"MS","ATG7",768,"CPVL",-0.142857142857143,FALSE,NA
"MS","ATG7",768,"CR1",0.275659824046921,FALSE,"(0.2,0.3]"
"MS","ATG7",768,"CTNNB1",0.0101351351351351,FALSE,"[0,0.1]"
"MS","ATG7",768,"CTSD",0.385906040268456,FALSE,"(0.3,0.4]"
"MS","ATG7",768,"CYTH1",0.741666666666666,FALSE,"(0.7,0.8]"
"MS","ATG7",768,"DDX17",-0.142857142857143,FALSE,NA
"MS","ATG7",768,"DDX5",-9.49999999999983,FALSE,NA
"MS","ATG7",768,"DENND1A",0.283783783783784,FALSE,"(0.2,0.3]"
"MS","ATG7",768,"DENND4C",0.926020408163265,FALSE,"(0.9,1]"
"MS","ATG7",768,"DIRC3",0.465217391304348,FALSE,"(0.4,0.5]"
"MS","ATG7",768,"DLEU2",-0.230769230769231,FALSE,NA
"MS","ATG7",768,"DLG1",0.666666666666667,FALSE,"(0.6,0.7]"
"MS","ATG7",768,"DLG2",-0.0451127819548872,FALSE,NA
"MS","ATG7",768,"DMXL2",0.471559633027523,FALSE,"(0.4,0.5]"
"MS","ATG7",768,"DOCK5",-0.38235294117647,FALSE,NA
"MS","ATG7",768,"DPYD",1.07547169811321,FALSE,NA
"MS","ATG7",768,"DST",0.239130434782609,FALSE,"(0.2,0.3]"
"MS","ATG7",768,"DYRK1A",0.388888888888889,FALSE,"(0.3,0.4]"
"MS","ATG7",768,"EDA",0.375,FALSE,"(0.3,0.4]"
"MS","ATG7",768,"EEF1A1",0.0615615615615616,FALSE,"[0,0.1]"
"MS","ATG7",768,"ELF1",0.0540540540540541,FALSE,"[0,0.1]"
"MS","ATG7",768,"ELF2",-0.523809523809524,FALSE,NA
"MS","ATG7",768,"EPS15",0.221476510067114,FALSE,"(0.2,0.3]"
"MS","ATG7",768,"EPSTI1",0.602564102564103,FALSE,"(0.6,0.7]"
"MS","ATG7",768,"ERBIN",0.328358208955224,FALSE,"(0.3,0.4]"
"MS","ATG7",768,"ERC1",0.424242424242424,FALSE,"(0.4,0.5]"
"MS","ATG7",768,"EVI5",0.5,FALSE,"(0.4,0.5]"
"MS","ATG7",768,"EXOC6B",1.0625,FALSE,NA
"MS","ATG7",768,"F13A1",0.296650717703349,FALSE,"(0.2,0.3]"
"MS","ATG7",768,"FAM135A",-0.150537634408602,FALSE,NA
"MS","ATG7",768,"FAM135B",0.595588235294118,FALSE,"(0.5,0.6]"
"MS","ATG7",768,"FAM13A",-0.272,FALSE,NA
"MS","ATG7",768,"FAM49A",-0.717791411042945,FALSE,NA
"MS","ATG7",768,"FARP1",2.04310344827586,FALSE,NA
"MS","ATG7",768,"FBXL17",0.205882352941176,FALSE,"(0.2,0.3]"
"MS","ATG7",768,"FBXO11",-0.142857142857143,FALSE,NA
"MS","ATG7",768,"FCHO2",0.191056910569106,FALSE,"(0.1,0.2]"
"MS","ATG7",768,"FER",0.305343511450382,FALSE,"(0.3,0.4]"
"MS","ATG7",768,"FHIT",1,FALSE,"(0.9,1]"
"MS","ATG7",768,"FMN1",0.801635991820041,FALSE,"(0.8,0.9]"
"MS","ATG7",768,"FNDC3A",-0.440944881889764,FALSE,NA
"MS","ATG7",768,"FNIP1",0.406896551724138,FALSE,"(0.4,0.5]"
"MS","ATG7",768,"FNIP2",1.18075801749271,FALSE,NA
"MS","ATG7",768,"FOXO3",-0.00425531914893617,FALSE,NA
"MS","ATG7",768,"FOXP1",-0.0687830687830688,FALSE,NA
"MS","ATG7",768,"FRYL",0.0714285714285714,FALSE,"[0,0.1]"
"MS","ATG7",768,"FTH1",0.0723192019950125,FALSE,"[0,0.1]"
"MS","ATG7",768,"FTL",0.462864721485411,FALSE,"(0.4,0.5]"
"MS","ATG7",768,"FTX",0.139473684210526,FALSE,"(0.1,0.2]"
"MS","ATG7",768,"GAB1",0.051980198019802,FALSE,"[0,0.1]"
"MS","ATG7",768,"GALNTL6",0.424028268551237,FALSE,"(0.4,0.5]"
"MS","ATG7",768,"GK",0.146788990825688,FALSE,"(0.1,0.2]"
"MS","ATG7",768,"GLS",-0.132530120481928,FALSE,NA
"MS","ATG7",768,"GNA13",-0.764705882352945,FALSE,NA
"MS","ATG7",768,"GNB4",0.428571428571429,FALSE,"(0.4,0.5]"
"MS","ATG7",768,"GOLGA4",2.5,FALSE,NA
"MS","ATG7",768,"GPD2",0.325757575757576,FALSE,"(0.3,0.4]"
"MS","ATG7",768,"GPNMB",1.07583774250441,FALSE,NA
"MS","ATG7",768,"GPRIN3",-0.115942028985507,FALSE,NA
"MS","ATG7",768,"GRAMD1B",0.461538461538462,FALSE,"(0.4,0.5]"
"MS","ATG7",768,"GRK3",0.0102040816326531,FALSE,"[0,0.1]"
"MS","ATG7",768,"GSAP",0.0451127819548872,FALSE,"[0,0.1]"
"MS","ATG7",768,"GSK3B",0.384615384615385,FALSE,"(0.3,0.4]"
"MS","ATG7",768,"GTDC1",0.136363636363636,FALSE,"(0.1,0.2]"
"MS","ATG7",768,"H2AFY",0.984848484848484,FALSE,"(0.9,1]"
"MS","ATG7",768,"HELZ",0.482142857142857,FALSE,"(0.4,0.5]"
"MS","ATG7",768,"HERC1",0.289473684210526,FALSE,"(0.2,0.3]"
"MS","ATG7",768,"HERC4",0.128571428571429,FALSE,"(0.1,0.2]"
"MS","ATG7",768,"HIF1A",-2.02222222222222,FALSE,NA
"MS","ATG7",768,"HLA-DRA",-0.0162454873646209,FALSE,NA
"MS","ATG7",768,"HLA-DRB1",-0.0104602510460251,FALSE,NA
"MS","ATG7",768,"HNRNPA2B1",0.0805369127516779,FALSE,"[0,0.1]"
"MS","ATG7",768,"HSP90AA1",0.357142857142857,FALSE,"(0.3,0.4]"
"MS","ATG7",768,"IFI44L",0.916864608076009,FALSE,"(0.9,1]"
"MS","ATG7",768,"IGF1R",0.456521739130435,FALSE,"(0.4,0.5]"
"MS","ATG7",768,"IL10RA",-0.187096774193548,FALSE,NA
"MS","ATG7",768,"IMMP2L",-1,FALSE,NA
"MS","ATG7",768,"IQCJ-SCHIP1",0.962264150943396,FALSE,"(0.9,1]"
"MS","ATG7",768,"IQGAP2",0.296842105263158,FALSE,"(0.2,0.3]"
"MS","ATG7",768,"IRS2",-0.572093023255814,FALSE,NA
"MS","ATG7",768,"ITGAX",0.627586206896552,FALSE,"(0.6,0.7]"
"MS","ATG7",768,"ITM2B",-0.171875,FALSE,NA
"MS","ATG7",768,"ITSN2",0.1875,FALSE,"(0.1,0.2]"
"MS","ATG7",768,"JAK1",0.0487804878048781,FALSE,"[0,0.1]"
"MS","ATG7",768,"JMJD1C",0.337349397590361,FALSE,"(0.3,0.4]"
"MS","ATG7",768,"KAT6A",0.333333333333333,FALSE,"(0.3,0.4]"
"MS","ATG7",768,"KCTD12",0.0190476190476191,FALSE,"[0,0.1]"
"MS","ATG7",768,"KDM6A",0.3,FALSE,"(0.2,0.3]"
"MS","ATG7",768,"KIF16B",0.126865671641791,FALSE,"(0.1,0.2]"
"MS","ATG7",768,"KLHL6",0.437908496732026,FALSE,"(0.4,0.5]"
"MS","ATG7",768,"KMT2E",-0.0704225352112676,FALSE,NA
"MS","ATG7",768,"KYNU",-0.134948096885813,FALSE,NA
"MS","ATG7",768,"L3MBTL4",-0.317307692307692,FALSE,NA
"MS","ATG7",768,"LAPTM5",-0.606837606837607,FALSE,NA
"MS","ATG7",768,"LCORL",2,FALSE,NA
"MS","ATG7",768,"LINC00278",-0.0262626262626263,FALSE,NA
"MS","ATG7",768,"LINC01091",0.181818181818182,FALSE,"(0.1,0.2]"
"MS","ATG7",768,"LPP",2.66129032258065,FALSE,NA
"MS","ATG7",768,"LRBA",-0.0975609756097561,FALSE,NA
"MS","ATG7",768,"LRCH1",7.23076923076923,FALSE,NA
"MS","ATG7",768,"LRRC4C",-0.264957264957265,FALSE,NA
"MS","ATG7",768,"LRRK2",-0.0976058931860037,FALSE,NA
"MS","ATG7",768,"LYST",0.805369127516778,FALSE,"(0.8,0.9]"
"MS","ATG7",768,"MAF",0.226190476190476,FALSE,"(0.2,0.3]"
"MS","ATG7",768,"MAML2",1.26623376623377,FALSE,NA
"MS","ATG7",768,"MAN1A1",0.234338747099768,FALSE,"(0.2,0.3]"
"MS","ATG7",768,"MAN2A1",-8.55555555555557,FALSE,NA
"MS","ATG7",768,"MANBA",-0.056497175141243,FALSE,NA
"MS","ATG7",768,"MAP3K2",0.226027397260274,FALSE,"(0.2,0.3]"
"MS","ATG7",768,"MAP4K3",0.0987654320987654,FALSE,"[0,0.1]"
"MS","ATG7",768,"MAPKAP1",0.682170542635659,FALSE,"(0.6,0.7]"
"MS","ATG7",768,"MARK3",4.6666666666667,FALSE,NA
"MS","ATG7",768,"MBNL1",-0.0652173913043479,FALSE,NA
"MS","ATG7",768,"MBNL2",-0.166666666666667,FALSE,NA
"MS","ATG7",768,"MERTK",0.68421052631579,FALSE,"(0.6,0.7]"
"MS","ATG7",768,"MGAT5",2.21686746987952,FALSE,NA
"MS","ATG7",768,"MIR181A1HG",-0.833333333333333,FALSE,NA
"MS","ATG7",768,"MITF",0.913924050632911,FALSE,"(0.9,1]"
"MS","ATG7",768,"MKLN1",-0.619718309859155,FALSE,NA
"MS","ATG7",768,"MLLT10",0.736842105263158,FALSE,"(0.7,0.8]"
"MS","ATG7",768,"MS4A4A",0.239168110918544,FALSE,"(0.2,0.3]"
"MS","ATG7",768,"MS4A6A",0.428571428571428,FALSE,"(0.4,0.5]"
"MS","ATG7",768,"MSR1",0.0849802371541502,FALSE,"[0,0.1]"
"MS","ATG7",768,"MTSS1",8.38888888888888,FALSE,NA
"MS","ATG7",768,"MVB12B",-98.9999999999988,FALSE,NA
"MS","ATG7",768,"MYO1D",0.708695652173913,FALSE,"(0.7,0.8]"
"MS","ATG7",768,"MYO5A",0.486274509803922,FALSE,"(0.4,0.5]"
"MS","ATG7",768,"N4BP2L2",0.176470588235294,FALSE,"(0.1,0.2]"
"MS","ATG7",768,"NAALADL2",-0.036697247706422,FALSE,NA
"MS","ATG7",768,"NAMPT",-0.847222222222219,FALSE,NA
"MS","ATG7",768,"NBEA",-0.114285714285714,FALSE,NA
"MS","ATG7",768,"NCOA2",0.0540540540540541,FALSE,"[0,0.1]"
"MS","ATG7",768,"NCOA3",-0.296296296296297,FALSE,NA
"MS","ATG7",768,"NEAT1",1.74193548387096,FALSE,NA
"MS","ATG7",768,"NEDD4L",-2,FALSE,NA
"MS","ATG7",768,"NEK7",-0.07,FALSE,NA
"MS","ATG7",768,"NF1",0.222222222222222,FALSE,"(0.2,0.3]"
"MS","ATG7",768,"NFAT5",0.377358490566038,FALSE,"(0.3,0.4]"
"MS","ATG7",768,"NFIA",-0.274509803921569,FALSE,NA
"MS","ATG7",768,"NFKB1",0.125,FALSE,"(0.1,0.2]"
"MS","ATG7",768,"NHSL1",0.231638418079096,FALSE,"(0.2,0.3]"
"MS","ATG7",768,"NIPBL",0.073943661971831,FALSE,"[0,0.1]"
"MS","ATG7",768,"NLK",1.8,FALSE,NA
"MS","ATG7",768,"NPAS3",0.19533527696793,FALSE,"(0.1,0.2]"
"MS","ATG7",768,"NPL",2.21259842519685,FALSE,NA
"MS","ATG7",768,"NR3C1",0.381909547738693,FALSE,"(0.3,0.4]"
"MS","ATG7",768,"NR3C2",0.162790697674419,FALSE,"(0.1,0.2]"
"MS","ATG7",768,"NSMCE2",1.17391304347826,FALSE,NA
"MS","ATG7",768,"OSBPL1A",0.142857142857143,FALSE,"(0.1,0.2]"
"MS","ATG7",768,"OSBPL3",0.03125,FALSE,"[0,0.1]"
"MS","ATG7",768,"OSBPL8",0.213793103448276,FALSE,"(0.2,0.3]"
"MS","ATG7",768,"PABPC1",0.0493827160493827,FALSE,"[0,0.1]"
"MS","ATG7",768,"PAN3",-0.0404040404040404,FALSE,NA
"MS","ATG7",768,"PARP14",0.602040816326531,FALSE,"(0.6,0.7]"
"MS","ATG7",768,"PARP8",-0.0217391304347826,FALSE,NA
"MS","ATG7",768,"PBX3",0.11913357400722,FALSE,"(0.1,0.2]"
"MS","ATG7",768,"PCDH9",0.148936170212766,FALSE,"(0.1,0.2]"
"MS","ATG7",768,"PCM1",0.0147058823529412,FALSE,"[0,0.1]"
"MS","ATG7",768,"PDE3B",0.0657276995305164,FALSE,"[0,0.1]"
"MS","ATG7",768,"PDE4B",0.478955007256894,FALSE,"(0.4,0.5]"
"MS","ATG7",768,"PDE4D",0.236363636363636,FALSE,"(0.2,0.3]"
"MS","ATG7",768,"PDE8A",0.179012345679012,FALSE,"(0.1,0.2]"
"MS","ATG7",768,"PDGFC",0.298611111111111,FALSE,"(0.2,0.3]"
"MS","ATG7",768,"PDS5B",-0.385714285714286,FALSE,NA
"MS","ATG7",768,"PEAK1",0.243767313019391,FALSE,"(0.2,0.3]"
"MS","ATG7",768,"PECAM1",0.398058252427185,FALSE,"(0.3,0.4]"
"MS","ATG7",768,"PELI1",-0.223107569721116,FALSE,NA
"MS","ATG7",768,"PELI2",-0.282758620689655,FALSE,NA
"MS","ATG7",768,"PHC3",0.125,FALSE,"(0.1,0.2]"
"MS","ATG7",768,"PHF21A",-1.25,FALSE,NA
"MS","ATG7",768,"PHIP",0.0588235294117647,FALSE,"[0,0.1]"
"MS","ATG7",768,"PIK3R5",3.20833333333334,FALSE,NA
"MS","ATG7",768,"PLCL1",0.121621621621622,FALSE,"(0.1,0.2]"
"MS","ATG7",768,"PLSCR1",-0.0747663551401868,FALSE,NA
"MS","ATG7",768,"PNISR",-0.176470588235294,FALSE,NA
"MS","ATG7",768,"POU2F1",0.0851063829787234,FALSE,"[0,0.1]"
"MS","ATG7",768,"PPM1L",0.388888888888889,FALSE,"(0.3,0.4]"
"MS","ATG7",768,"PPP2R5C",-0.352272727272727,FALSE,NA
"MS","ATG7",768,"PPP3CA",-0.0303030303030303,FALSE,NA
"MS","ATG7",768,"PPP6R3",0.516129032258065,FALSE,"(0.5,0.6]"
"MS","ATG7",768,"PRKAG2",-8.99999999999998,FALSE,NA
"MS","ATG7",768,"PRKCE",0.494444444444445,FALSE,"(0.4,0.5]"
"MS","ATG7",768,"PRKCH",-2.28571428571429,FALSE,NA
"MS","ATG7",768,"PRKN",-0.495049504950495,FALSE,NA
"MS","ATG7",768,"PSAP",0.319569120287253,FALSE,"(0.3,0.4]"
"MS","ATG7",768,"PTBP3",0.106145251396648,FALSE,"(0.1,0.2]"
"MS","ATG7",768,"PTEN",-0.5,FALSE,NA
"MS","ATG7",768,"PTPRC",-6.83333333333333,FALSE,NA
"MS","ATG7",768,"PTPRG",1.5,FALSE,NA
"MS","ATG7",768,"PTPRM",1.5125,FALSE,NA
"MS","ATG7",768,"PUM2",-0.103448275862069,FALSE,NA
"MS","ATG7",768,"RAB1A",0.340425531914894,FALSE,"(0.3,0.4]"
"MS","ATG7",768,"RABGAP1L",0.333333333333333,FALSE,"(0.3,0.4]"
"MS","ATG7",768,"RAD51B",0.635135135135135,FALSE,"(0.6,0.7]"
"MS","ATG7",768,"RASA1",0.145833333333333,FALSE,"(0.1,0.2]"
"MS","ATG7",768,"RASSF3",0.390243902439024,FALSE,"(0.3,0.4]"
"MS","ATG7",768,"RBMS1",0.736434108527132,FALSE,"(0.7,0.8]"
"MS","ATG7",768,"RBPJ",0.512820512820513,FALSE,"(0.5,0.6]"
"MS","ATG7",768,"REV3L",-0.343434343434343,FALSE,NA
"MS","ATG7",768,"RFX3",-0.916666666666666,FALSE,NA
"MS","ATG7",768,"RGL1",0.744086021505376,FALSE,"(0.7,0.8]"
"MS","ATG7",768,"RGS1",-2.71929824561404,FALSE,NA
"MS","ATG7",768,"RICTOR",0.0861244019138756,FALSE,"[0,0.1]"
"MS","ATG7",768,"RNF13",0.298145506419401,FALSE,"(0.2,0.3]"
"MS","ATG7",768,"RNF130",0.37037037037037,FALSE,"(0.3,0.4]"
"MS","ATG7",768,"RNF144B",-0.0921052631578947,FALSE,NA
"MS","ATG7",768,"RNF213",0.530386740331492,FALSE,"(0.5,0.6]"
"MS","ATG7",768,"ROCK1",0.365853658536585,FALSE,"(0.3,0.4]"
"MS","ATG7",768,"RREB1",-0.0526315789473684,FALSE,NA
"MS","ATG7",768,"RTN4",2.17857142857143,FALSE,NA
"MS","ATG7",768,"SAMD4A",1.58333333333333,FALSE,NA
"MS","ATG7",768,"SAT1",0.0869565217391304,FALSE,"[0,0.1]"
"MS","ATG7",768,"SBF2",0.109090909090909,FALSE,"(0.1,0.2]"
"MS","ATG7",768,"SCAF11",0.5,FALSE,"(0.4,0.5]"
"MS","ATG7",768,"SCAPER",0.5,FALSE,"(0.4,0.5]"
"MS","ATG7",768,"SDCBP",0.196769456681351,FALSE,"(0.1,0.2]"
"MS","ATG7",768,"SDCCAG8",1.23076923076923,FALSE,NA
"MS","ATG7",768,"SEC14L1",-0.766233766233766,FALSE,NA
"MS","ATG7",768,"SENP6",0.0923076923076923,FALSE,"[0,0.1]"
"MS","ATG7",768,"SERPINE1",0.333333333333333,FALSE,"(0.3,0.4]"
"MS","ATG7",768,"SETD2",0.666666666666667,FALSE,"(0.6,0.7]"
"MS","ATG7",768,"SGK1",0.193633952254642,FALSE,"(0.1,0.2]"
"MS","ATG7",768,"SGK3",0.233766233766234,FALSE,"(0.2,0.3]"
"MS","ATG7",768,"SGMS1",0.317073170731707,FALSE,"(0.3,0.4]"
"MS","ATG7",768,"SIK3",0.258503401360544,FALSE,"(0.2,0.3]"
"MS","ATG7",768,"SLC16A10",-0.160975609756097,FALSE,NA
"MS","ATG7",768,"SLC25A13",0.461538461538461,FALSE,"(0.4,0.5]"
"MS","ATG7",768,"SLC44A1",0.08,FALSE,"[0,0.1]"
"MS","ATG7",768,"SLC4A7",-8.53333333333337,FALSE,NA
"MS","ATG7",768,"SMAD2",0.298701298701299,FALSE,"(0.2,0.3]"
"MS","ATG7",768,"SMAP2",-2.09803921568627,FALSE,NA
"MS","ATG7",768,"SMARCA2",-1.33333333333333,FALSE,NA
"MS","ATG7",768,"SMCHD1",-0.125603864734299,FALSE,NA
"MS","ATG7",768,"SMYD3",0.470588235294118,FALSE,"(0.4,0.5]"
"MS","ATG7",768,"SNCA",0.226415094339623,FALSE,"(0.2,0.3]"
"MS","ATG7",768,"SND1",35048813740048148,FALSE,NA
"MS","ATG7",768,"SNX13",0.0117647058823529,FALSE,"[0,0.1]"
"MS","ATG7",768,"SNX29",0.665217391304348,FALSE,"(0.6,0.7]"
"MS","ATG7",768,"SORT1",-5.71428571428573,FALSE,NA
"MS","ATG7",768,"SOS1",0.242424242424242,FALSE,"(0.2,0.3]"
"MS","ATG7",768,"SPIDR",-0.315789473684211,FALSE,NA
"MS","ATG7",768,"SPIRE1",0.738878143133462,FALSE,"(0.7,0.8]"
"MS","ATG7",768,"SPPL3",0.196261682242991,FALSE,"(0.1,0.2]"
"MS","ATG7",768,"SRGAP1",-0.154340836012862,FALSE,NA
"MS","ATG7",768,"SRPK2",0.504347826086956,FALSE,"(0.5,0.6]"
"MS","ATG7",768,"SSBP2",-0.258620689655172,FALSE,NA
"MS","ATG7",768,"ST18",-0.0331125827814569,FALSE,NA
"MS","ATG7",768,"ST8SIA4",-0.222222222222222,FALSE,NA
"MS","ATG7",768,"STAG1",0.260869565217391,FALSE,"(0.2,0.3]"
"MS","ATG7",768,"STARD13",0.96888888888889,FALSE,"(0.9,1]"
"MS","ATG7",768,"STK3",0.521739130434783,FALSE,"(0.5,0.6]"
"MS","ATG7",768,"STX7",0.315625,FALSE,"(0.3,0.4]"
"MS","ATG7",768,"SUMF1",0.021505376344086,FALSE,"[0,0.1]"
"MS","ATG7",768,"SUPT3H",0.15,FALSE,"(0.1,0.2]"
"MS","ATG7",768,"SUSD6",-0.5,FALSE,NA
"MS","ATG7",768,"SWAP70",0.180952380952381,FALSE,"(0.1,0.2]"
"MS","ATG7",768,"TANC2",0.294223826714801,FALSE,"(0.2,0.3]"
"MS","ATG7",768,"TANK",0.19047619047619,FALSE,"(0.1,0.2]"
"MS","ATG7",768,"TAOK3",0.5,FALSE,"(0.4,0.5]"
"MS","ATG7",768,"TBC1D12",0.483870967741935,FALSE,"(0.4,0.5]"
"MS","ATG7",768,"TBC1D5",0.481818181818182,FALSE,"(0.4,0.5]"
"MS","ATG7",768,"TCF4",-22.8750000000002,FALSE,NA
"MS","ATG7",768,"TENT2",0.295238095238095,FALSE,"(0.2,0.3]"
"MS","ATG7",768,"TET2",-0.677966101694915,FALSE,NA
"MS","ATG7",768,"TFEC",0.265060240963855,FALSE,"(0.2,0.3]"
"MS","ATG7",768,"TFRC",-0.149606299212598,FALSE,NA
"MS","ATG7",768,"THADA",-1.66666666666667,FALSE,NA
"MS","ATG7",768,"TMCC1",0.424418604651163,FALSE,"(0.4,0.5]"
"MS","ATG7",768,"TMEM117",0.439024390243903,FALSE,"(0.4,0.5]"
"MS","ATG7",768,"TMEM65",-0.0790697674418605,FALSE,NA
"MS","ATG7",768,"TMSB4X",0.228628230616302,FALSE,"(0.2,0.3]"
"MS","ATG7",768,"TNPO1",0.0174672489082969,FALSE,"[0,0.1]"
"MS","ATG7",768,"TNRC6B",-0.0163934426229508,FALSE,NA
"MS","ATG7",768,"TPK1",-0.266666666666667,FALSE,NA
"MS","ATG7",768,"TPRG1",2.5959595959596,FALSE,NA
"MS","ATG7",768,"TREM2",0.317460317460317,FALSE,"(0.3,0.4]"
"MS","ATG7",768,"TRHDE",1.21951219512195,FALSE,NA
"MS","ATG7",768,"TRIO",0.551724137931034,FALSE,"(0.5,0.6]"
"MS","ATG7",768,"TRIP12",0.75,FALSE,"(0.7,0.8]"
"MS","ATG7",768,"TRPS1",0.147169811320755,FALSE,"(0.1,0.2]"
"MS","ATG7",768,"TSHR",576460752303424,FALSE,NA
"MS","ATG7",768,"TTC17",4.66666666666666,FALSE,NA
"MS","ATG7",768,"TTC28",-0.0188679245283019,FALSE,NA
"MS","ATG7",768,"TTC3",0.536585365853659,FALSE,"(0.5,0.6]"
"MS","ATG7",768,"TUT7",0.4,FALSE,"(0.3,0.4]"
"MS","ATG7",768,"TXNIP",0.0269709543568465,FALSE,"[0,0.1]"
"MS","ATG7",768,"TYROBP",0.119402985074627,FALSE,"(0.1,0.2]"
"MS","ATG7",768,"UBE2D3",0.0256410256410256,FALSE,"[0,0.1]"
"MS","ATG7",768,"UBE2W",-0.153846153846154,FALSE,NA
"MS","ATG7",768,"UBR5",0.133858267716535,FALSE,"(0.1,0.2]"
"MS","ATG7",768,"UGCG",0.518518518518518,FALSE,"(0.5,0.6]"
"MS","ATG7",768,"USP15",-0.137254901960784,FALSE,NA
"MS","ATG7",768,"USP34",0.444444444444444,FALSE,"(0.4,0.5]"
"MS","ATG7",768,"UTRN",0.0409356725146199,FALSE,"[0,0.1]"
"MS","ATG7",768,"UTY",-0.785365853658536,FALSE,NA
"MS","ATG7",768,"UVRAG",0.421052631578947,FALSE,"(0.4,0.5]"
"MS","ATG7",768,"VMP1",-0.00740740740740741,FALSE,NA
"MS","ATG7",768,"VOPP1",0.478260869565217,FALSE,"(0.4,0.5]"
"MS","ATG7",768,"VPS13C",-0.115577889447236,FALSE,NA
"MS","ATG7",768,"VPS8",0.428954423592493,FALSE,"(0.4,0.5]"
"MS","ATG7",768,"WASHC4",0.0100671140939597,FALSE,"[0,0.1]"
"MS","ATG7",768,"WDFY3",-0.0555555555555556,FALSE,NA
"MS","ATG7",768,"WDR7",1,FALSE,"(0.9,1]"
"MS","ATG7",768,"WIPF1",-0.0277777777777778,FALSE,NA
"MS","ATG7",768,"WSB1",1.33333333333333,FALSE,NA
"MS","ATG7",768,"XPR1",-0.615384615384615,FALSE,NA
"MS","ATG7",768,"ZBTB16",-0.533333333333334,FALSE,NA
"MS","ATG7",768,"ZBTB20",0.0115942028985507,FALSE,"[0,0.1]"
"MS","ATG7",768,"ZCCHC7",0.636363636363637,FALSE,"(0.6,0.7]"
"MS","ATG7",768,"ZEB2",1.25352112676056,FALSE,NA
"MS","ATG7",768,"ZFAND3",3,FALSE,NA
"MS","ATG7",768,"ZFP36L2",-1.77906976744186,FALSE,NA
"MS","ATG7",768,"ZMYM2",-0.191176470588235,FALSE,NA
"MS","ATG7",768,"ZNF148",0.126760563380282,FALSE,"(0.1,0.2]"
"MS","ATG7",768,"ZNF292",-0.105263157894737,FALSE,NA
"MS","ATG7",768,"ZNF407",0.491803278688525,FALSE,"(0.4,0.5]"
"MS","ATG7",768,"ZNF644",-0.277777777777778,FALSE,NA
"MS","ATG7",768,"ZNF804A",0.581218274111675,FALSE,"(0.5,0.6]"
"MS","FKBP5",768,"AAK1",-1.81818181818182,FALSE,NA
"MS","FKBP5",768,"ABCA1",-0.00733137829912024,FALSE,NA
"MS","FKBP5",768,"ACAP2",-0.0555555555555555,FALSE,NA
"MS","FKBP5",768,"ACTB",0.227272727272727,FALSE,"(0.2,0.3]"
"MS","FKBP5",768,"ACYP2",-0.0701754385964912,FALSE,NA
"MS","FKBP5",768,"ADGRB3",3.125,FALSE,NA
"MS","FKBP5",768,"AFF1",0.288288288288288,FALSE,"(0.2,0.3]"
"MS","FKBP5",768,"AKAP13",-0.609523809523809,FALSE,NA
"MS","FKBP5",768,"AKT3",0.810810810810811,FALSE,"(0.8,0.9]"
"MS","FKBP5",768,"AL035446.2",-2.05882352941176,FALSE,NA
"MS","FKBP5",768,"ANK2",-0.1,FALSE,NA
"MS","FKBP5",768,"ANKRD12",-0.0208333333333333,FALSE,NA
"MS","FKBP5",768,"ANKRD17",1.5,FALSE,NA
"MS","FKBP5",768,"APBA1",0.576923076923077,FALSE,"(0.5,0.6]"
"MS","FKBP5",768,"APOE",0.0713245997088792,FALSE,"[0,0.1]"
"MS","FKBP5",768,"ARHGAP15",0.325327510917031,FALSE,"(0.3,0.4]"
"MS","FKBP5",768,"ARHGAP18",-0.235849056603774,FALSE,NA
"MS","FKBP5",768,"ARHGAP21",0.5,FALSE,"(0.4,0.5]"
"MS","FKBP5",768,"ARHGAP24",0.832618025751073,FALSE,"(0.8,0.9]"
"MS","FKBP5",768,"ARID1B",0.104166666666667,FALSE,"(0.1,0.2]"
"MS","FKBP5",768,"ARID4B",0.222222222222222,FALSE,"(0.2,0.3]"
"MS","FKBP5",768,"ARIH1",-0.833333333333334,FALSE,NA
"MS","FKBP5",768,"ARL15",0.171428571428571,FALSE,"(0.1,0.2]"
"MS","FKBP5",768,"ASAH1",-0.0452054794520548,FALSE,NA
"MS","FKBP5",768,"ASAP1",-4.79310344827585,FALSE,NA
"MS","FKBP5",768,"ASTN2",-0.30188679245283,FALSE,NA
"MS","FKBP5",768,"ATF6",0.0892857142857143,FALSE,"[0,0.1]"
"MS","FKBP5",768,"ATF7IP",0.518072289156626,FALSE,"(0.5,0.6]"
"MS","FKBP5",768,"ATG7",-0.15681233933162,FALSE,NA
"MS","FKBP5",768,"ATM",1.36111111111111,FALSE,NA
"MS","FKBP5",768,"ATP1B3",-0.457627118644068,FALSE,NA
"MS","FKBP5",768,"ATXN1",-0.655172413793104,FALSE,NA
"MS","FKBP5",768,"B2M",0.147865853658537,FALSE,"(0.1,0.2]"
"MS","FKBP5",768,"BASP1",-4.53846153846153,FALSE,NA
"MS","FKBP5",768,"BAZ2B",0.371428571428571,FALSE,"(0.3,0.4]"
"MS","FKBP5",768,"BBX",0.232142857142857,FALSE,"(0.2,0.3]"
"MS","FKBP5",768,"BCAS3",0.266666666666667,FALSE,"(0.2,0.3]"
"MS","FKBP5",768,"BIRC6",0.109090909090909,FALSE,"(0.1,0.2]"
"MS","FKBP5",768,"BMP2K",7.00000000000002,FALSE,NA
"MS","FKBP5",768,"BNC2",0.196629213483146,FALSE,"(0.1,0.2]"
"MS","FKBP5",768,"BRWD1",0.444444444444444,FALSE,"(0.4,0.5]"
"MS","FKBP5",768,"C1QA",0.191176470588235,FALSE,"(0.1,0.2]"
"MS","FKBP5",768,"C1QB",0.0655737704918033,FALSE,"[0,0.1]"
"MS","FKBP5",768,"C20orf194",-0.222222222222222,FALSE,NA
"MS","FKBP5",768,"CADM1",0.246418338108882,FALSE,"(0.2,0.3]"
"MS","FKBP5",768,"CCDC91",0.32089552238806,FALSE,"(0.3,0.4]"
"MS","FKBP5",768,"CCND3",1.40384615384615,FALSE,NA
"MS","FKBP5",768,"CCNH",-0.268041237113402,FALSE,NA
"MS","FKBP5",768,"CD163",-0.0609037328094303,FALSE,NA
"MS","FKBP5",768,"CD74",0.46875,FALSE,"(0.4,0.5]"
"MS","FKBP5",768,"CD86",0.840000000000001,FALSE,"(0.8,0.9]"
"MS","FKBP5",768,"CDK14",-0.128463476070529,FALSE,NA
"MS","FKBP5",768,"CDK19",1,FALSE,"(0.9,1]"
"MS","FKBP5",768,"CELF1",-0.0857142857142857,FALSE,NA
"MS","FKBP5",768,"CERT1",-0.0857142857142857,FALSE,NA
"MS","FKBP5",768,"CFLAR",0.0526315789473684,FALSE,"[0,0.1]"
"MS","FKBP5",768,"CHD1",-0.196428571428571,FALSE,NA
"MS","FKBP5",768,"CHSY3",3.00000000000001,FALSE,NA
"MS","FKBP5",768,"CLASP1",0.0652173913043478,FALSE,"[0,0.1]"
"MS","FKBP5",768,"CLASP2",0.225925925925926,FALSE,"(0.2,0.3]"
"MS","FKBP5",768,"CNOT2",0.71875,FALSE,"(0.7,0.8]"
"MS","FKBP5",768,"COP1",0.205882352941176,FALSE,"(0.2,0.3]"
"MS","FKBP5",768,"CPEB4",-0.229885057471264,FALSE,NA
"MS","FKBP5",768,"CPM",0.156060606060606,FALSE,"(0.1,0.2]"
"MS","FKBP5",768,"CPQ",-0.494845360824742,FALSE,NA
"MS","FKBP5",768,"CPVL",-0.615384615384615,FALSE,NA
"MS","FKBP5",768,"CR1",-0.249266862170088,FALSE,NA
"MS","FKBP5",768,"CTNNB1",-0.027027027027027,FALSE,NA
"MS","FKBP5",768,"CTSD",-0.0838926174496644,FALSE,NA
"MS","FKBP5",768,"CYTH1",-1.20833333333333,FALSE,NA
"MS","FKBP5",768,"DDX17",0.608163265306122,FALSE,"(0.6,0.7]"
"MS","FKBP5",768,"DDX5",-5.4999999999999,FALSE,NA
"MS","FKBP5",768,"DENND1A",0.0675675675675676,FALSE,"[0,0.1]"
"MS","FKBP5",768,"DENND4C",-0.112244897959184,FALSE,NA
"MS","FKBP5",768,"DIRC3",-0.0260869565217391,FALSE,NA
"MS","FKBP5",768,"DLEU2",-0.153846153846154,FALSE,NA
"MS","FKBP5",768,"DLG1",0.611111111111111,FALSE,"(0.6,0.7]"
"MS","FKBP5",768,"DLG2",0.240601503759398,FALSE,"(0.2,0.3]"
"MS","FKBP5",768,"DMXL2",-0.159633027522936,FALSE,NA
"MS","FKBP5",768,"DOCK5",0.147058823529412,FALSE,"(0.1,0.2]"
"MS","FKBP5",768,"DPYD",-1.60377358490566,FALSE,NA
"MS","FKBP5",768,"DST",0.573913043478261,FALSE,"(0.5,0.6]"
"MS","FKBP5",768,"DYRK1A",0.611111111111111,FALSE,"(0.6,0.7]"
"MS","FKBP5",768,"EDA",0.04,FALSE,"[0,0.1]"
"MS","FKBP5",768,"EEF1A1",0.22972972972973,FALSE,"(0.2,0.3]"
"MS","FKBP5",768,"ELF1",0.108108108108108,FALSE,"(0.1,0.2]"
"MS","FKBP5",768,"ELF2",-0.476190476190476,FALSE,NA
"MS","FKBP5",768,"EPS15",0.0939597315436242,FALSE,"[0,0.1]"
"MS","FKBP5",768,"EPSTI1",-0.125,FALSE,NA
"MS","FKBP5",768,"ERBIN",0.149253731343284,FALSE,"(0.1,0.2]"
"MS","FKBP5",768,"ERC1",-0.0606060606060606,FALSE,NA
"MS","FKBP5",768,"EVI5",0.916666666666666,FALSE,"(0.9,1]"
"MS","FKBP5",768,"EXOC6B",0.25,FALSE,"(0.2,0.3]"
"MS","FKBP5",768,"F13A1",-0.0334928229665072,FALSE,NA
"MS","FKBP5",768,"FAM135A",0.397849462365591,FALSE,"(0.3,0.4]"
"MS","FKBP5",768,"FAM135B",-0.0441176470588235,FALSE,NA
"MS","FKBP5",768,"FAM13A",0.232,FALSE,"(0.2,0.3]"
"MS","FKBP5",768,"FAM49A",-0.496932515337423,FALSE,NA
"MS","FKBP5",768,"FARP1",-0.491379310344828,FALSE,NA
"MS","FKBP5",768,"FBXL17",0.176470588235294,FALSE,"(0.1,0.2]"
"MS","FKBP5",768,"FCHO2",0.0718157181571816,FALSE,"[0,0.1]"
"MS","FKBP5",768,"FER",0.694656488549619,FALSE,"(0.6,0.7]"
"MS","FKBP5",768,"FMN1",-0.255623721881391,FALSE,NA
"MS","FKBP5",768,"FNDC3A",-0.169291338582677,FALSE,NA
"MS","FKBP5",768,"FNIP1",-0.0413793103448276,FALSE,NA
"MS","FKBP5",768,"FNIP2",-0.329446064139942,FALSE,NA
"MS","FKBP5",768,"FOXO3",0.463829787234043,FALSE,"(0.4,0.5]"
"MS","FKBP5",768,"FOXP1",0.37037037037037,FALSE,"(0.3,0.4]"
"MS","FKBP5",768,"FRYL",0.25,FALSE,"(0.2,0.3]"
"MS","FKBP5",768,"FTH1",-0.27930174563591,FALSE,NA
"MS","FKBP5",768,"FTL",-0.0729442970822281,FALSE,NA
"MS","FKBP5",768,"FTX",0.142105263157895,FALSE,"(0.1,0.2]"
"MS","FKBP5",768,"GAB1",0.618811881188119,FALSE,"(0.6,0.7]"
"MS","FKBP5",768,"GALNTL6",-0.0176678445229682,FALSE,NA
"MS","FKBP5",768,"GK",-0.752293577981651,FALSE,NA
"MS","FKBP5",768,"GLS",0.771084337349398,FALSE,"(0.7,0.8]"
"MS","FKBP5",768,"GNA13",-1.91764705882354,FALSE,NA
"MS","FKBP5",768,"GNB4",0.0793650793650794,FALSE,"[0,0.1]"
"MS","FKBP5",768,"GOLGA4",-7.00000000000001,FALSE,NA
"MS","FKBP5",768,"GPD2",-0.053030303030303,FALSE,NA
"MS","FKBP5",768,"GPNMB",-0.0740740740740741,FALSE,NA
"MS","FKBP5",768,"GPRIN3",0.130434782608696,FALSE,"(0.1,0.2]"
"MS","FKBP5",768,"GRAMD1B",0.0576923076923077,FALSE,"[0,0.1]"
"MS","FKBP5",768,"GRK3",0.5,FALSE,"(0.5,0.6]"
"MS","FKBP5",768,"GSAP",0.37218045112782,FALSE,"(0.3,0.4]"
"MS","FKBP5",768,"GSK3B",0.153846153846154,FALSE,"(0.1,0.2]"
"MS","FKBP5",768,"GTDC1",0.0909090909090909,FALSE,"[0,0.1]"
"MS","FKBP5",768,"H2AFY",-0.113636363636364,FALSE,NA
"MS","FKBP5",768,"HERC1",0.171052631578947,FALSE,"(0.1,0.2]"
"MS","FKBP5",768,"HERC4",-0.128571428571429,FALSE,NA
"MS","FKBP5",768,"HIF1A",-3.28888888888889,FALSE,NA
"MS","FKBP5",768,"HLA-DRA",0.339350180505415,FALSE,"(0.3,0.4]"
"MS","FKBP5",768,"HLA-DRB1",0.301255230125523,FALSE,"(0.3,0.4]"
"MS","FKBP5",768,"HNRNPA2B1",0.154362416107383,FALSE,"(0.1,0.2]"
"MS","FKBP5",768,"HNRNPU",0.108695652173913,FALSE,"(0.1,0.2]"
"MS","FKBP5",768,"HSP90AA1",-0.4,FALSE,NA
"MS","FKBP5",768,"IFI44L",0.0166270783847981,FALSE,"[0,0.1]"
"MS","FKBP5",768,"IGF1R",-0.0289855072463768,FALSE,NA
"MS","FKBP5",768,"IL10RA",-0.0580645161290322,FALSE,NA
"MS","FKBP5",768,"IMMP2L",4,FALSE,NA
"MS","FKBP5",768,"IQCJ-SCHIP1",-0.421383647798742,FALSE,NA
"MS","FKBP5",768,"IQGAP2",0.0515789473684211,FALSE,"[0,0.1]"
"MS","FKBP5",768,"IRS2",0.0232558139534884,FALSE,"[0,0.1]"
"MS","FKBP5",768,"ITGAX",-0.441379310344828,FALSE,NA
"MS","FKBP5",768,"ITM2B",1.33203125,FALSE,NA
"MS","FKBP5",768,"ITSN2",-0.125,FALSE,NA
"MS","FKBP5",768,"JAK1",0.25,FALSE,"(0.2,0.3]"
"MS","FKBP5",768,"JARID2",-0.282608695652174,FALSE,NA
"MS","FKBP5",768,"JMJD1C",0.192771084337349,FALSE,"(0.1,0.2]"
"MS","FKBP5",768,"KAT6A",0.0238095238095238,FALSE,"[0,0.1]"
"MS","FKBP5",768,"KCTD12",1.33333333333333,FALSE,NA
"MS","FKBP5",768,"KDM6A",-0.1,FALSE,NA
"MS","FKBP5",768,"KIF16B",-0.0746268656716418,FALSE,NA
"MS","FKBP5",768,"KLHL6",-0.137254901960784,FALSE,NA
"MS","FKBP5",768,"KMT2E",0.0563380281690141,FALSE,"[0,0.1]"
"MS","FKBP5",768,"KYNU",-0.224913494809689,FALSE,NA
"MS","FKBP5",768,"L3MBTL4",0.538461538461539,FALSE,"(0.5,0.6]"
"MS","FKBP5",768,"LAPTM5",-0.358974358974359,FALSE,NA
"MS","FKBP5",768,"LINC00278",0.680808080808081,FALSE,"(0.6,0.7]"
"MS","FKBP5",768,"LINC01091",-5.27272727272726,FALSE,NA
"MS","FKBP5",768,"LPP",-0.209677419354839,FALSE,NA
"MS","FKBP5",768,"LRBA",0.902439024390244,FALSE,"(0.9,1]"
"MS","FKBP5",768,"LRCH1",-0.076923076923077,FALSE,NA
"MS","FKBP5",768,"LRRC4C",1.27350427350427,FALSE,NA
"MS","FKBP5",768,"LRRK2",0.318600368324125,FALSE,"(0.3,0.4]"
"MS","FKBP5",768,"LYST",0.342281879194631,FALSE,"(0.3,0.4]"
"MS","FKBP5",768,"MAF",0.44047619047619,FALSE,"(0.4,0.5]"
"MS","FKBP5",768,"MAML2",-0.318181818181818,FALSE,NA
"MS","FKBP5",768,"MAN1A1",0.0765661252900232,FALSE,"[0,0.1]"
"MS","FKBP5",768,"MAN2A1",1.51851851851852,FALSE,NA
"MS","FKBP5",768,"MANBA",0.0988700564971752,FALSE,"[0,0.1]"
"MS","FKBP5",768,"MAP3K2",0.0342465753424658,FALSE,"[0,0.1]"
"MS","FKBP5",768,"MAP4K3",0.197530864197531,FALSE,"(0.1,0.2]"
"MS","FKBP5",768,"MAPKAP1",-0.0930232558139535,FALSE,NA
"MS","FKBP5",768,"MARK3",-4.6666666666667,FALSE,NA
"MS","FKBP5",768,"MBNL1",1.08695652173913,FALSE,NA
"MS","FKBP5",768,"MBNL2",-0.261904761904762,FALSE,NA
"MS","FKBP5",768,"MERTK",-1.57894736842105,FALSE,NA
"MS","FKBP5",768,"MGAT5",-1.04819277108434,FALSE,NA
"MS","FKBP5",768,"MIR181A1HG",-0.324561403508772,FALSE,NA
"MS","FKBP5",768,"MITF",0.0911392405063291,FALSE,"[0,0.1]"
"MS","FKBP5",768,"MKLN1",-0.140845070422535,FALSE,NA
"MS","FKBP5",768,"MLLT10",0.31578947368421,FALSE,"(0.3,0.4]"
"MS","FKBP5",768,"MS4A4A",-0.116117850953206,FALSE,NA
"MS","FKBP5",768,"MS4A6A",-0.102990033222591,FALSE,NA
"MS","FKBP5",768,"MSR1",-0.191699604743083,FALSE,NA
"MS","FKBP5",768,"MTSS1",-4.38888888888888,FALSE,NA
"MS","FKBP5",768,"MVB12B",102.999999999999,FALSE,NA
"MS","FKBP5",768,"MYO1D",-0.160869565217391,FALSE,NA
"MS","FKBP5",768,"MYO5A",0.00392156862745098,FALSE,"[0,0.1]"
"MS","FKBP5",768,"N4BP2L2",0.0784313725490196,FALSE,"[0,0.1]"
"MS","FKBP5",768,"NAALADL2",0.330275229357798,FALSE,"(0.3,0.4]"
"MS","FKBP5",768,"NAMPT",-2.49999999999999,FALSE,NA
"MS","FKBP5",768,"NBEA",1.22857142857143,FALSE,NA
"MS","FKBP5",768,"NCOA2",0.378378378378378,FALSE,"(0.3,0.4]"
"MS","FKBP5",768,"NCOA3",2.03703703703704,FALSE,NA
"MS","FKBP5",768,"NEAT1",-3.9516129032258,FALSE,NA
"MS","FKBP5",768,"NEDD4L",-1.5,FALSE,NA
"MS","FKBP5",768,"NEK7",0.426666666666667,FALSE,"(0.4,0.5]"
"MS","FKBP5",768,"NF1",1.33333333333333,FALSE,NA
"MS","FKBP5",768,"NFIA",0.352941176470588,FALSE,"(0.3,0.4]"
"MS","FKBP5",768,"NFKB1",-0.5625,FALSE,NA
"MS","FKBP5",768,"NHSL1",0.293785310734463,FALSE,"(0.2,0.3]"
"MS","FKBP5",768,"NIPBL",0.242957746478873,FALSE,"(0.2,0.3]"
"MS","FKBP5",768,"NLK",0.266666666666666,FALSE,"(0.2,0.3]"
"MS","FKBP5",768,"NPAS3",0.513119533527697,FALSE,"(0.5,0.6]"
"MS","FKBP5",768,"NPL",-1.1259842519685,FALSE,NA
"MS","FKBP5",768,"NR3C1",0.0351758793969849,FALSE,"[0,0.1]"
"MS","FKBP5",768,"NR3C2",0.255813953488372,FALSE,"(0.2,0.3]"
"MS","FKBP5",768,"NSMCE2",-0.260869565217392,FALSE,NA
"MS","FKBP5",768,"OSBPL1A",0.107142857142857,FALSE,"(0.1,0.2]"
"MS","FKBP5",768,"OSBPL3",0.625,FALSE,"(0.6,0.7]"
"MS","FKBP5",768,"OSBPL8",0.172413793103448,FALSE,"(0.1,0.2]"
"MS","FKBP5",768,"PABPC1",0.234567901234568,FALSE,"(0.2,0.3]"
"MS","FKBP5",768,"PACS1",-0.111111111111111,FALSE,NA
"MS","FKBP5",768,"PAN3",0.505050505050505,FALSE,"(0.5,0.6]"
"MS","FKBP5",768,"PARP14",-0.139455782312925,FALSE,NA
"MS","FKBP5",768,"PARP8",0.5,FALSE,"(0.5,0.6]"
"MS","FKBP5",768,"PBX3",0.194945848375451,FALSE,"(0.1,0.2]"
"MS","FKBP5",768,"PCDH9",0.106382978723404,FALSE,"(0.1,0.2]"
"MS","FKBP5",768,"PCM1",0.102941176470588,FALSE,"(0.1,0.2]"
"MS","FKBP5",768,"PDE3B",-0.0704225352112676,FALSE,NA
"MS","FKBP5",768,"PDE4B",-0.166908563134978,FALSE,NA
"MS","FKBP5",768,"PDE4D",0.0568181818181818,FALSE,"[0,0.1]"
"MS","FKBP5",768,"PDE8A",-0.42283950617284,FALSE,NA
"MS","FKBP5",768,"PDGFC",0.296296296296296,FALSE,"(0.2,0.3]"
"MS","FKBP5",768,"PDS5B",0.5,FALSE,"(0.5,0.6]"
"MS","FKBP5",768,"PEAK1",0.0554016620498615,FALSE,"[0,0.1]"
"MS","FKBP5",768,"PECAM1",0.029126213592233,FALSE,"[0,0.1]"
"MS","FKBP5",768,"PELI1",0.143426294820717,FALSE,"(0.1,0.2]"
"MS","FKBP5",768,"PELI2",0.6,FALSE,"(0.5,0.6]"
"MS","FKBP5",768,"PHC3",0.5,FALSE,"(0.4,0.5]"
"MS","FKBP5",768,"PHF21A",-1.75,FALSE,NA
"MS","FKBP5",768,"PHIP",0.188235294117647,FALSE,"(0.1,0.2]"
"MS","FKBP5",768,"PIAS1",0.325581395348837,FALSE,"(0.3,0.4]"
"MS","FKBP5",768,"PIK3R1",-0.125,FALSE,NA
"MS","FKBP5",768,"PIK3R5",-1.5625,FALSE,NA
"MS","FKBP5",768,"PIP4K2A",0.333333333333333,FALSE,"(0.3,0.4]"
"MS","FKBP5",768,"PLCL1",0.662162162162162,FALSE,"(0.6,0.7]"
"MS","FKBP5",768,"PLSCR1",-0.663551401869158,FALSE,NA
"MS","FKBP5",768,"PNISR",-0.0882352941176471,FALSE,NA
"MS","FKBP5",768,"POU2F1",0.404255319148936,FALSE,"(0.4,0.5]"
"MS","FKBP5",768,"PPM1L",-0.0888888888888889,FALSE,NA
"MS","FKBP5",768,"PPP2R5C",-0.102272727272727,FALSE,NA
"MS","FKBP5",768,"PPP3CA",0.393939393939394,FALSE,"(0.3,0.4]"
"MS","FKBP5",768,"PPP6R3",0.0645161290322581,FALSE,"[0,0.1]"
"MS","FKBP5",768,"PRKAG2",-16.6,FALSE,NA
"MS","FKBP5",768,"PRKCE",-0.103703703703704,FALSE,NA
"MS","FKBP5",768,"PRKCH",3.35714285714286,FALSE,NA
"MS","FKBP5",768,"PRKN",1.03960396039604,FALSE,NA
"MS","FKBP5",768,"PSAP",0.0107719928186715,FALSE,"[0,0.1]"
"MS","FKBP5",768,"PSMA1",-0.130434782608696,FALSE,NA
"MS","FKBP5",768,"PTBP3",0.256983240223464,FALSE,"(0.2,0.3]"
"MS","FKBP5",768,"PTEN",0.916666666666667,FALSE,"(0.9,1]"
"MS","FKBP5",768,"PTPRC",5.08333333333333,FALSE,NA
"MS","FKBP5",768,"PTPRG",-0.868131868131868,FALSE,NA
"MS","FKBP5",768,"PTPRM",-1.1875,FALSE,NA
"MS","FKBP5",768,"PUM2",0.46551724137931,FALSE,"(0.4,0.5]"
"MS","FKBP5",768,"RAB1A",-0.113475177304965,FALSE,NA
"MS","FKBP5",768,"RABGAP1L",1.41666666666667,FALSE,NA
"MS","FKBP5",768,"RAD51B",-0.054054054054054,FALSE,NA
"MS","FKBP5",768,"RASA1",1.47916666666667,FALSE,NA
"MS","FKBP5",768,"RASSF3",-0.040650406504065,FALSE,NA
"MS","FKBP5",768,"RBMS1",-0.403100775193798,FALSE,NA
"MS","FKBP5",768,"RBPJ",-0.128205128205128,FALSE,NA
"MS","FKBP5",768,"RERE",5,FALSE,NA
"MS","FKBP5",768,"REV3L",-0.282828282828283,FALSE,NA
"MS","FKBP5",768,"RFX3",0.5,FALSE,"(0.4,0.5]"
"MS","FKBP5",768,"RGL1",-0.172043010752688,FALSE,NA
"MS","FKBP5",768,"RGS1",2.2280701754386,FALSE,NA
"MS","FKBP5",768,"RICTOR",0.330143540669856,FALSE,"(0.3,0.4]"
"MS","FKBP5",768,"RNF13",0.118402282453638,FALSE,"(0.1,0.2]"
"MS","FKBP5",768,"RNF130",-0.0617283950617284,FALSE,NA
"MS","FKBP5",768,"RNF144B",-0.177631578947368,FALSE,NA
"MS","FKBP5",768,"RNF213",-0.116022099447514,FALSE,NA
"MS","FKBP5",768,"ROCK1",0.195121951219512,FALSE,"(0.1,0.2]"
"MS","FKBP5",768,"RREB1",-0.105263157894737,FALSE,NA
"MS","FKBP5",768,"RSRC1",1.28571428571429,FALSE,NA
"MS","FKBP5",768,"RTN4",2.17857142857143,FALSE,NA
"MS","FKBP5",768,"SAMD4A",-0.123188405797101,FALSE,NA
"MS","FKBP5",768,"SAT1",-2.05217391304348,FALSE,NA
"MS","FKBP5",768,"SBF2",-0.154545454545455,FALSE,NA
"MS","FKBP5",768,"SCAF11",0.1875,FALSE,"(0.1,0.2]"
"MS","FKBP5",768,"SCAPER",-0.333333333333333,FALSE,NA
"MS","FKBP5",768,"SDCBP",-0.102790014684288,FALSE,NA
"MS","FKBP5",768,"SDCCAG8",-0.307692307692308,FALSE,NA
"MS","FKBP5",768,"SEC14L1",-1.75324675324675,FALSE,NA
"MS","FKBP5",768,"SENP6",0.430769230769231,FALSE,"(0.4,0.5]"
"MS","FKBP5",768,"SERPINE1",-0.0666666666666667,FALSE,NA
"MS","FKBP5",768,"SETD2",0.266666666666667,FALSE,"(0.2,0.3]"
"MS","FKBP5",768,"SGK1",0.0663129973474801,FALSE,"[0,0.1]"
"MS","FKBP5",768,"SGK3",0.103896103896104,FALSE,"(0.1,0.2]"
"MS","FKBP5",768,"SGMS1",0.0975609756097561,FALSE,"[0,0.1]"
"MS","FKBP5",768,"SIK3",0.0476190476190476,FALSE,"[0,0.1]"
"MS","FKBP5",768,"SLC16A10",-0.512195121951219,FALSE,NA
"MS","FKBP5",768,"SLC25A13",-0.0512820512820513,FALSE,NA
"MS","FKBP5",768,"SLC2A13",0.363636363636364,FALSE,"(0.3,0.4]"
"MS","FKBP5",768,"SLC44A1",0.26,FALSE,"(0.2,0.3]"
"MS","FKBP5",768,"SLC4A7",18.7333333333334,FALSE,NA
"MS","FKBP5",768,"SMAD2",0.272727272727273,FALSE,"(0.2,0.3]"
"MS","FKBP5",768,"SMAP2",3.70588235294117,FALSE,NA
"MS","FKBP5",768,"SMARCA2",1.66666666666667,FALSE,NA
"MS","FKBP5",768,"SMCHD1",0.00966183574879227,FALSE,"[0,0.1]"
"MS","FKBP5",768,"SMYD3",0.176470588235294,FALSE,"(0.1,0.2]"
"MS","FKBP5",768,"SNCA",0.0188679245283019,FALSE,"[0,0.1]"
"MS","FKBP5",768,"SND1",-17754991170945444,FALSE,NA
"MS","FKBP5",768,"SNX13",0.470588235294118,FALSE,"(0.4,0.5]"
"MS","FKBP5",768,"SNX29",-0.143478260869565,FALSE,NA
"MS","FKBP5",768,"SORT1",-6.28571428571431,FALSE,NA
"MS","FKBP5",768,"SOS1",0.0202020202020202,FALSE,"[0,0.1]"
"MS","FKBP5",768,"SPIDR",-0.547368421052632,FALSE,NA
"MS","FKBP5",768,"SPIRE1",-0.0618955512572534,FALSE,NA
"MS","FKBP5",768,"SPPL3",0.0373831775700935,FALSE,"[0,0.1]"
"MS","FKBP5",768,"SRGAP1",-0.0257234726688103,FALSE,NA
"MS","FKBP5",768,"SRPK2",-0.0782608695652174,FALSE,NA
"MS","FKBP5",768,"SSBP2",0.706896551724138,FALSE,"(0.7,0.8]"
"MS","FKBP5",768,"ST18",0.185430463576159,FALSE,"(0.1,0.2]"
"MS","FKBP5",768,"ST8SIA4",-0.111111111111111,FALSE,NA
"MS","FKBP5",768,"STAG1",0.282608695652174,FALSE,"(0.2,0.3]"
"MS","FKBP5",768,"STARD13",-0.324444444444445,FALSE,NA
"MS","FKBP5",768,"STK3",-0.347826086956522,FALSE,NA
"MS","FKBP5",768,"STX7",0.09375,FALSE,"[0,0.1]"
"MS","FKBP5",768,"SUMF1",0.204301075268817,FALSE,"(0.2,0.3]"
"MS","FKBP5",768,"SUPT3H",1.5,FALSE,NA
"MS","FKBP5",768,"SUSD6",-0.166666666666667,FALSE,NA
"MS","FKBP5",768,"SWAP70",-0.0285714285714286,FALSE,NA
"MS","FKBP5",768,"TANC2",0.0740072202166065,FALSE,"[0,0.1]"
"MS","FKBP5",768,"TANK",0.142857142857143,FALSE,"(0.1,0.2]"
"MS","FKBP5",768,"TAOK3",-0.25,FALSE,NA
"MS","FKBP5",768,"TBC1D12",0.129032258064516,FALSE,"(0.1,0.2]"
"MS","FKBP5",768,"TBC1D5",0.163636363636364,FALSE,"(0.1,0.2]"
"MS","FKBP5",768,"TCF4",-7.12500000000007,FALSE,NA
"MS","FKBP5",768,"TENT2",0.128571428571429,FALSE,"(0.1,0.2]"
"MS","FKBP5",768,"TET2",0.203389830508475,FALSE,"(0.2,0.3]"
"MS","FKBP5",768,"TFEC",0.192771084337349,FALSE,"(0.1,0.2]"
"MS","FKBP5",768,"TFRC",-0.677165354330709,FALSE,NA
"MS","FKBP5",768,"THADA",0.666666666666667,FALSE,"(0.6,0.7]"
"MS","FKBP5",768,"TMCC1",0.104651162790698,FALSE,"(0.1,0.2]"
"MS","FKBP5",768,"TMEM117",-0.024390243902439,FALSE,NA
"MS","FKBP5",768,"TMEM65",0.944186046511628,FALSE,"(0.9,1]"
"MS","FKBP5",768,"TMSB4X",0.320079522862823,FALSE,"(0.3,0.4]"
"MS","FKBP5",768,"TNPO1",0.462882096069869,FALSE,"(0.4,0.5]"
"MS","FKBP5",768,"TNRC6B",0.311475409836066,FALSE,"(0.3,0.4]"
"MS","FKBP5",768,"TPK1",1.26666666666667,FALSE,NA
"MS","FKBP5",768,"TPRG1",-0.86868686868687,FALSE,NA
"MS","FKBP5",768,"TREM2",0.111111111111111,FALSE,"(0.1,0.2]"
"MS","FKBP5",768,"TRHDE",0.414634146341463,FALSE,"(0.4,0.5]"
"MS","FKBP5",768,"TRIO",-0.096551724137931,FALSE,NA
"MS","FKBP5",768,"TRIP12",0.25,FALSE,"(0.2,0.3]"
"MS","FKBP5",768,"TRPS1",0.192452830188679,FALSE,"(0.1,0.2]"
"MS","FKBP5",768,"TSHR",768614336404565,FALSE,NA
"MS","FKBP5",768,"TTC17",0.666666666666665,FALSE,"(0.6,0.7]"
"MS","FKBP5",768,"TTC28",0.452830188679245,FALSE,"(0.4,0.5]"
"MS","FKBP5",768,"TTC3",-0.121951219512195,FALSE,NA
"MS","FKBP5",768,"TUT7",0.15,FALSE,"(0.1,0.2]"
"MS","FKBP5",768,"TXNIP",0.387966804979253,FALSE,"(0.3,0.4]"
"MS","FKBP5",768,"TYROBP",-0.0373134328358209,FALSE,NA
"MS","FKBP5",768,"UBE2D3",0.0897435897435898,FALSE,"[0,0.1]"
"MS","FKBP5",768,"UBE2W",-0.153846153846154,FALSE,NA
"MS","FKBP5",768,"UBR5",0.165354330708661,FALSE,"(0.1,0.2]"
"MS","FKBP5",768,"UGCG",-0.203703703703704,FALSE,NA
"MS","FKBP5",768,"USP15",-0.137254901960784,FALSE,NA
"MS","FKBP5",768,"USP34",0.0555555555555556,FALSE,"[0,0.1]"
"MS","FKBP5",768,"UTRN",0.321637426900585,FALSE,"(0.3,0.4]"
"MS","FKBP5",768,"UTY",1.25365853658537,FALSE,NA
"MS","FKBP5",768,"UVRAG",2.6578947368421,FALSE,NA
"MS","FKBP5",768,"VMP1",-0.303703703703704,FALSE,NA
"MS","FKBP5",768,"VOPP1",0.0869565217391304,FALSE,"[0,0.1]"
"MS","FKBP5",768,"VPS13C",0.78391959798995,FALSE,"(0.7,0.8]"
"MS","FKBP5",768,"VPS8",0.0107238605898123,FALSE,"[0,0.1]"
"MS","FKBP5",768,"WASHC4",0.416107382550336,FALSE,"(0.4,0.5]"
"MS","FKBP5",768,"WDFY3",-0.0555555555555556,FALSE,NA
"MS","FKBP5",768,"WDR7",0.333333333333333,FALSE,"(0.3,0.4]"
"MS","FKBP5",768,"WIPF1",0.222222222222222,FALSE,"(0.2,0.3]"
"MS","FKBP5",768,"XPR1",1.75,FALSE,NA
"MS","FKBP5",768,"ZBTB16",0.775757575757576,FALSE,"(0.7,0.8]"
"MS","FKBP5",768,"ZBTB20",0.460869565217391,FALSE,"(0.4,0.5]"
"MS","FKBP5",768,"ZCCHC7",0.454545454545455,FALSE,"(0.4,0.5]"
"MS","FKBP5",768,"ZEB2",0.408450704225352,FALSE,"(0.4,0.5]"
"MS","FKBP5",768,"ZFAND3",-2.4,FALSE,NA
"MS","FKBP5",768,"ZFP36L2",1.73255813953488,FALSE,NA
"MS","FKBP5",768,"ZMYM2",0.338235294117647,FALSE,"(0.3,0.4]"
"MS","FKBP5",768,"ZNF148",0.366197183098591,FALSE,"(0.3,0.4]"
"MS","FKBP5",768,"ZNF292",-0.105263157894737,FALSE,NA
"MS","FKBP5",768,"ZNF407",0.344262295081967,FALSE,"(0.3,0.4]"
"MS","FKBP5",768,"ZNF644",0.111111111111111,FALSE,"(0.1,0.2]"
"MS","FKBP5",768,"ZNF804A",-0.0126903553299492,FALSE,NA
"MS","MAN2A1",768,"AAK1",-1.09090909090909,FALSE,NA
"MS","MAN2A1",768,"ABCA1",-0.108504398826979,FALSE,NA
"MS","MAN2A1",768,"ACAP2",-0.511111111111111,FALSE,NA
"MS","MAN2A1",768,"ACTB",0.0909090909090909,FALSE,"[0,0.1]"
"MS","MAN2A1",768,"ACYP2",-0.210526315789474,FALSE,NA
"MS","MAN2A1",768,"ADGRB3",1.15833333333333,FALSE,NA
"MS","MAN2A1",768,"AFF1",0.522522522522523,FALSE,"(0.5,0.6]"
"MS","MAN2A1",768,"AKAP13",1.88571428571428,FALSE,NA
"MS","MAN2A1",768,"AKT3",0.97972972972973,FALSE,"(0.9,1]"
"MS","MAN2A1",768,"AL035446.2",-1.27941176470588,FALSE,NA
"MS","MAN2A1",768,"ANKRD12",-0.03125,FALSE,NA
"MS","MAN2A1",768,"ANKRD17",-4.49999999999999,FALSE,NA
"MS","MAN2A1",768,"APBA1",-0.480769230769231,FALSE,NA
"MS","MAN2A1",768,"APOE",0.163027656477438,FALSE,"(0.1,0.2]"
"MS","MAN2A1",768,"ARHGAP15",0.506550218340612,FALSE,"(0.5,0.6]"
"MS","MAN2A1",768,"ARHGAP18",0.292452830188679,FALSE,"(0.2,0.3]"
"MS","MAN2A1",768,"ARHGAP21",0.539325842696629,FALSE,"(0.5,0.6]"
"MS","MAN2A1",768,"ARHGAP24",0.128755364806867,FALSE,"(0.1,0.2]"
"MS","MAN2A1",768,"ARID1B",0.0416666666666667,FALSE,"[0,0.1]"
"MS","MAN2A1",768,"ARID4B",0.555555555555555,FALSE,"(0.5,0.6]"
"MS","MAN2A1",768,"ARIH1",1.16666666666667,FALSE,NA
"MS","MAN2A1",768,"ARL15",0.0714285714285714,FALSE,"[0,0.1]"
"MS","MAN2A1",768,"ASAH1",0.220547945205479,FALSE,"(0.2,0.3]"
"MS","MAN2A1",768,"ASAP1",-8.37931034482757,FALSE,NA
"MS","MAN2A1",768,"ASTN2",-0.759433962264151,FALSE,NA
"MS","MAN2A1",768,"ATF6",1.80357142857143,FALSE,NA
"MS","MAN2A1",768,"ATF7IP",0.337349397590361,FALSE,"(0.3,0.4]"
"MS","MAN2A1",768,"ATG7",-0.586118251928021,FALSE,NA
"MS","MAN2A1",768,"ATM",0.444444444444444,FALSE,"(0.4,0.5]"
"MS","MAN2A1",768,"ATP1B3",1.50282485875706,FALSE,NA
"MS","MAN2A1",768,"ATXN1",0.310344827586207,FALSE,"(0.3,0.4]"
"MS","MAN2A1",768,"B2M",0.166158536585366,FALSE,"(0.1,0.2]"
"MS","MAN2A1",768,"BASP1",13.5,FALSE,NA
"MS","MAN2A1",768,"BAZ2B",0.308571428571428,FALSE,"(0.3,0.4]"
"MS","MAN2A1",768,"BBS9",-0.333333333333333,FALSE,NA
"MS","MAN2A1",768,"BBX",0.303571428571428,FALSE,"(0.3,0.4]"
"MS","MAN2A1",768,"BCAS3",0.133333333333333,FALSE,"(0.1,0.2]"
"MS","MAN2A1",768,"BIRC6",-0.0545454545454545,FALSE,NA
"MS","MAN2A1",768,"BMP2K",-4.20000000000001,FALSE,NA
"MS","MAN2A1",768,"BMPR2",0.0384615384615385,FALSE,"[0,0.1]"
"MS","MAN2A1",768,"BNC2",-0.415730337078652,FALSE,NA
"MS","MAN2A1",768,"BRWD1",0.333333333333333,FALSE,"(0.3,0.4]"
"MS","MAN2A1",768,"BTBD9",-2.50000000000001,FALSE,NA
"MS","MAN2A1",768,"C1QA",0.0735294117647059,FALSE,"[0,0.1]"
"MS","MAN2A1",768,"C1QB",0.180327868852459,FALSE,"(0.1,0.2]"
"MS","MAN2A1",768,"C20orf194",-0.453216374269006,FALSE,NA
"MS","MAN2A1",768,"CADM1",0.00573065902578797,FALSE,"[0,0.1]"
"MS","MAN2A1",768,"CCDC91",0.223880597014925,FALSE,"(0.2,0.3]"
"MS","MAN2A1",768,"CCND3",0.467948717948718,FALSE,"(0.4,0.5]"
"MS","MAN2A1",768,"CCNH",1.37113402061856,FALSE,NA
"MS","MAN2A1",768,"CD163",0.170923379174853,FALSE,"(0.1,0.2]"
"MS","MAN2A1",768,"CD74",0.450892857142857,FALSE,"(0.4,0.5]"
"MS","MAN2A1",768,"CD86",1.02,FALSE,NA
"MS","MAN2A1",768,"CDK14",-0.143576826196474,FALSE,NA
"MS","MAN2A1",768,"CELF1",-0.542857142857143,FALSE,NA
"MS","MAN2A1",768,"CEP170",-0.266666666666667,FALSE,NA
"MS","MAN2A1",768,"CERT1",-0.311688311688312,FALSE,NA
"MS","MAN2A1",768,"CFLAR",0.263157894736842,FALSE,"(0.2,0.3]"
"MS","MAN2A1",768,"CHD1",2.06547619047619,FALSE,NA
"MS","MAN2A1",768,"CHSY3",-14.6666666666667,FALSE,NA
"MS","MAN2A1",768,"CLASP1",0.0652173913043478,FALSE,"[0,0.1]"
"MS","MAN2A1",768,"CLASP2",0.166666666666667,FALSE,"(0.1,0.2]"
"MS","MAN2A1",768,"CNOT2",0.03125,FALSE,"[0,0.1]"
"MS","MAN2A1",768,"COP1",0.117647058823529,FALSE,"(0.1,0.2]"
"MS","MAN2A1",768,"CPEB4",-0.39080459770115,FALSE,NA
"MS","MAN2A1",768,"CPM",-0.154545454545455,FALSE,NA
"MS","MAN2A1",768,"CPQ",1.11340206185567,FALSE,NA
"MS","MAN2A1",768,"CPVL",1.08791208791209,FALSE,NA
"MS","MAN2A1",768,"CR1",0.208211143695015,FALSE,"(0.2,0.3]"
"MS","MAN2A1",768,"CTNNB1",0.459459459459459,FALSE,"(0.4,0.5]"
"MS","MAN2A1",768,"CTSD",-0.0268456375838926,FALSE,NA
"MS","MAN2A1",768,"CYTH1",0.316666666666667,FALSE,"(0.3,0.4]"
"MS","MAN2A1",768,"DDX17",0.4,FALSE,"(0.3,0.4]"
"MS","MAN2A1",768,"DDX5",16.4999999999997,FALSE,NA
"MS","MAN2A1",768,"DENND1A",-0.0405405405405405,FALSE,NA
"MS","MAN2A1",768,"DENND4C",-0.579081632653061,FALSE,NA
"MS","MAN2A1",768,"DIRC3",-0.230434782608696,FALSE,NA
"MS","MAN2A1",768,"DLEU2",0.76923076923077,FALSE,"(0.7,0.8]"
"MS","MAN2A1",768,"DLG1",-0.944444444444444,FALSE,NA
"MS","MAN2A1",768,"DLG2",0.345864661654135,FALSE,"(0.3,0.4]"
"MS","MAN2A1",768,"DMXL2",-0.0697247706422018,FALSE,NA
"MS","MAN2A1",768,"DOCK5",0.897058823529411,FALSE,"(0.8,0.9]"
"MS","MAN2A1",768,"DPYD",-0.0377358490566037,FALSE,NA
"MS","MAN2A1",768,"DST",-0.139130434782609,FALSE,NA
"MS","MAN2A1",768,"DYRK1A",-0.166666666666667,FALSE,NA
"MS","MAN2A1",768,"EDA",-0.145,FALSE,NA
"MS","MAN2A1",768,"EEF1A1",0.280780780780781,FALSE,"(0.2,0.3]"
"MS","MAN2A1",768,"ELF1",0.351351351351351,FALSE,"(0.3,0.4]"
"MS","MAN2A1",768,"ELF2",1.96428571428572,FALSE,NA
"MS","MAN2A1",768,"EPS15",0.0335570469798658,FALSE,"[0,0.1]"
"MS","MAN2A1",768,"EPSTI1",-0.323717948717949,FALSE,NA
"MS","MAN2A1",768,"ERBIN",-0.114427860696517,FALSE,NA
"MS","MAN2A1",768,"ERC1",-0.242424242424242,FALSE,NA
"MS","MAN2A1",768,"EVI5",-0.333333333333333,FALSE,NA
"MS","MAN2A1",768,"EXOC6B",-1.1875,FALSE,NA
"MS","MAN2A1",768,"F13A1",-0.00478468899521531,FALSE,NA
"MS","MAN2A1",768,"FAM135A",0.333333333333333,FALSE,"(0.3,0.4]"
"MS","MAN2A1",768,"FAM135B",-0.38235294117647,FALSE,NA
"MS","MAN2A1",768,"FAM13A",0.744,FALSE,"(0.7,0.8]"
"MS","MAN2A1",768,"FAM49A",2.71165644171779,FALSE,NA
"MS","MAN2A1",768,"FARP1",-1.81034482758621,FALSE,NA
"MS","MAN2A1",768,"FBXL17",-0.0588235294117647,FALSE,NA
"MS","MAN2A1",768,"FBXO11",0.142857142857143,FALSE,"(0.1,0.2]"
"MS","MAN2A1",768,"FCHO2",0.140921409214092,FALSE,"(0.1,0.2]"
"MS","MAN2A1",768,"FER",-0.305343511450382,FALSE,NA
"MS","MAN2A1",768,"FHIT",-0.5,FALSE,NA
"MS","MAN2A1",768,"FMN1",-0.323108384458078,FALSE,NA
"MS","MAN2A1",768,"FNDC3A",1.73228346456693,FALSE,NA
"MS","MAN2A1",768,"FNIP1",-0.137931034482759,FALSE,NA
"MS","MAN2A1",768,"FNIP2",-0.685131195335277,FALSE,NA
"MS","MAN2A1",768,"FOXO3",0.225531914893617,FALSE,"(0.2,0.3]"
"MS","MAN2A1",768,"FOXP1",0.402116402116402,FALSE,"(0.4,0.5]"
"MS","MAN2A1",768,"FRYL",0.166666666666667,FALSE,"(0.1,0.2]"
"MS","MAN2A1",768,"FTH1",0.690773067331671,FALSE,"(0.6,0.7]"
"MS","MAN2A1",768,"FTL",-0.0649867374005305,FALSE,NA
"MS","MAN2A1",768,"FTX",0.139473684210526,FALSE,"(0.1,0.2]"
"MS","MAN2A1",768,"GAB1",0.185643564356436,FALSE,"(0.1,0.2]"
"MS","MAN2A1",768,"GALNTL6",-0.128975265017668,FALSE,NA
"MS","MAN2A1",768,"GK",0.999999999999999,FALSE,"(0.9,1]"
"MS","MAN2A1",768,"GLS",0.180722891566265,FALSE,"(0.1,0.2]"
"MS","MAN2A1",768,"GNA13",4.57647058823532,FALSE,NA
"MS","MAN2A1",768,"GNB4",-0.301587301587302,FALSE,NA
"MS","MAN2A1",768,"GOLGA4",1.125,FALSE,NA
"MS","MAN2A1",768,"GPD2",0.0151515151515152,FALSE,"[0,0.1]"
"MS","MAN2A1",768,"GPNMB",-0.495590828924162,FALSE,NA
"MS","MAN2A1",768,"GPRIN3",0.521739130434782,FALSE,"(0.5,0.6]"
"MS","MAN2A1",768,"GRAMD1B",-0.307692307692308,FALSE,NA
"MS","MAN2A1",768,"GRK3",0.0714285714285715,FALSE,"[0,0.1]"
"MS","MAN2A1",768,"GSAP",0.176691729323308,FALSE,"(0.1,0.2]"
"MS","MAN2A1",768,"GSK3B",-0.307692307692308,FALSE,NA
"MS","MAN2A1",768,"GTDC1",0.0909090909090909,FALSE,"[0,0.1]"
"MS","MAN2A1",768,"H2AFY",-0.901515151515151,FALSE,NA
"MS","MAN2A1",768,"HELZ",-0.357142857142857,FALSE,NA
"MS","MAN2A1",768,"HERC1",-0.0394736842105263,FALSE,NA
"MS","MAN2A1",768,"HERC4",0.242857142857143,FALSE,"(0.2,0.3]"
"MS","MAN2A1",768,"HIF1A",8.6,FALSE,NA
"MS","MAN2A1",768,"HLA-DRA",0.366425992779783,FALSE,"(0.3,0.4]"
"MS","MAN2A1",768,"HLA-DRB1",0.338912133891213,FALSE,"(0.3,0.4]"
"MS","MAN2A1",768,"HNRNPA2B1",0.167785234899329,FALSE,"(0.1,0.2]"
"MS","MAN2A1",768,"HNRNPU",0.340579710144927,FALSE,"(0.3,0.4]"
"MS","MAN2A1",768,"HSP90AA1",0.114285714285714,FALSE,"(0.1,0.2]"
"MS","MAN2A1",768,"IFI44L",-0.608076009501187,FALSE,NA
"MS","MAN2A1",768,"IGF1R",-0.27536231884058,FALSE,NA
"MS","MAN2A1",768,"IL10RA",0.748387096774193,FALSE,"(0.7,0.8]"
"MS","MAN2A1",768,"IMMP2L",-0.125,FALSE,NA
"MS","MAN2A1",768,"IQCJ-SCHIP1",-0.679245283018868,FALSE,NA
"MS","MAN2A1",768,"IQGAP2",0.0663157894736842,FALSE,"[0,0.1]"
"MS","MAN2A1",768,"IRS2",1.66976744186047,FALSE,NA
"MS","MAN2A1",768,"ITGAX",-0.206896551724138,FALSE,NA
"MS","MAN2A1",768,"ITM2B",0.515625000000001,FALSE,"(0.5,0.6]"
"MS","MAN2A1",768,"JAK1",0.210365853658537,FALSE,"(0.2,0.3]"
"MS","MAN2A1",768,"JARID2",0.554347826086956,FALSE,"(0.5,0.6]"
"MS","MAN2A1",768,"JMJD1C",-0.168674698795181,FALSE,NA
"MS","MAN2A1",768,"KAT6A",-0.0476190476190476,FALSE,NA
"MS","MAN2A1",768,"KCTD12",-0.0952380952380953,FALSE,NA
"MS","MAN2A1",768,"KDM6A",-0.3,FALSE,NA
"MS","MAN2A1",768,"KIF16B",0.238805970149254,FALSE,"(0.2,0.3]"
"MS","MAN2A1",768,"KLHL6",-0.0871459694989107,FALSE,NA
"MS","MAN2A1",768,"KMT2E",0.422535211267606,FALSE,"(0.4,0.5]"
"MS","MAN2A1",768,"KYNU",0.972318339100346,FALSE,"(0.9,1]"
"MS","MAN2A1",768,"L3MBTL4",0.673076923076923,FALSE,"(0.6,0.7]"
"MS","MAN2A1",768,"LAPTM5",1.84615384615385,FALSE,NA
"MS","MAN2A1",768,"LCORL",0.5,FALSE,"(0.4,0.5]"
"MS","MAN2A1",768,"LINC00278",0.416161616161616,FALSE,"(0.4,0.5]"
"MS","MAN2A1",768,"LINC01091",3.54545454545454,FALSE,NA
"MS","MAN2A1",768,"LPP",-2.93548387096775,FALSE,NA
"MS","MAN2A1",768,"LRBA",0.170731707317073,FALSE,"(0.1,0.2]"
"MS","MAN2A1",768,"LRCH1",-9.23076923076924,FALSE,NA
"MS","MAN2A1",768,"LRRC4C",0.264957264957265,FALSE,"(0.2,0.3]"
"MS","MAN2A1",768,"LRRK2",0.5451197053407,FALSE,"(0.5,0.6]"
"MS","MAN2A1",768,"LYST",-0.818791946308725,FALSE,NA
"MS","MAN2A1",768,"MAF",-0.107142857142857,FALSE,NA
"MS","MAN2A1",768,"MAML2",-1.07142857142857,FALSE,NA
"MS","MAN2A1",768,"MAN1A1",0.037122969837587,FALSE,"[0,0.1]"
"MS","MAN2A1",768,"MANBA",0.483050847457627,FALSE,"(0.4,0.5]"
"MS","MAN2A1",768,"MAP3K2",0.0616438356164383,FALSE,"[0,0.1]"
"MS","MAN2A1",768,"MAP4K3",0.160493827160494,FALSE,"(0.1,0.2]"
"MS","MAN2A1",768,"MAPKAP1",-0.519379844961241,FALSE,NA
"MS","MAN2A1",768,"MARK3",-5.66666666666671,FALSE,NA
"MS","MAN2A1",768,"MBNL1",0.315217391304348,FALSE,"(0.3,0.4]"
"MS","MAN2A1",768,"MBNL2",0.773809523809524,FALSE,"(0.7,0.8]"
"MS","MAN2A1",768,"MERTK",0.263157894736842,FALSE,"(0.2,0.3]"
"MS","MAN2A1",768,"MGAT5",-1.81927710843373,FALSE,NA
"MS","MAN2A1",768,"MIR181A1HG",2.32456140350877,FALSE,NA
"MS","MAN2A1",768,"MITF",-0.643037974683544,FALSE,NA
"MS","MAN2A1",768,"MKLN1",1.50704225352113,FALSE,NA
"MS","MAN2A1",768,"MLLT10",-0.684210526315789,FALSE,NA
"MS","MAN2A1",768,"MS4A4A",0.175043327556326,FALSE,"(0.1,0.2]"
"MS","MAN2A1",768,"MS4A6A",-0.129568106312292,FALSE,NA
"MS","MAN2A1",768,"MSR1",0.608695652173913,FALSE,"(0.6,0.7]"
"MS","MAN2A1",768,"MTSS1",-7.83333333333332,FALSE,NA
"MS","MAN2A1",768,"MVB12B",112.999999999999,FALSE,NA
"MS","MAN2A1",768,"MYO1D",-0.347826086956522,FALSE,NA
"MS","MAN2A1",768,"MYO5A",-0.274509803921569,FALSE,NA
"MS","MAN2A1",768,"N4BP2L2",0.113725490196078,FALSE,"(0.1,0.2]"
"MS","MAN2A1",768,"NAALADL2",0.284403669724771,FALSE,"(0.2,0.3]"
"MS","MAN2A1",768,"NAMPT",5.63888888888887,FALSE,NA
"MS","MAN2A1",768,"NBEA",-0.0857142857142858,FALSE,NA
"MS","MAN2A1",768,"NCOA2",0.121621621621622,FALSE,"(0.1,0.2]"
"MS","MAN2A1",768,"NCOA3",-0.296296296296297,FALSE,NA
"MS","MAN2A1",768,"NEAT1",1.91935483870967,FALSE,NA
"MS","MAN2A1",768,"NEK7",0.33,FALSE,"(0.3,0.4]"
"MS","MAN2A1",768,"NF1",-0.555555555555555,FALSE,NA
"MS","MAN2A1",768,"NFAT5",-0.132075471698113,FALSE,NA
"MS","MAN2A1",768,"NFIA",0.637254901960784,FALSE,"(0.6,0.7]"
"MS","MAN2A1",768,"NFKB1",0.125,FALSE,"(0.1,0.2]"
"MS","MAN2A1",768,"NHSL1",0.0324858757062147,FALSE,"[0,0.1]"
"MS","MAN2A1",768,"NIPBL",0.200704225352113,FALSE,"(0.2,0.3]"
"MS","MAN2A1",768,"NLK",-2.33333333333333,FALSE,NA
"MS","MAN2A1",768,"NPAS3",-0.0553935860058309,FALSE,NA
"MS","MAN2A1",768,"NPL",-1.54330708661417,FALSE,NA
"MS","MAN2A1",768,"NR3C1",-0.160804020100503,FALSE,NA
"MS","MAN2A1",768,"NSMCE2",-1.1304347826087,FALSE,NA
"MS","MAN2A1",768,"OSBPL1A",0.0892857142857143,FALSE,"[0,0.1]"
"MS","MAN2A1",768,"OSBPL3",0.015625,FALSE,"[0,0.1]"
"MS","MAN2A1",768,"OSBPL8",0.00689655172413793,FALSE,"[0,0.1]"
"MS","MAN2A1",768,"PABPC1",0.203703703703704,FALSE,"(0.2,0.3]"
"MS","MAN2A1",768,"PACS1",-0.111111111111111,FALSE,NA
"MS","MAN2A1",768,"PAN3",0.212121212121212,FALSE,"(0.2,0.3]"
"MS","MAN2A1",768,"PARP14",-0.329931972789116,FALSE,NA
"MS","MAN2A1",768,"PARP8",0.217391304347826,FALSE,"(0.2,0.3]"
"MS","MAN2A1",768,"PBX3",0.11913357400722,FALSE,"(0.1,0.2]"
"MS","MAN2A1",768,"PCDH9",0.0851063829787234,FALSE,"[0,0.1]"
"MS","MAN2A1",768,"PCM1",0.308823529411765,FALSE,"(0.3,0.4]"
"MS","MAN2A1",768,"PDE3B",0.366197183098592,FALSE,"(0.3,0.4]"
"MS","MAN2A1",768,"PDE4B",-0.0261248185776488,FALSE,NA
"MS","MAN2A1",768,"PDE4D",0.0431818181818182,FALSE,"[0,0.1]"
"MS","MAN2A1",768,"PDE8A",0.617283950617284,FALSE,"(0.6,0.7]"
"MS","MAN2A1",768,"PDGFC",-0.118055555555556,FALSE,NA
"MS","MAN2A1",768,"PDS5B",0.742857142857143,FALSE,"(0.7,0.8]"
"MS","MAN2A1",768,"PEAK1",0.0332409972299169,FALSE,"[0,0.1]"
"MS","MAN2A1",768,"PECAM1",-0.184466019417476,FALSE,NA
"MS","MAN2A1",768,"PELI1",0.705179282868526,FALSE,"(0.7,0.8]"
"MS","MAN2A1",768,"PELI2",0.558620689655172,FALSE,"(0.5,0.6]"
"MS","MAN2A1",768,"PHC3",0.375,FALSE,"(0.3,0.4]"
"MS","MAN2A1",768,"PHF21A",3.50000000000001,FALSE,NA
"MS","MAN2A1",768,"PHIP",0.141176470588235,FALSE,"(0.1,0.2]"
"MS","MAN2A1",768,"PIAS1",0.209302325581395,FALSE,"(0.2,0.3]"
"MS","MAN2A1",768,"PIK3R1",0.25,FALSE,"(0.2,0.3]"
"MS","MAN2A1",768,"PIK3R5",-2.9375,FALSE,NA
"MS","MAN2A1",768,"PLCL1",0.0236486486486486,FALSE,"[0,0.1]"
"MS","MAN2A1",768,"PLSCR1",1.3411214953271,FALSE,NA
"MS","MAN2A1",768,"PNISR",0.411764705882353,FALSE,"(0.4,0.5]"
"MS","MAN2A1",768,"POU2F1",0.0638297872340425,FALSE,"[0,0.1]"
"MS","MAN2A1",768,"PPM1L",-0.133333333333333,FALSE,NA
"MS","MAN2A1",768,"PPP2R5C",1.03409090909091,FALSE,NA
"MS","MAN2A1",768,"PPP3CA",0.212121212121212,FALSE,"(0.2,0.3]"
"MS","MAN2A1",768,"PPP6R3",-0.387096774193548,FALSE,NA
"MS","MAN2A1",768,"PRKAG2",40.4999999999999,FALSE,NA
"MS","MAN2A1",768,"PRKCE",-0.157407407407407,FALSE,NA
"MS","MAN2A1",768,"PRKCH",2,FALSE,NA
"MS","MAN2A1",768,"PRKN",0.663366336633663,FALSE,"(0.6,0.7]"
"MS","MAN2A1",768,"PSAP",-0.0233393177737882,FALSE,NA
"MS","MAN2A1",768,"PSMA1",0.391304347826087,FALSE,"(0.3,0.4]"
"MS","MAN2A1",768,"PTBP3",0.0670391061452514,FALSE,"[0,0.1]"
"MS","MAN2A1",768,"PTEN",0.583333333333333,FALSE,"(0.5,0.6]"
"MS","MAN2A1",768,"PTPRC",8.33333333333333,FALSE,NA
"MS","MAN2A1",768,"PTPRG",-0.846153846153846,FALSE,NA
"MS","MAN2A1",768,"PTPRM",-0.8875,FALSE,NA
"MS","MAN2A1",768,"PUM2",0.327586206896552,FALSE,"(0.3,0.4]"
"MS","MAN2A1",768,"RAB1A",-0.0354609929078014,FALSE,NA
"MS","MAN2A1",768,"RABGAP1L",-0.666666666666666,FALSE,NA
"MS","MAN2A1",768,"RAD51B",-0.405405405405405,FALSE,NA
"MS","MAN2A1",768,"RASA1",-0.479166666666667,FALSE,NA
"MS","MAN2A1",768,"RASSF3",-0.170731707317073,FALSE,NA
"MS","MAN2A1",768,"RBMS1",-0.37984496124031,FALSE,NA
"MS","MAN2A1",768,"RBPJ",-0.205128205128205,FALSE,NA
"MS","MAN2A1",768,"RERE",1,FALSE,"(0.9,1]"
"MS","MAN2A1",768,"REV3L",1.21212121212121,FALSE,NA
"MS","MAN2A1",768,"RFX3",1.63333333333333,FALSE,NA
"MS","MAN2A1",768,"RGL1",-0.344086021505376,FALSE,NA
"MS","MAN2A1",768,"RGS1",4.15789473684211,FALSE,NA
"MS","MAN2A1",768,"RICTOR",0.129186602870813,FALSE,"(0.1,0.2]"
"MS","MAN2A1",768,"RNF13",-0.0199714693295292,FALSE,NA
"MS","MAN2A1",768,"RNF130",-0.135802469135802,FALSE,NA
"MS","MAN2A1",768,"RNF144B",0.805921052631579,FALSE,"(0.8,0.9]"
"MS","MAN2A1",768,"RNF213",-0.281767955801105,FALSE,NA
"MS","MAN2A1",768,"ROCK1",-0.146341463414634,FALSE,NA
"MS","MAN2A1",768,"RREB1",0.368421052631579,FALSE,"(0.3,0.4]"
"MS","MAN2A1",768,"RSRC1",0.428571428571429,FALSE,"(0.4,0.5]"
"MS","MAN2A1",768,"RTN4",-3.53571428571429,FALSE,NA
"MS","MAN2A1",768,"SAMD4A",-1.19565217391304,FALSE,NA
"MS","MAN2A1",768,"SAT1",3.45217391304348,FALSE,NA
"MS","MAN2A1",768,"SBF2",0.336363636363636,FALSE,"(0.3,0.4]"
"MS","MAN2A1",768,"SCAF11",-0.1875,FALSE,NA
"MS","MAN2A1",768,"SDCBP",0.281938325991189,FALSE,"(0.2,0.3]"
"MS","MAN2A1",768,"SDCCAG8",-1,FALSE,NA
"MS","MAN2A1",768,"SEC14L1",3.79220779220779,FALSE,NA
"MS","MAN2A1",768,"SENP6",0.0153846153846154,FALSE,"[0,0.1]"
"MS","MAN2A1",768,"SERPINE1",-0.0333333333333333,FALSE,NA
"MS","MAN2A1",768,"SETD2",-0.466666666666667,FALSE,NA
"MS","MAN2A1",768,"SGK1",0.0954907161803714,FALSE,"[0,0.1]"
"MS","MAN2A1",768,"SGK3",-0.012987012987013,FALSE,NA
"MS","MAN2A1",768,"SGMS1",-0.0731707317073171,FALSE,NA
"MS","MAN2A1",768,"SIK3",0.0408163265306122,FALSE,"[0,0.1]"
"MS","MAN2A1",768,"SLC16A10",1.26829268292683,FALSE,NA
"MS","MAN2A1",768,"SLC25A13",-0.282051282051282,FALSE,NA
"MS","MAN2A1",768,"SLC2A13",0.272727272727273,FALSE,"(0.2,0.3]"
"MS","MAN2A1",768,"SLC44A1",0.14,FALSE,"(0.1,0.2]"
"MS","MAN2A1",768,"SLC4A7",10.0666666666667,FALSE,NA
"MS","MAN2A1",768,"SMAD2",-0.25974025974026,FALSE,NA
"MS","MAN2A1",768,"SMAP2",2.50980392156862,FALSE,NA
"MS","MAN2A1",768,"SMARCA2",1.16666666666667,FALSE,NA
"MS","MAN2A1",768,"SMCHD1",0.623188405797101,FALSE,"(0.6,0.7]"
"MS","MAN2A1",768,"SMYD3",-0.38235294117647,FALSE,NA
"MS","MAN2A1",768,"SNCA",0.0471698113207547,FALSE,"[0,0.1]"
"MS","MAN2A1",768,"SND1",-34818229439126776,FALSE,NA
"MS","MAN2A1",768,"SNX13",0.0941176470588235,FALSE,"[0,0.1]"
"MS","MAN2A1",768,"SNX29",-0.434782608695652,FALSE,NA
"MS","MAN2A1",768,"SORT1",14,FALSE,NA
"MS","MAN2A1",768,"SOS1",0.0202020202020202,FALSE,"[0,0.1]"
"MS","MAN2A1",768,"SPIDR",1.30526315789474,FALSE,NA
"MS","MAN2A1",768,"SPIRE1",-0.396518375241779,FALSE,NA
"MS","MAN2A1",768,"SPPL3",0.0560747663551402,FALSE,"[0,0.1]"
"MS","MAN2A1",768,"SRGAP1",0.765273311897106,FALSE,"(0.7,0.8]"
"MS","MAN2A1",768,"SRPK2",-0.278260869565217,FALSE,NA
"MS","MAN2A1",768,"SSBP2",0.431034482758621,FALSE,"(0.4,0.5]"
"MS","MAN2A1",768,"ST18",0.344370860927152,FALSE,"(0.3,0.4]"
"MS","MAN2A1",768,"ST8SIA4",0.222222222222222,FALSE,"(0.2,0.3]"
"MS","MAN2A1",768,"STAG1",-0.173913043478261,FALSE,NA
"MS","MAN2A1",768,"STARD13",-0.424444444444445,FALSE,NA
"MS","MAN2A1",768,"STK3",-0.347826086956522,FALSE,NA
"MS","MAN2A1",768,"STX7",-0.08125,FALSE,NA
"MS","MAN2A1",768,"SUMF1",0.193548387096774,FALSE,"(0.1,0.2]"
"MS","MAN2A1",768,"SUPT3H",-0.35,FALSE,NA
"MS","MAN2A1",768,"SUSD6",0.333333333333333,FALSE,"(0.3,0.4]"
"MS","MAN2A1",768,"SWAP70",0.133333333333333,FALSE,"(0.1,0.2]"
"MS","MAN2A1",768,"TANC2",-0.0397111913357401,FALSE,NA
"MS","MAN2A1",768,"TANK",0.19047619047619,FALSE,"(0.1,0.2]"
"MS","MAN2A1",768,"TAOK3",-0.25,FALSE,NA
"MS","MAN2A1",768,"TBC1D12",-0.419354838709677,FALSE,NA
"MS","MAN2A1",768,"TBC1D5",-0.327272727272727,FALSE,NA
"MS","MAN2A1",768,"TCF4",60.8750000000006,FALSE,NA
"MS","MAN2A1",768,"TENT2",-0.0857142857142857,FALSE,NA
"MS","MAN2A1",768,"TET2",1.32203389830508,FALSE,NA
"MS","MAN2A1",768,"TFEC",-0.0506024096385542,FALSE,NA
"MS","MAN2A1",768,"TFRC",1.28346456692913,FALSE,NA
"MS","MAN2A1",768,"THADA",0.666666666666667,FALSE,"(0.6,0.7]"
"MS","MAN2A1",768,"TMCC1",-0.232558139534884,FALSE,NA
"MS","MAN2A1",768,"TMEM117",-0.195121951219512,FALSE,NA
"MS","MAN2A1",768,"TMEM65",0.218604651162791,FALSE,"(0.2,0.3]"
"MS","MAN2A1",768,"TMSB4X",-0.0119284294234592,FALSE,NA
"MS","MAN2A1",768,"TNPO1",0.157205240174672,FALSE,"(0.1,0.2]"
"MS","MAN2A1",768,"TNRC6B",0.245901639344262,FALSE,"(0.2,0.3]"
"MS","MAN2A1",768,"TPK1",0.2,FALSE,"(0.1,0.2]"
"MS","MAN2A1",768,"TPRG1",-2.21212121212122,FALSE,NA
"MS","MAN2A1",768,"TREM2",-0.142857142857143,FALSE,NA
"MS","MAN2A1",768,"TRHDE",-1.48780487804878,FALSE,NA
"MS","MAN2A1",768,"TRIO",-0.317241379310345,FALSE,NA
"MS","MAN2A1",768,"TRPS1",0.128301886792453,FALSE,"(0.1,0.2]"
"MS","MAN2A1",768,"TSHR",-1152921504606847,FALSE,NA
"MS","MAN2A1",768,"TTC17",-4.66666666666666,FALSE,NA
"MS","MAN2A1",768,"TTC28",0.207547169811321,FALSE,"(0.2,0.3]"
"MS","MAN2A1",768,"TTC3",-0.292682926829268,FALSE,NA
"MS","MAN2A1",768,"TXNIP",0.261410788381743,FALSE,"(0.2,0.3]"
"MS","MAN2A1",768,"TYROBP",0.253731343283582,FALSE,"(0.2,0.3]"
"MS","MAN2A1",768,"UBE2D3",0.256410256410256,FALSE,"(0.2,0.3]"
"MS","MAN2A1",768,"UBE2W",0.307692307692308,FALSE,"(0.3,0.4]"
"MS","MAN2A1",768,"UBR5",0.110236220472441,FALSE,"(0.1,0.2]"
"MS","MAN2A1",768,"UGCG",-0.228395061728395,FALSE,NA
"MS","MAN2A1",768,"USP15",0.666666666666667,FALSE,"(0.6,0.7]"
"MS","MAN2A1",768,"USP34",0.0555555555555556,FALSE,"[0,0.1]"
"MS","MAN2A1",768,"UTRN",0.204678362573099,FALSE,"(0.2,0.3]"
"MS","MAN2A1",768,"UTY",1.50243902439024,FALSE,NA
"MS","MAN2A1",768,"UVRAG",-1.44736842105263,FALSE,NA
"MS","MAN2A1",768,"VMP1",0.637037037037037,FALSE,"(0.6,0.7]"
"MS","MAN2A1",768,"VOPP1",-0.304347826086957,FALSE,NA
"MS","MAN2A1",768,"VPS13C",0.28643216080402,FALSE,"(0.2,0.3]"
"MS","MAN2A1",768,"VPS8",-0.198391420911528,FALSE,NA
"MS","MAN2A1",768,"WASHC4",0.197986577181208,FALSE,"(0.1,0.2]"
"MS","MAN2A1",768,"WDFY3",0.222222222222222,FALSE,"(0.2,0.3]"
"MS","MAN2A1",768,"WDR7",-1,FALSE,NA
"MS","MAN2A1",768,"WIPF1",0.305555555555556,FALSE,"(0.3,0.4]"
"MS","MAN2A1",768,"WSB1",-1.33333333333333,FALSE,NA
"MS","MAN2A1",768,"XPR1",0.442307692307692,FALSE,"(0.4,0.5]"
"MS","MAN2A1",768,"ZBTB16",0.987878787878788,FALSE,"(0.9,1]"
"MS","MAN2A1",768,"ZBTB20",0.223188405797101,FALSE,"(0.2,0.3]"
"MS","MAN2A1",768,"ZCCHC7",-1,FALSE,NA
"MS","MAN2A1",768,"ZEB2",-1.46478873239437,FALSE,NA
"MS","MAN2A1",768,"ZFAND3",-2.6,FALSE,NA
"MS","MAN2A1",768,"ZFP36L2",2.90697674418604,FALSE,NA
"MS","MAN2A1",768,"ZMYM2",0.485294117647059,FALSE,"(0.4,0.5]"
"MS","MAN2A1",768,"ZNF148",-0.0563380281690141,FALSE,NA
"MS","MAN2A1",768,"ZNF292",0.315789473684211,FALSE,"(0.3,0.4]"
"MS","MAN2A1",768,"ZNF407",-0.540983606557377,FALSE,NA
"MS","MAN2A1",768,"ZNF644",0.277777777777778,FALSE,"(0.2,0.3]"
"MS","MAN2A1",768,"ZNF804A",-0.32994923857868,FALSE,NA
